"id_reserva","codigo_reserva","fecha_reserva","fecha_checkin_programado","fecha_checkout_programado","adultos","ninos","infantes","monto_total_reserva","nombre_propiedad","tipo_propiedad","nombre_ciudad","nombre_pais","nombres","apellidos","email","telefono","nombre_segmento","nombre_motivo","tipo_habitacion","numero_habitacion","nombre_canal","nombre_estado","total_factura","monto_pago","nombre_metodo","total_servicio","nombre_servicio"
652,"RES000652","2025-03-11 10:00:00","2025-04-03","2025-04-08",1,1,0,490.42,"Boutique Manuel Antonio","Boutique","Manuel Antonio","Costa Rica","Jose","Martinez","jose.martinez@mail.com","60002368","Turista","Vacaciones","Sencilla","403","Booking","Completada",490.42,490.42,"Convenio Empresa",44.07,"Estacionamiento"
652,"RES000652","2025-03-11 10:00:00","2025-04-03","2025-04-08",1,1,0,490.42,"Boutique Manuel Antonio","Boutique","Manuel Antonio","Costa Rica","Jose","Martinez","jose.martinez@mail.com","60002368","Turista","Vacaciones","Sencilla","403","Booking","Completada",490.42,490.42,"Convenio Empresa",22.60,"Lavandería"
273,"RES000273","2026-07-04 10:00:00","2026-07-08","2026-07-12",2,0,0,768.40,"Hotel Central San José","Urbano","San José","Costa Rica","Camila","Rivera","camila.rivera@mail.com","60004107","Turista","Vacaciones","Suite","129","Convenio Empresa","Completada",768.40,768.40,"Tarjeta Crédito",76.84,"Traslado"
51,"RES000051","2025-03-13 10:00:00","2025-05-04","2025-05-08",1,0,0,528.84,"Ecohotel Arenal","Ecohotel","La Fortuna","Costa Rica","Elena","Navarro","elena.navarro@mail.com","60002109","Familiar","Visita Familiar","Doble","313","Expedia","Completada",528.84,528.84,"Transferencia",63.28,"Traslado"
839,"RES000839","2026-03-06 10:00:00","2026-04-05","2026-04-11",3,0,0,743.09,"Ecohotel Arenal","Ecohotel","La Fortuna","Costa Rica","Gabriela","Ortiz","gabriela.ortiz@mail.com","60006401","Turista","Vacaciones","Sencilla","310","Walk In","Completada",743.09,743.09,"Efectivo",14.24,"Lavandería"
839,"RES000839","2026-03-06 10:00:00","2026-04-05","2026-04-11",3,0,0,743.09,"Ecohotel Arenal","Ecohotel","La Fortuna","Costa Rica","Gabriela","Ortiz","gabriela.ortiz@mail.com","60006401","Turista","Vacaciones","Sencilla","310","Walk In","Completada",743.09,743.09,"Efectivo",47.46,"Restaurante"
839,"RES000839","2026-03-06 10:00:00","2026-04-05","2026-04-11",3,0,0,743.09,"Ecohotel Arenal","Ecohotel","La Fortuna","Costa Rica","Gabriela","Ortiz","gabriela.ortiz@mail.com","60006401","Turista","Vacaciones","Sencilla","310","Walk In","Completada",743.09,743.09,"Efectivo",206.79,"Spa"
70,"RES000070","2025-03-25 10:00:00","2025-06-04","2025-06-09",1,0,0,600.88,"Resort Pacífico Jacó","Resort","Jacó","Costa Rica","Jorge","Flores","jorge.flores@mail.com","60007030","Turista","Vacaciones","Doble","218","Convenio Empresa","Completada",600.88,600.88,"Transferencia",64.41,"Estacionamiento"
70,"RES000070","2025-03-25 10:00:00","2025-06-04","2025-06-09",1,0,0,600.88,"Resort Pacífico Jacó","Resort","Jacó","Costa Rica","Jorge","Flores","jorge.flores@mail.com","60007030","Turista","Vacaciones","Doble","218","Convenio Empresa","Completada",600.88,600.88,"Transferencia",15.82,"Lavandería"
350,"RES000350","2025-01-14 10:00:00","2025-04-05","2025-04-08",1,0,0,411.60,"Resort Pacífico Jacó","Resort","Jacó","Costa Rica","Jorge","Flores","jorge.flores@mail.com","60001850","Turista","Vacaciones","Sencilla","208","Convenio Empresa","Completada",411.60,411.60,"Tarjeta Débito",94.92,"Tour"
350,"RES000350","2025-01-14 10:00:00","2025-04-05","2025-04-08",1,0,0,411.60,"Resort Pacífico Jacó","Resort","Jacó","Costa Rica","Jorge","Flores","jorge.flores@mail.com","60001850","Turista","Vacaciones","Sencilla","208","Convenio Empresa","Completada",411.60,411.60,"Tarjeta Débito",63.28,"Traslado"
350,"RES000350","2025-01-14 10:00:00","2025-04-05","2025-04-08",1,0,0,411.60,"Resort Pacífico Jacó","Resort","Jacó","Costa Rica","Jorge","Flores","jorge.flores@mail.com","60001850","Turista","Vacaciones","Sencilla","208","Convenio Empresa","Completada",411.60,411.60,"Tarjeta Débito",44.07,"Estacionamiento"
539,"RES000539","2026-01-25 10:00:00","2026-04-25","2026-05-01",3,0,0,968.41,"Ecohotel Arenal","Ecohotel","La Fortuna","Costa Rica","Gabriela","Ortiz","gabriela.ortiz@mail.com","60006401","Turista","Vacaciones","Doble","315","Convenio Empresa","Completada",968.41,968.41,"Efectivo",15.82,"Lavandería"
539,"RES000539","2026-01-25 10:00:00","2026-04-25","2026-05-01",3,0,0,968.41,"Ecohotel Arenal","Ecohotel","La Fortuna","Costa Rica","Gabriela","Ortiz","gabriela.ortiz@mail.com","60006401","Turista","Vacaciones","Doble","315","Convenio Empresa","Completada",968.41,968.41,"Efectivo",47.46,"Restaurante"
539,"RES000539","2026-01-25 10:00:00","2026-04-25","2026-05-01",3,0,0,968.41,"Ecohotel Arenal","Ecohotel","La Fortuna","Costa Rica","Gabriela","Ortiz","gabriela.ortiz@mail.com","60006401","Turista","Vacaciones","Doble","315","Convenio Empresa","Completada",968.41,968.41,"Efectivo",206.79,"Spa"
758,"RES000758","2025-09-09 10:00:00","2025-10-18","2025-10-21",3,0,0,748.06,"Resort Pacífico Jacó","Resort","Jacó","Costa Rica","Andres","Perez","andres.perez@mail.com","60007622","Corporativo","Negocios","Suite","230","Expedia","Completada",748.06,748.06,"Efectivo",94.92,"Tour"
758,"RES000758","2025-09-09 10:00:00","2025-10-18","2025-10-21",3,0,0,748.06,"Resort Pacífico Jacó","Resort","Jacó","Costa Rica","Andres","Perez","andres.perez@mail.com","60007622","Corporativo","Negocios","Suite","230","Expedia","Completada",748.06,748.06,"Efectivo",63.28,"Traslado"
758,"RES000758","2025-09-09 10:00:00","2025-10-18","2025-10-21",3,0,0,748.06,"Resort Pacífico Jacó","Resort","Jacó","Costa Rica","Andres","Perez","andres.perez@mail.com","60007622","Corporativo","Negocios","Suite","230","Expedia","Completada",748.06,748.06,"Efectivo",44.07,"Estacionamiento"
874,"RES000874","2026-04-03 10:00:00","2026-06-07","2026-06-12",2,0,0,621.84,"Resort Pacífico Jacó","Resort","Jacó","Costa Rica","Miguel","Mendoza","miguel.mendoza@mail.com","60004366","Familiar","Visita Familiar","Doble","219","Walk In","Completada",621.84,621.84,"Tarjeta Débito",57.97,"Estacionamiento"
874,"RES000874","2026-04-03 10:00:00","2026-06-07","2026-06-12",2,0,0,621.84,"Resort Pacífico Jacó","Resort","Jacó","Costa Rica","Miguel","Mendoza","miguel.mendoza@mail.com","60004366","Familiar","Visita Familiar","Doble","219","Walk In","Completada",621.84,621.84,"Tarjeta Débito",15.82,"Lavandería"
278,"RES000278","2026-07-16 10:00:00","2026-07-25","2026-07-28",3,0,0,741.73,"Resort Pacífico Jacó","Resort","Jacó","Costa Rica","Andres","Perez","andres.perez@mail.com","60005402","Corporativo","Negocios","Suite","230","Call Center","Completada",741.73,741.73,"Tarjeta Crédito",94.92,"Tour"
278,"RES000278","2026-07-16 10:00:00","2026-07-25","2026-07-28",3,0,0,741.73,"Resort Pacífico Jacó","Resort","Jacó","Costa Rica","Andres","Perez","andres.perez@mail.com","60005402","Corporativo","Negocios","Suite","230","Call Center","Completada",741.73,741.73,"Tarjeta Crédito",56.95,"Traslado"
278,"RES000278","2026-07-16 10:00:00","2026-07-25","2026-07-28",3,0,0,741.73,"Resort Pacífico Jacó","Resort","Jacó","Costa Rica","Andres","Perez","andres.perez@mail.com","60005402","Corporativo","Negocios","Suite","230","Call Center","Completada",741.73,741.73,"Tarjeta Crédito",44.07,"Estacionamiento"
176,"RES000176","2025-10-21 10:00:00","2026-01-16","2026-01-19",3,1,0,483.64,"Boutique Manuel Antonio","Boutique","Manuel Antonio","Costa Rica","Fernando","Morales","fernando.morales@mail.com","60001184","Turista","Vacaciones","Sencilla","404","Booking","Completada",483.64,483.64,"Convenio Empresa",88.14,"Tour"
176,"RES000176","2025-10-21 10:00:00","2026-01-16","2026-01-19",3,1,0,483.64,"Boutique Manuel Antonio","Boutique","Manuel Antonio","Costa Rica","Fernando","Morales","fernando.morales@mail.com","60001184","Turista","Vacaciones","Sencilla","404","Booking","Completada",483.64,483.64,"Convenio Empresa",76.84,"Traslado"
176,"RES000176","2025-10-21 10:00:00","2026-01-16","2026-01-19",3,1,0,483.64,"Boutique Manuel Antonio","Boutique","Manuel Antonio","Costa Rica","Fernando","Morales","fernando.morales@mail.com","60001184","Turista","Vacaciones","Sencilla","404","Booking","Completada",483.64,483.64,"Convenio Empresa",64.41,"Estacionamiento"
576,"RES000576","2026-06-08 10:00:00","2026-07-15","2026-07-16",3,2,1,158.31,"Boutique Manuel Antonio","Boutique","Manuel Antonio","Costa Rica","Fernando","Morales","fernando.morales@mail.com","60004884","Turista","Vacaciones","Doble","424","Expedia","Completada",158.31,158.31,"Convenio Empresa",47.46,"Restaurante"
292,"RES000292","2026-08-13 10:00:00","2026-09-05","2026-09-10",1,1,0,1064.46,"Boutique Manuel Antonio","Boutique","Manuel Antonio","Costa Rica","Jose","Martinez","jose.martinez@mail.com","60009028","Turista","Vacaciones","Suite","433","Call Center","Completada",1064.46,1064.46,"Tarjeta Crédito",44.07,"Estacionamiento"
292,"RES000292","2026-08-13 10:00:00","2026-09-05","2026-09-10",1,1,0,1064.46,"Boutique Manuel Antonio","Boutique","Manuel Antonio","Costa Rica","Jose","Martinez","jose.martinez@mail.com","60009028","Turista","Vacaciones","Suite","433","Call Center","Completada",1064.46,1064.46,"Tarjeta Crédito",20.34,"Lavandería"
770,"RES000770","2025-09-21 10:00:00","2025-11-11","2025-11-14",1,0,0,720.77,"Resort Pacífico Jacó","Resort","Jacó","Costa Rica","Jorge","Flores","jorge.flores@mail.com","60000730","Turista","Vacaciones","Suite","233","Convenio Empresa","Completada",720.77,720.77,"Transferencia",94.92,"Tour"
770,"RES000770","2025-09-21 10:00:00","2025-11-11","2025-11-14",1,0,0,720.77,"Resort Pacífico Jacó","Resort","Jacó","Costa Rica","Jorge","Flores","jorge.flores@mail.com","60000730","Turista","Vacaciones","Suite","233","Convenio Empresa","Completada",720.77,720.77,"Transferencia",63.28,"Traslado"
770,"RES000770","2025-09-21 10:00:00","2025-11-11","2025-11-14",1,0,0,720.77,"Resort Pacífico Jacó","Resort","Jacó","Costa Rica","Jorge","Flores","jorge.flores@mail.com","60000730","Turista","Vacaciones","Suite","233","Convenio Empresa","Completada",720.77,720.77,"Transferencia",44.07,"Estacionamiento"
271,"RES000271","2026-07-16 10:00:00","2026-07-18","2026-07-20",1,0,0,647.72,"Ecohotel Arenal","Ecohotel","La Fortuna","Costa Rica","Elena","Navarro","elena.navarro@mail.com","60003589","Familiar","Visita Familiar","Suite","328","Call Center","Completada",647.72,647.72,"Convenio Empresa",186.45,"Spa"
271,"RES000271","2026-07-16 10:00:00","2026-07-18","2026-07-20",1,0,0,647.72,"Ecohotel Arenal","Ecohotel","La Fortuna","Costa Rica","Elena","Navarro","elena.navarro@mail.com","60003589","Familiar","Visita Familiar","Suite","328","Call Center","Completada",647.72,647.72,"Convenio Empresa",79.33,"Tour"
417,"RES000417","2025-06-13 10:00:00","2025-08-10","2025-08-14",3,0,0,488.16,"Hotel Central San José","Urbano","San José","Costa Rica","Lucia","Silva","lucia.silva@mail.com","60008103","Grupo","Evento","Doble","125","Agencia Mayorista","Completada",488.16,488.16,"Tarjeta Débito",76.84,"Traslado"
556,"RES000556","2026-05-19 10:00:00","2026-06-05","2026-06-10",3,1,0,682.52,"Boutique Manuel Antonio","Boutique","Manuel Antonio","Costa Rica","Fernando","Morales","fernando.morales@mail.com","60000804","Turista","Vacaciones","Doble","419","Web Directa","Completada",682.52,682.52,"Transferencia",44.07,"Estacionamiento"
556,"RES000556","2026-05-19 10:00:00","2026-06-05","2026-06-10",3,1,0,682.52,"Boutique Manuel Antonio","Boutique","Manuel Antonio","Costa Rica","Fernando","Morales","fernando.morales@mail.com","60000804","Turista","Vacaciones","Doble","419","Web Directa","Completada",682.52,682.52,"Transferencia",22.60,"Lavandería"
529,"RES000529","2026-01-01 10:00:00","2026-03-22","2026-03-24",3,0,0,507.37,"Hotel Central San José","Urbano","San José","Costa Rica","Maria","Lopez","maria.lopez@mail.com","60003811","Turista","Vacaciones","Doble","113","Agencia Mayorista","Completada",507.37,507.37,"Efectivo",206.79,"Spa"
529,"RES000529","2026-01-01 10:00:00","2026-03-22","2026-03-24",3,0,0,507.37,"Hotel Central San José","Urbano","San José","Costa Rica","Maria","Lopez","maria.lopez@mail.com","60003811","Turista","Vacaciones","Doble","113","Agencia Mayorista","Completada",507.37,507.37,"Efectivo",94.92,"Tour"
638,"RES000638","2025-02-11 10:00:00","2025-02-20","2025-02-23",3,0,0,880.27,"Resort Pacífico Jacó","Resort","Jacó","Costa Rica","Andres","Perez","andres.perez@mail.com","60009842","Corporativo","Negocios","Familiar","240","Booking","Completada",880.27,880.27,"Convenio Empresa",94.92,"Tour"
638,"RES000638","2025-02-11 10:00:00","2025-02-20","2025-02-23",3,0,0,880.27,"Resort Pacífico Jacó","Resort","Jacó","Costa Rica","Andres","Perez","andres.perez@mail.com","60009842","Corporativo","Negocios","Familiar","240","Booking","Completada",880.27,880.27,"Convenio Empresa",63.28,"Traslado"
638,"RES000638","2025-02-11 10:00:00","2025-02-20","2025-02-23",3,0,0,880.27,"Resort Pacífico Jacó","Resort","Jacó","Costa Rica","Andres","Perez","andres.perez@mail.com","60009842","Corporativo","Negocios","Familiar","240","Booking","Completada",880.27,880.27,"Convenio Empresa",44.07,"Estacionamiento"
791,"RES000791","2025-10-19 10:00:00","2025-12-30","2026-01-05",1,0,0,1693.87,"Ecohotel Arenal","Ecohotel","La Fortuna","Costa Rica","Elena","Navarro","elena.navarro@mail.com","60005069","Familiar","Visita Familiar","Familiar","338","Convenio Empresa","Completada",1693.87,1693.87,"Efectivo",15.82,"Lavandería"
791,"RES000791","2025-10-19 10:00:00","2025-12-30","2026-01-05",1,0,0,1693.87,"Ecohotel Arenal","Ecohotel","La Fortuna","Costa Rica","Elena","Navarro","elena.navarro@mail.com","60005069","Familiar","Visita Familiar","Familiar","338","Convenio Empresa","Completada",1693.87,1693.87,"Efectivo",47.46,"Restaurante"
791,"RES000791","2025-10-19 10:00:00","2025-12-30","2026-01-05",1,0,0,1693.87,"Ecohotel Arenal","Ecohotel","La Fortuna","Costa Rica","Elena","Navarro","elena.navarro@mail.com","60005069","Familiar","Visita Familiar","Familiar","338","Convenio Empresa","Completada",1693.87,1693.87,"Efectivo",206.79,"Spa"
775,"RES000775","2025-10-03 10:00:00","2025-11-28","2025-11-30",2,0,0,628.62,"Ecohotel Arenal","Ecohotel","La Fortuna","Costa Rica","Laura","Hernandez","laura.hernandez@mail.com","60000925","Corporativo","Negocios","Suite","334","Call Center","Completada",628.62,628.62,"Transferencia",186.45,"Spa"
775,"RES000775","2025-10-03 10:00:00","2025-11-28","2025-11-30",2,0,0,628.62,"Ecohotel Arenal","Ecohotel","La Fortuna","Costa Rica","Laura","Hernandez","laura.hernandez@mail.com","60000925","Corporativo","Negocios","Suite","334","Call Center","Completada",628.62,628.62,"Transferencia",79.33,"Tour"
390,"RES000390","2025-05-24 10:00:00","2025-06-24","2025-06-25",1,2,0,154.19,"Resort Pacífico Jacó","Resort","Jacó","Costa Rica","Jorge","Flores","jorge.flores@mail.com","60001110","Turista","Vacaciones","Doble","218","Call Center","Completada",154.19,154.19,"Convenio Empresa",61.02,"Restaurante"
173,"RES000173","2025-09-27 10:00:00","2025-12-20","2025-12-26",2,0,0,670.77,"Hotel Central San José","Urbano","San José","Costa Rica","Camila","Rivera","camila.rivera@mail.com","60000407","Turista","Vacaciones","Sencilla","104","Call Center","Completada",670.77,670.77,"Tarjeta Crédito",22.60,"Lavandería"
173,"RES000173","2025-09-27 10:00:00","2025-12-20","2025-12-26",2,0,0,670.77,"Hotel Central San José","Urbano","San José","Costa Rica","Camila","Rivera","camila.rivera@mail.com","60000407","Turista","Vacaciones","Sencilla","104","Call Center","Completada",670.77,670.77,"Tarjeta Crédito",54.92,"Restaurante"
173,"RES000173","2025-09-27 10:00:00","2025-12-20","2025-12-26",2,0,0,670.77,"Hotel Central San José","Urbano","San José","Costa Rica","Camila","Rivera","camila.rivera@mail.com","60000407","Turista","Vacaciones","Sencilla","104","Call Center","Completada",670.77,670.77,"Tarjeta Crédito",186.45,"Spa"
189,"RES000189","2026-01-11 10:00:00","2026-01-21","2026-01-25",3,0,0,320.92,"Hotel Central San José","Urbano","San José","Costa Rica","Maria","Lopez","maria.lopez@mail.com","60004551","Turista","Vacaciones","Sencilla","108","Convenio Empresa","Completada",320.92,320.92,"Transferencia",76.84,"Traslado"
876,"RES000876","2026-04-19 10:00:00","2026-06-25","2026-06-26",3,2,1,170.63,"Boutique Manuel Antonio","Boutique","Manuel Antonio","Costa Rica","Fernando","Morales","fernando.morales@mail.com","60004884","Turista","Vacaciones","Doble","419","Booking","Completada",170.63,170.63,"Convenio Empresa",47.46,"Restaurante"
113,"RES000113","2025-07-29 10:00:00","2025-08-22","2025-08-28",2,0,0,1307.41,"Hotel Central San José","Urbano","San José","Costa Rica","Camila","Rivera","camila.rivera@mail.com","60007067","Turista","Vacaciones","Suite","129","Booking","Completada",1307.41,1307.41,"Transferencia",22.60,"Lavandería"
113,"RES000113","2025-07-29 10:00:00","2025-08-22","2025-08-28",2,0,0,1307.41,"Hotel Central San José","Urbano","San José","Costa Rica","Camila","Rivera","camila.rivera@mail.com","60007067","Turista","Vacaciones","Suite","129","Booking","Completada",1307.41,1307.41,"Transferencia",61.02,"Restaurante"
113,"RES000113","2025-07-29 10:00:00","2025-08-22","2025-08-28",2,0,0,1307.41,"Hotel Central San José","Urbano","San José","Costa Rica","Camila","Rivera","camila.rivera@mail.com","60007067","Turista","Vacaciones","Suite","129","Booking","Completada",1307.41,1307.41,"Transferencia",186.45,"Spa"
632,"RES000632","2025-02-19 10:00:00","2025-02-22","2025-02-25",1,1,0,975.19,"Boutique Manuel Antonio","Boutique","Manuel Antonio","Costa Rica","Jose","Martinez","jose.martinez@mail.com","60008288","Turista","Vacaciones","Familiar","438","Expedia","Completada",975.19,975.19,"Transferencia",88.14,"Tour"
632,"RES000632","2025-02-19 10:00:00","2025-02-22","2025-02-25",1,1,0,975.19,"Boutique Manuel Antonio","Boutique","Manuel Antonio","Costa Rica","Jose","Martinez","jose.martinez@mail.com","60008288","Turista","Vacaciones","Familiar","438","Expedia","Completada",975.19,975.19,"Transferencia",76.84,"Traslado"
632,"RES000632","2025-02-19 10:00:00","2025-02-22","2025-02-25",1,1,0,975.19,"Boutique Manuel Antonio","Boutique","Manuel Antonio","Costa Rica","Jose","Martinez","jose.martinez@mail.com","60008288","Turista","Vacaciones","Familiar","438","Expedia","Completada",975.19,975.19,"Transferencia",64.41,"Estacionamiento"
658,"RES000658","2025-03-03 10:00:00","2025-04-01","2025-04-06",3,0,0,447.48,"Resort Pacífico Jacó","Resort","Jacó","Costa Rica","Andres","Perez","andres.perez@mail.com","60003922","Corporativo","Negocios","Sencilla","205","Convenio Empresa","Completada",447.48,447.48,"Efectivo",64.41,"Estacionamiento"
658,"RES000658","2025-03-03 10:00:00","2025-04-01","2025-04-06",3,0,0,447.48,"Resort Pacífico Jacó","Resort","Jacó","Costa Rica","Andres","Perez","andres.perez@mail.com","60003922","Corporativo","Negocios","Sencilla","205","Convenio Empresa","Completada",447.48,447.48,"Efectivo",15.82,"Lavandería"
120,"RES000120","2025-08-26 10:00:00","2025-09-26","2025-09-27",1,2,1,217.47,"Boutique Manuel Antonio","Boutique","Manuel Antonio","Costa Rica","Carlos","Rodriguez","carlos.rodriguez@mail.com","60008880","Turista","Vacaciones","Suite","430","Booking","Completada",217.47,217.47,"Efectivo",47.46,"Restaurante"
578,"RES000578","2026-05-27 10:00:00","2026-07-05","2026-07-08",3,0,0,526.69,"Resort Pacífico Jacó","Resort","Jacó","Costa Rica","Andres","Perez","andres.perez@mail.com","60005402","Corporativo","Negocios","Doble","225","Agencia Mayorista","Completada",526.69,526.69,"Tarjeta Crédito",94.92,"Tour"
578,"RES000578","2026-05-27 10:00:00","2026-07-05","2026-07-08",3,0,0,526.69,"Resort Pacífico Jacó","Resort","Jacó","Costa Rica","Andres","Perez","andres.perez@mail.com","60005402","Corporativo","Negocios","Doble","225","Agencia Mayorista","Completada",526.69,526.69,"Tarjeta Crédito",63.28,"Traslado"
578,"RES000578","2026-05-27 10:00:00","2026-07-05","2026-07-08",3,0,0,526.69,"Resort Pacífico Jacó","Resort","Jacó","Costa Rica","Andres","Perez","andres.perez@mail.com","60005402","Corporativo","Negocios","Doble","225","Agencia Mayorista","Completada",526.69,526.69,"Tarjeta Crédito",39.66,"Estacionamiento"
815,"RES000815","2026-02-10 10:00:00","2026-02-16","2026-02-22",2,0,0,720.94,"Ecohotel Arenal","Ecohotel","La Fortuna","Costa Rica","Laura","Hernandez","laura.hernandez@mail.com","60000185","Corporativo","Negocios","Sencilla","304","Web Directa","Completada",720.94,720.94,"Efectivo",15.82,"Lavandería"
815,"RES000815","2026-02-10 10:00:00","2026-02-16","2026-02-22",2,0,0,720.94,"Ecohotel Arenal","Ecohotel","La Fortuna","Costa Rica","Laura","Hernandez","laura.hernandez@mail.com","60000185","Corporativo","Negocios","Sencilla","304","Web Directa","Completada",720.94,720.94,"Efectivo",47.46,"Restaurante"
815,"RES000815","2026-02-10 10:00:00","2026-02-16","2026-02-22",2,0,0,720.94,"Ecohotel Arenal","Ecohotel","La Fortuna","Costa Rica","Laura","Hernandez","laura.hernandez@mail.com","60000185","Corporativo","Negocios","Sencilla","304","Web Directa","Completada",720.94,720.94,"Efectivo",206.79,"Spa"
695,"RES000695","2025-04-16 10:00:00","2025-06-21","2025-06-27",2,0,0,933.49,"Ecohotel Arenal","Ecohotel","La Fortuna","Costa Rica","Laura","Hernandez","laura.hernandez@mail.com","60002405","Corporativo","Negocios","Doble","314","Expedia","Completada",933.49,933.49,"Convenio Empresa",15.82,"Lavandería"
695,"RES000695","2025-04-16 10:00:00","2025-06-21","2025-06-27",2,0,0,933.49,"Ecohotel Arenal","Ecohotel","La Fortuna","Costa Rica","Laura","Hernandez","laura.hernandez@mail.com","60002405","Corporativo","Negocios","Doble","314","Expedia","Completada",933.49,933.49,"Convenio Empresa",47.46,"Restaurante"
695,"RES000695","2025-04-16 10:00:00","2025-06-21","2025-06-27",2,0,0,933.49,"Ecohotel Arenal","Ecohotel","La Fortuna","Costa Rica","Laura","Hernandez","laura.hernandez@mail.com","60002405","Corporativo","Negocios","Doble","314","Expedia","Completada",933.49,933.49,"Convenio Empresa",206.79,"Spa"
440,"RES000440","2025-07-27 10:00:00","2025-10-16","2025-10-19",1,1,0,790.61,"Boutique Manuel Antonio","Boutique","Manuel Antonio","Costa Rica","Carlos","Rodriguez","carlos.rodriguez@mail.com","60002960","Turista","Vacaciones","Suite","430","Walk In","Completada",790.61,790.61,"Tarjeta Crédito",79.33,"Tour"
440,"RES000440","2025-07-27 10:00:00","2025-10-16","2025-10-19",1,1,0,790.61,"Boutique Manuel Antonio","Boutique","Manuel Antonio","Costa Rica","Carlos","Rodriguez","carlos.rodriguez@mail.com","60002960","Turista","Vacaciones","Suite","430","Walk In","Completada",790.61,790.61,"Tarjeta Crédito",76.84,"Traslado"
440,"RES000440","2025-07-27 10:00:00","2025-10-16","2025-10-19",1,1,0,790.61,"Boutique Manuel Antonio","Boutique","Manuel Antonio","Costa Rica","Carlos","Rodriguez","carlos.rodriguez@mail.com","60002960","Turista","Vacaciones","Suite","430","Walk In","Completada",790.61,790.61,"Tarjeta Crédito",64.41,"Estacionamiento"
794,"RES000794","2025-10-15 10:00:00","2025-12-29","2026-01-01",2,0,0,880.27,"Resort Pacífico Jacó","Resort","Jacó","Costa Rica","Miguel","Mendoza","miguel.mendoza@mail.com","60005846","Familiar","Visita Familiar","Familiar","239","Web Directa","Completada",880.27,880.27,"Transferencia",94.92,"Tour"
794,"RES000794","2025-10-15 10:00:00","2025-12-29","2026-01-01",2,0,0,880.27,"Resort Pacífico Jacó","Resort","Jacó","Costa Rica","Miguel","Mendoza","miguel.mendoza@mail.com","60005846","Familiar","Visita Familiar","Familiar","239","Web Directa","Completada",880.27,880.27,"Transferencia",63.28,"Traslado"
794,"RES000794","2025-10-15 10:00:00","2025-12-29","2026-01-01",2,0,0,880.27,"Resort Pacífico Jacó","Resort","Jacó","Costa Rica","Miguel","Mendoza","miguel.mendoza@mail.com","60005846","Familiar","Visita Familiar","Familiar","239","Web Directa","Completada",880.27,880.27,"Transferencia",44.07,"Estacionamiento"
57,"RES000057","2025-03-05 10:00:00","2025-05-02","2025-05-06",3,0,0,488.16,"Hotel Central San José","Urbano","San José","Costa Rica","Lucia","Silva","lucia.silva@mail.com","60003663","Grupo","Evento","Doble","115","Booking","Completada",488.16,488.16,"Convenio Empresa",76.84,"Traslado"
19,"RES000019","2025-02-09 10:00:00","2025-03-01","2025-03-03",3,0,0,423.98,"Ecohotel Arenal","Ecohotel","La Fortuna","Costa Rica","Gabriela","Ortiz","gabriela.ortiz@mail.com","60004921","Turista","Vacaciones","Sencilla","305","Call Center","Completada",423.98,423.98,"Convenio Empresa",186.45,"Spa"
19,"RES000019","2025-02-09 10:00:00","2025-03-01","2025-03-03",3,0,0,423.98,"Ecohotel Arenal","Ecohotel","La Fortuna","Costa Rica","Gabriela","Ortiz","gabriela.ortiz@mail.com","60004921","Turista","Vacaciones","Sencilla","305","Call Center","Completada",423.98,423.98,"Convenio Empresa",79.33,"Tour"
160,"RES000160","2025-10-05 10:00:00","2025-12-15","2025-12-20",1,1,0,1243.11,"Boutique Manuel Antonio","Boutique","Manuel Antonio","Costa Rica","Carlos","Rodriguez","carlos.rodriguez@mail.com","60008140","Turista","Vacaciones","Familiar","440","Walk In","Completada",1243.11,1243.11,"Tarjeta Débito",39.66,"Estacionamiento"
160,"RES000160","2025-10-05 10:00:00","2025-12-15","2025-12-20",1,1,0,1243.11,"Boutique Manuel Antonio","Boutique","Manuel Antonio","Costa Rica","Carlos","Rodriguez","carlos.rodriguez@mail.com","60008140","Turista","Vacaciones","Familiar","440","Walk In","Completada",1243.11,1243.11,"Tarjeta Débito",22.60,"Lavandería"
508,"RES000508","2026-01-01 10:00:00","2026-03-01","2026-03-06",3,1,0,490.42,"Boutique Manuel Antonio","Boutique","Manuel Antonio","Costa Rica","Ricardo","Rojas","ricardo.rojas@mail.com","60009472","Corporativo","Negocios","Sencilla","407","Agencia Mayorista","Completada",490.42,490.42,"Transferencia",44.07,"Estacionamiento"
508,"RES000508","2026-01-01 10:00:00","2026-03-01","2026-03-06",3,1,0,490.42,"Boutique Manuel Antonio","Boutique","Manuel Antonio","Costa Rica","Ricardo","Rojas","ricardo.rojas@mail.com","60009472","Corporativo","Negocios","Sencilla","407","Agencia Mayorista","Completada",490.42,490.42,"Transferencia",22.60,"Lavandería"
357,"RES000357","2025-01-14 10:00:00","2025-04-12","2025-04-16",3,0,0,348.04,"Hotel Central San José","Urbano","San José","Costa Rica","Lucia","Silva","lucia.silva@mail.com","60003663","Grupo","Evento","Sencilla","110","Convenio Empresa","Completada",348.04,348.04,"Convenio Empresa",76.84,"Traslado"
769,"RES000769","2025-09-13 10:00:00","2025-11-02","2025-11-04",3,0,0,626.81,"Hotel Central San José","Urbano","San José","Costa Rica","Maria","Lopez","maria.lopez@mail.com","60000471","Turista","Vacaciones","Suite","133","Walk In","Completada",626.81,626.81,"Tarjeta Débito",186.11,"Spa"
769,"RES000769","2025-09-13 10:00:00","2025-11-02","2025-11-04",3,0,0,626.81,"Hotel Central San José","Urbano","San José","Costa Rica","Maria","Lopez","maria.lopez@mail.com","60000471","Turista","Vacaciones","Suite","133","Walk In","Completada",626.81,626.81,"Tarjeta Débito",94.92,"Tour"
266,"RES000266","2026-04-05 10:00:00","2026-07-01","2026-07-04",3,0,0,640.71,"Resort Pacífico Jacó","Resort","Jacó","Costa Rica","Luis","Fernandez","luis.fernandez@mail.com","60002294","Turista","Vacaciones","Suite","227","Convenio Empresa","Confirmada",640.71,256.28,"Efectivo",94.92,"Tour"
315,"RES000315","2024-12-17 10:00:00","2025-02-01","2025-02-05",2,0,0,870.10,"Ecohotel Arenal","Ecohotel","La Fortuna","Costa Rica","Laura","Hernandez","laura.hernandez@mail.com","60003885","Corporativo","Negocios","Familiar","339","Convenio Empresa","Completada",870.10,870.10,"Efectivo",63.28,"Traslado"
307,"RES000307","2024-12-09 10:00:00","2025-01-16","2025-01-18",3,0,0,730.55,"Ecohotel Arenal","Ecohotel","La Fortuna","Costa Rica","Valeria","Torres","valeria.torres@mail.com","60001813","Grupo","Evento","Familiar","337","Walk In","Completada",730.55,730.55,"Tarjeta Débito",167.81,"Spa"
307,"RES000307","2024-12-09 10:00:00","2025-01-16","2025-01-18",3,0,0,730.55,"Ecohotel Arenal","Ecohotel","La Fortuna","Costa Rica","Valeria","Torres","valeria.torres@mail.com","60001813","Grupo","Evento","Familiar","337","Walk In","Completada",730.55,730.55,"Tarjeta Débito",88.14,"Tour"
366,"RES000366","2025-04-30 10:00:00","2025-05-07","2025-05-08",3,2,0,170.63,"Resort Pacífico Jacó","Resort","Jacó","Costa Rica","Luis","Fernandez","luis.fernandez@mail.com","60005994","Turista","Vacaciones","Doble","212","Expedia","Confirmada",170.63,68.25,"Efectivo",61.02,"Restaurante"
91,"RES000091","2025-07-21 10:00:00","2025-07-23","2025-07-25",1,0,0,507.37,"Ecohotel Arenal","Ecohotel","La Fortuna","Costa Rica","Elena","Navarro","elena.navarro@mail.com","60001369","Familiar","Visita Familiar","Doble","323","Convenio Empresa","Completada",507.37,507.37,"Efectivo",186.45,"Spa"
91,"RES000091","2025-07-21 10:00:00","2025-07-23","2025-07-25",1,0,0,507.37,"Ecohotel Arenal","Ecohotel","La Fortuna","Costa Rica","Elena","Navarro","elena.navarro@mail.com","60001369","Familiar","Visita Familiar","Doble","323","Convenio Empresa","Completada",507.37,507.37,"Efectivo",88.14,"Tour"
54,"RES000054","2025-03-09 10:00:00","2025-05-03","2025-05-04",2,2,0,159.67,"Resort Pacífico Jacó","Resort","Jacó","Costa Rica","Miguel","Mendoza","miguel.mendoza@mail.com","60002886","Familiar","Visita Familiar","Doble","214","Call Center","Completada",159.67,159.67,"Tarjeta Crédito",61.02,"Restaurante"
305,"RES000305","2026-08-05 10:00:00","2026-09-10","2026-09-16",2,0,0,1246.39,"Hotel Central San José","Urbano","San José","Costa Rica","Paula","Vargas","paula.vargas@mail.com","60001295","Corporativo","Negocios","Familiar","137","Agencia Mayorista","Confirmada",1246.39,498.56,"Tarjeta Crédito",22.60,"Lavandería"
10,"RES000010","2025-01-24 10:00:00","2025-02-04","2025-02-09",1,0,0,429.12,"Resort Pacífico Jacó","Resort","Jacó","Costa Rica","Jorge","Flores","jorge.flores@mail.com","60002590","Turista","Vacaciones","Sencilla","203","Web Directa","Completada",429.12,429.12,"Efectivo",64.41,"Estacionamiento"
10,"RES000010","2025-01-24 10:00:00","2025-02-04","2025-02-09",1,0,0,429.12,"Resort Pacífico Jacó","Resort","Jacó","Costa Rica","Jorge","Flores","jorge.flores@mail.com","60002590","Turista","Vacaciones","Sencilla","203","Web Directa","Completada",429.12,429.12,"Efectivo",15.82,"Lavandería"
35,"RES000035","2025-02-25 10:00:00","2025-04-02","2025-04-08",2,0,0,720.94,"Ecohotel Arenal","Ecohotel","La Fortuna","Costa Rica","Laura","Hernandez","laura.hernandez@mail.com","60009065","Corporativo","Negocios","Sencilla","309","Convenio Empresa","Completada",720.94,720.94,"Tarjeta Crédito",15.82,"Lavandería"
35,"RES000035","2025-02-25 10:00:00","2025-04-02","2025-04-08",2,0,0,720.94,"Ecohotel Arenal","Ecohotel","La Fortuna","Costa Rica","Laura","Hernandez","laura.hernandez@mail.com","60009065","Corporativo","Negocios","Sencilla","309","Convenio Empresa","Completada",720.94,720.94,"Tarjeta Crédito",47.46,"Restaurante"
35,"RES000035","2025-02-25 10:00:00","2025-04-02","2025-04-08",2,0,0,720.94,"Ecohotel Arenal","Ecohotel","La Fortuna","Costa Rica","Laura","Hernandez","laura.hernandez@mail.com","60009065","Corporativo","Negocios","Sencilla","309","Convenio Empresa","Completada",720.94,720.94,"Tarjeta Crédito",206.79,"Spa"
220,"RES000220","2026-03-04 10:00:00","2026-04-14","2026-04-19",1,1,0,651.73,"Boutique Manuel Antonio","Boutique","Manuel Antonio","Costa Rica","Carlos","Rodriguez","carlos.rodriguez@mail.com","60001480","Turista","Vacaciones","Doble","415","Web Directa","Completada",651.73,651.73,"Efectivo",44.07,"Estacionamiento"
220,"RES000220","2026-03-04 10:00:00","2026-04-14","2026-04-19",1,1,0,651.73,"Boutique Manuel Antonio","Boutique","Manuel Antonio","Costa Rica","Carlos","Rodriguez","carlos.rodriguez@mail.com","60001480","Turista","Vacaciones","Doble","415","Web Directa","Completada",651.73,651.73,"Efectivo",22.60,"Lavandería"
400,"RES000400","2025-06-17 10:00:00","2025-07-28","2025-08-02",1,1,0,651.73,"Boutique Manuel Antonio","Boutique","Manuel Antonio","Costa Rica","Carlos","Rodriguez","carlos.rodriguez@mail.com","60003700","Turista","Vacaciones","Doble","420","Booking","Completada",651.73,651.73,"Convenio Empresa",44.07,"Estacionamiento"
400,"RES000400","2025-06-17 10:00:00","2025-07-28","2025-08-02",1,1,0,651.73,"Boutique Manuel Antonio","Boutique","Manuel Antonio","Costa Rica","Carlos","Rodriguez","carlos.rodriguez@mail.com","60003700","Turista","Vacaciones","Doble","420","Booking","Completada",651.73,651.73,"Convenio Empresa",22.60,"Lavandería"
175,"RES000175","2025-10-13 10:00:00","2026-01-07","2026-01-09",2,0,0,424.88,"Ecohotel Arenal","Ecohotel","La Fortuna","Costa Rica","Laura","Hernandez","laura.hernandez@mail.com","60000925","Corporativo","Negocios","Sencilla","304","Convenio Empresa","Completada",424.88,424.88,"Transferencia",186.45,"Spa"
175,"RES000175","2025-10-13 10:00:00","2026-01-07","2026-01-09",2,0,0,424.88,"Ecohotel Arenal","Ecohotel","La Fortuna","Costa Rica","Laura","Hernandez","laura.hernandez@mail.com","60000925","Corporativo","Negocios","Sencilla","304","Convenio Empresa","Completada",424.88,424.88,"Transferencia",88.14,"Tour"
596,"RES000596","2026-06-28 10:00:00","2026-08-24","2026-08-27",3,1,0,829.42,"Boutique Manuel Antonio","Boutique","Manuel Antonio","Costa Rica","Fernando","Morales","fernando.morales@mail.com","60000064","Turista","Vacaciones","Suite","429","Booking","Completada",829.42,829.42,"Efectivo",88.14,"Tour"
596,"RES000596","2026-06-28 10:00:00","2026-08-24","2026-08-27",3,1,0,829.42,"Boutique Manuel Antonio","Boutique","Manuel Antonio","Costa Rica","Fernando","Morales","fernando.morales@mail.com","60000064","Turista","Vacaciones","Suite","429","Booking","Completada",829.42,829.42,"Efectivo",76.84,"Traslado"
596,"RES000596","2026-06-28 10:00:00","2026-08-24","2026-08-27",3,1,0,829.42,"Boutique Manuel Antonio","Boutique","Manuel Antonio","Costa Rica","Fernando","Morales","fernando.morales@mail.com","60000064","Turista","Vacaciones","Suite","429","Booking","Completada",829.42,829.42,"Efectivo",64.41,"Estacionamiento"
285,"RES000285","2026-07-16 10:00:00","2026-08-01","2026-08-05",2,0,0,664.67,"Hotel Central San José","Urbano","San José","Costa Rica","Paula","Vargas","paula.vargas@mail.com","60007215","Corporativo","Negocios","Suite","132","Call Center","Confirmada",664.67,265.87,"Efectivo",76.84,"Traslado"
50,"RES000050","2025-03-05 10:00:00","2025-04-25","2025-04-28",1,0,0,514.66,"Resort Pacífico Jacó","Resort","Jacó","Costa Rica","Jorge","Flores","jorge.flores@mail.com","60001850","Turista","Vacaciones","Doble","213","Booking","Completada",514.66,514.66,"Tarjeta Débito",94.92,"Tour"
50,"RES000050","2025-03-05 10:00:00","2025-04-25","2025-04-28",1,0,0,514.66,"Resort Pacífico Jacó","Resort","Jacó","Costa Rica","Jorge","Flores","jorge.flores@mail.com","60001850","Turista","Vacaciones","Doble","213","Booking","Completada",514.66,514.66,"Tarjeta Débito",63.28,"Traslado"
50,"RES000050","2025-03-05 10:00:00","2025-04-25","2025-04-28",1,0,0,514.66,"Resort Pacífico Jacó","Resort","Jacó","Costa Rica","Jorge","Flores","jorge.flores@mail.com","60001850","Turista","Vacaciones","Doble","213","Booking","Completada",514.66,514.66,"Tarjeta Débito",44.07,"Estacionamiento"
13,"RES000013","2025-01-20 10:00:00","2025-02-03","2025-02-05",2,0,0,416.63,"Hotel Central San José","Urbano","San José","Costa Rica","Camila","Rivera","camila.rivera@mail.com","60003367","Turista","Vacaciones","Sencilla","104","Walk In","Completada",416.63,416.63,"Transferencia",186.11,"Spa"
13,"RES000013","2025-01-20 10:00:00","2025-02-03","2025-02-05",2,0,0,416.63,"Hotel Central San José","Urbano","San José","Costa Rica","Camila","Rivera","camila.rivera@mail.com","60003367","Turista","Vacaciones","Sencilla","104","Walk In","Completada",416.63,416.63,"Transferencia",94.92,"Tour"
391,"RES000391","2025-06-01 10:00:00","2025-07-03","2025-07-05",1,0,0,488.73,"Ecohotel Arenal","Ecohotel","La Fortuna","Costa Rica","Elena","Navarro","elena.navarro@mail.com","60001369","Familiar","Visita Familiar","Doble","318","Walk In","Completada",488.73,488.73,"Efectivo",167.81,"Spa"
391,"RES000391","2025-06-01 10:00:00","2025-07-03","2025-07-05",1,0,0,488.73,"Ecohotel Arenal","Ecohotel","La Fortuna","Costa Rica","Elena","Navarro","elena.navarro@mail.com","60001369","Familiar","Visita Familiar","Doble","318","Walk In","Completada",488.73,488.73,"Efectivo",88.14,"Tour"
487,"RES000487","2025-12-04 10:00:00","2026-01-11","2026-01-13",3,0,0,432.79,"Ecohotel Arenal","Ecohotel","La Fortuna","Costa Rica","Valeria","Torres","valeria.torres@mail.com","60004033","Grupo","Evento","Sencilla","302","Agencia Mayorista","Completada",432.79,432.79,"Tarjeta Crédito",186.45,"Spa"
487,"RES000487","2025-12-04 10:00:00","2026-01-11","2026-01-13",3,0,0,432.79,"Ecohotel Arenal","Ecohotel","La Fortuna","Costa Rica","Valeria","Torres","valeria.torres@mail.com","60004033","Grupo","Evento","Sencilla","302","Agencia Mayorista","Completada",432.79,432.79,"Tarjeta Crédito",88.14,"Tour"
699,"RES000699","2025-04-20 10:00:00","2025-06-29","2025-07-03",3,0,0,522.51,"Ecohotel Arenal","Ecohotel","La Fortuna","Costa Rica","Gabriela","Ortiz","gabriela.ortiz@mail.com","60003441","Turista","Vacaciones","Doble","315","Walk In","Completada",522.51,522.51,"Transferencia",56.95,"Traslado"
75,"RES000075","2025-04-06 10:00:00","2025-06-21","2025-06-25",2,0,0,459.01,"Ecohotel Arenal","Ecohotel","La Fortuna","Costa Rica","Laura","Hernandez","laura.hernandez@mail.com","60008325","Corporativo","Negocios","Doble","319","Call Center","Completada",459.01,459.01,"Transferencia",63.28,"Traslado"
246,"RES000246","2026-03-16 10:00:00","2026-05-22","2026-05-23",3,2,0,170.63,"Resort Pacífico Jacó","Resort","Jacó","Costa Rica","Luis","Fernandez","luis.fernandez@mail.com","60008214","Turista","Vacaciones","Doble","222","Booking","Confirmada",170.63,68.25,"Convenio Empresa",61.02,"Restaurante"
128,"RES000128","2025-09-03 10:00:00","2025-10-12","2025-10-15",3,1,0,829.42,"Boutique Manuel Antonio","Boutique","Manuel Antonio","Costa Rica","Ricardo","Rojas","ricardo.rojas@mail.com","60000952","Corporativo","Negocios","Suite","432","Expedia","Completada",829.42,829.42,"Convenio Empresa",88.14,"Tour"
128,"RES000128","2025-09-03 10:00:00","2025-10-12","2025-10-15",3,1,0,829.42,"Boutique Manuel Antonio","Boutique","Manuel Antonio","Costa Rica","Ricardo","Rojas","ricardo.rojas@mail.com","60000952","Corporativo","Negocios","Suite","432","Expedia","Completada",829.42,829.42,"Convenio Empresa",76.84,"Traslado"
128,"RES000128","2025-09-03 10:00:00","2025-10-12","2025-10-15",3,1,0,829.42,"Boutique Manuel Antonio","Boutique","Manuel Antonio","Costa Rica","Ricardo","Rojas","ricardo.rojas@mail.com","60000952","Corporativo","Negocios","Suite","432","Expedia","Completada",829.42,829.42,"Convenio Empresa",64.41,"Estacionamiento"
714,"RES000714","2025-04-28 10:00:00","2025-07-22","2025-07-23",2,2,0,170.63,"Resort Pacífico Jacó","Resort","Jacó","Costa Rica","Miguel","Mendoza","miguel.mendoza@mail.com","60007326","Familiar","Visita Familiar","Doble","219","Convenio Empresa","Completada",170.63,170.63,"Convenio Empresa",61.02,"Restaurante"
745,"RES000745","2025-08-20 10:00:00","2025-09-15","2025-09-17",2,0,0,535.28,"Hotel Central San José","Urbano","San José","Costa Rica","Paula","Vargas","paula.vargas@mail.com","60004255","Corporativo","Negocios","Suite","127","Web Directa","Confirmada",535.28,214.11,"Transferencia",206.79,"Spa"
152,"RES000152","2025-09-27 10:00:00","2025-11-29","2025-12-02",1,1,0,967.51,"Boutique Manuel Antonio","Boutique","Manuel Antonio","Costa Rica","Jose","Martinez","jose.martinez@mail.com","60006068","Turista","Vacaciones","Familiar","438","Call Center","Completada",967.51,967.51,"Convenio Empresa",88.14,"Tour"
152,"RES000152","2025-09-27 10:00:00","2025-11-29","2025-12-02",1,1,0,967.51,"Boutique Manuel Antonio","Boutique","Manuel Antonio","Costa Rica","Jose","Martinez","jose.martinez@mail.com","60006068","Turista","Vacaciones","Familiar","438","Call Center","Completada",967.51,967.51,"Convenio Empresa",69.16,"Traslado"
152,"RES000152","2025-09-27 10:00:00","2025-11-29","2025-12-02",1,1,0,967.51,"Boutique Manuel Antonio","Boutique","Manuel Antonio","Costa Rica","Jose","Martinez","jose.martinez@mail.com","60006068","Turista","Vacaciones","Familiar","438","Call Center","Completada",967.51,967.51,"Convenio Empresa",64.41,"Estacionamiento"
534,"RES000534","2026-01-13 10:00:00","2026-04-08","2026-04-09",2,2,0,170.63,"Resort Pacífico Jacó","Resort","Jacó","Costa Rica","Miguel","Mendoza","miguel.mendoza@mail.com","60005106","Familiar","Visita Familiar","Doble","214","Expedia","Completada",170.63,170.63,"Efectivo",61.02,"Restaurante"
428,"RES000428","2025-07-15 10:00:00","2025-09-22","2025-09-25",3,1,0,829.42,"Boutique Manuel Antonio","Boutique","Manuel Antonio","Costa Rica","Ricardo","Rojas","ricardo.rojas@mail.com","60000952","Corporativo","Negocios","Suite","427","Booking","Completada",829.42,829.42,"Convenio Empresa",88.14,"Tour"
428,"RES000428","2025-07-15 10:00:00","2025-09-22","2025-09-25",3,1,0,829.42,"Boutique Manuel Antonio","Boutique","Manuel Antonio","Costa Rica","Ricardo","Rojas","ricardo.rojas@mail.com","60000952","Corporativo","Negocios","Suite","427","Booking","Completada",829.42,829.42,"Convenio Empresa",76.84,"Traslado"
428,"RES000428","2025-07-15 10:00:00","2025-09-22","2025-09-25",3,1,0,829.42,"Boutique Manuel Antonio","Boutique","Manuel Antonio","Costa Rica","Ricardo","Rojas","ricardo.rojas@mail.com","60000952","Corporativo","Negocios","Suite","427","Booking","Completada",829.42,829.42,"Convenio Empresa",64.41,"Estacionamiento"
355,"RES000355","2025-01-26 10:00:00","2025-04-22","2025-04-24",2,0,0,416.07,"Ecohotel Arenal","Ecohotel","La Fortuna","Costa Rica","Laura","Hernandez","laura.hernandez@mail.com","60003145","Corporativo","Negocios","Sencilla","309","Call Center","Completada",416.07,416.07,"Tarjeta Débito",186.45,"Spa"
355,"RES000355","2025-01-26 10:00:00","2025-04-22","2025-04-24",2,0,0,416.07,"Ecohotel Arenal","Ecohotel","La Fortuna","Costa Rica","Laura","Hernandez","laura.hernandez@mail.com","60003145","Corporativo","Negocios","Sencilla","309","Call Center","Completada",416.07,416.07,"Tarjeta Débito",79.33,"Tour"
637,"RES000637","2025-02-03 10:00:00","2025-02-11","2025-02-13",3,0,0,731.11,"Hotel Central San José","Urbano","San José","Costa Rica","Lucia","Silva","lucia.silva@mail.com","60009583","Grupo","Evento","Familiar","140","Convenio Empresa","Completada",731.11,731.11,"Transferencia",206.79,"Spa"
637,"RES000637","2025-02-03 10:00:00","2025-02-11","2025-02-13",3,0,0,731.11,"Hotel Central San José","Urbano","San José","Costa Rica","Lucia","Silva","lucia.silva@mail.com","60009583","Grupo","Evento","Familiar","140","Convenio Empresa","Completada",731.11,731.11,"Transferencia",94.92,"Tour"
747,"RES000747","2025-09-05 10:00:00","2025-10-03","2025-10-07",3,0,0,750.77,"Ecohotel Arenal","Ecohotel","La Fortuna","Costa Rica","Valeria","Torres","valeria.torres@mail.com","60004773","Grupo","Evento","Suite","327","Call Center","Completada",750.77,750.77,"Convenio Empresa",63.28,"Traslado"
777,"RES000777","2025-09-21 10:00:00","2025-11-18","2025-11-22",3,0,0,768.40,"Hotel Central San José","Urbano","San José","Costa Rica","Lucia","Silva","lucia.silva@mail.com","60001443","Grupo","Evento","Suite","135","Convenio Empresa","Completada",768.40,768.40,"Efectivo",76.84,"Traslado"
453,"RES000453","2025-10-17 10:00:00","2025-10-21","2025-10-25",2,0,0,768.40,"Hotel Central San José","Urbano","San José","Costa Rica","Camila","Rivera","camila.rivera@mail.com","60006327","Turista","Vacaciones","Suite","134","Call Center","Completada",768.40,768.40,"Efectivo",76.84,"Traslado"
787,"RES000787","2025-10-15 10:00:00","2025-12-22","2025-12-24",3,0,0,749.19,"Ecohotel Arenal","Ecohotel","La Fortuna","Costa Rica","Valeria","Torres","valeria.torres@mail.com","60004033","Grupo","Evento","Familiar","337","Web Directa","Completada",749.19,749.19,"Tarjeta Crédito",186.45,"Spa"
787,"RES000787","2025-10-15 10:00:00","2025-12-22","2025-12-24",3,0,0,749.19,"Ecohotel Arenal","Ecohotel","La Fortuna","Costa Rica","Valeria","Torres","valeria.torres@mail.com","60004033","Grupo","Evento","Familiar","337","Web Directa","Completada",749.19,749.19,"Tarjeta Crédito",88.14,"Tour"
186,"RES000186","2026-01-15 10:00:00","2026-01-22","2026-01-23",3,2,0,134.47,"Resort Pacífico Jacó","Resort","Jacó","Costa Rica","Luis","Fernandez","luis.fernandez@mail.com","60003774","Turista","Vacaciones","Sencilla","207","Agencia Mayorista","Confirmada",134.47,53.79,"Tarjeta Crédito",61.02,"Restaurante"
750,"RES000750","2025-09-01 10:00:00","2025-10-02","2025-10-03",1,2,0,215.66,"Resort Pacífico Jacó","Resort","Jacó","Costa Rica","Jorge","Flores","jorge.flores@mail.com","60005550","Turista","Vacaciones","Suite","228","Booking","Completada",215.66,215.66,"Tarjeta Débito",61.02,"Restaurante"
545,"RES000545","2026-04-17 10:00:00","2026-04-23","2026-04-29",2,0,0,606.47,"Hotel Central San José","Urbano","San José","Costa Rica","Paula","Vargas","paula.vargas@mail.com","60007955","Corporativo","Negocios","Doble","117","Walk In","Confirmada",606.47,242.59,"Transferencia",20.34,"Lavandería"
18,"RES000018","2025-02-01 10:00:00","2025-02-20","2025-02-21",3,2,0,127.13,"Resort Pacífico Jacó","Resort","Jacó","Costa Rica","Andres","Perez","andres.perez@mail.com","60004662","Corporativo","Negocios","Sencilla","205","Agencia Mayorista","Completada",127.13,127.13,"Transferencia",61.02,"Restaurante"
528,"RES000528","2026-01-21 10:00:00","2026-04-10","2026-04-11",3,2,1,170.63,"Boutique Manuel Antonio","Boutique","Manuel Antonio","Costa Rica","Ricardo","Rojas","ricardo.rojas@mail.com","60003552","Corporativo","Negocios","Doble","412","Web Directa","Completada",170.63,170.63,"Convenio Empresa",47.46,"Restaurante"
27,"RES000027","2025-02-17 10:00:00","2025-03-17","2025-03-21",3,0,0,341.71,"Ecohotel Arenal","Ecohotel","La Fortuna","Costa Rica","Valeria","Torres","valeria.torres@mail.com","60006993","Grupo","Evento","Sencilla","307","Walk In","Completada",341.71,341.71,"Transferencia",56.95,"Traslado"
811,"RES000811","2026-02-06 10:00:00","2026-02-08","2026-02-10",1,0,0,414.15,"Ecohotel Arenal","Ecohotel","La Fortuna","Costa Rica","Elena","Navarro","elena.navarro@mail.com","60000249","Familiar","Visita Familiar","Sencilla","303","Walk In","Completada",414.15,414.15,"Tarjeta Crédito",167.81,"Spa"
811,"RES000811","2026-02-06 10:00:00","2026-02-08","2026-02-10",1,0,0,414.15,"Ecohotel Arenal","Ecohotel","La Fortuna","Costa Rica","Elena","Navarro","elena.navarro@mail.com","60000249","Familiar","Visita Familiar","Sencilla","303","Walk In","Completada",414.15,414.15,"Tarjeta Crédito",88.14,"Tour"
496,"RES000496","2025-12-20 10:00:00","2026-02-05","2026-02-10",3,1,0,486.01,"Boutique Manuel Antonio","Boutique","Manuel Antonio","Costa Rica","Fernando","Morales","fernando.morales@mail.com","60006364","Turista","Vacaciones","Sencilla","404","Walk In","Completada",486.01,486.01,"Efectivo",39.66,"Estacionamiento"
496,"RES000496","2025-12-20 10:00:00","2026-02-05","2026-02-10",3,1,0,486.01,"Boutique Manuel Antonio","Boutique","Manuel Antonio","Costa Rica","Fernando","Morales","fernando.morales@mail.com","60006364","Turista","Vacaciones","Sencilla","404","Walk In","Completada",486.01,486.01,"Efectivo",22.60,"Lavandería"
58,"RES000058","2025-03-13 10:00:00","2025-05-11","2025-05-16",3,0,0,628.28,"Resort Pacífico Jacó","Resort","Jacó","Costa Rica","Andres","Perez","andres.perez@mail.com","60003922","Corporativo","Negocios","Doble","215","Expedia","Completada",628.28,628.28,"Efectivo",64.41,"Estacionamiento"
58,"RES000058","2025-03-13 10:00:00","2025-05-11","2025-05-16",3,0,0,628.28,"Resort Pacífico Jacó","Resort","Jacó","Costa Rica","Andres","Perez","andres.perez@mail.com","60003922","Corporativo","Negocios","Doble","215","Expedia","Completada",628.28,628.28,"Efectivo",15.82,"Lavandería"
228,"RES000228","2026-03-12 10:00:00","2026-04-30","2026-05-01",3,2,1,170.63,"Boutique Manuel Antonio","Boutique","Manuel Antonio","Costa Rica","Ricardo","Rojas","ricardo.rojas@mail.com","60003552","Corporativo","Negocios","Doble","417","Agencia Mayorista","Completada",170.63,170.63,"Convenio Empresa",47.46,"Restaurante"
667,"RES000667","2025-03-19 10:00:00","2025-04-26","2025-04-28",3,0,0,432.79,"Ecohotel Arenal","Ecohotel","La Fortuna","Costa Rica","Valeria","Torres","valeria.torres@mail.com","60006253","Grupo","Evento","Sencilla","307","Expedia","Completada",432.79,432.79,"Efectivo",186.45,"Spa"
667,"RES000667","2025-03-19 10:00:00","2025-04-26","2025-04-28",3,0,0,432.79,"Ecohotel Arenal","Ecohotel","La Fortuna","Costa Rica","Valeria","Torres","valeria.torres@mail.com","60006253","Grupo","Evento","Sencilla","307","Expedia","Completada",432.79,432.79,"Efectivo",88.14,"Tour"
668,"RES000668","2025-03-27 10:00:00","2025-05-05","2025-05-08",3,1,0,483.64,"Boutique Manuel Antonio","Boutique","Manuel Antonio","Costa Rica","Ricardo","Rojas","ricardo.rojas@mail.com","60006512","Corporativo","Negocios","Sencilla","407","Web Directa","Completada",483.64,483.64,"Tarjeta Crédito",88.14,"Tour"
668,"RES000668","2025-03-27 10:00:00","2025-05-05","2025-05-08",3,1,0,483.64,"Boutique Manuel Antonio","Boutique","Manuel Antonio","Costa Rica","Ricardo","Rojas","ricardo.rojas@mail.com","60006512","Corporativo","Negocios","Sencilla","407","Web Directa","Completada",483.64,483.64,"Tarjeta Crédito",76.84,"Traslado"
668,"RES000668","2025-03-27 10:00:00","2025-05-05","2025-05-08",3,1,0,483.64,"Boutique Manuel Antonio","Boutique","Manuel Antonio","Costa Rica","Ricardo","Rojas","ricardo.rojas@mail.com","60006512","Corporativo","Negocios","Sencilla","407","Web Directa","Completada",483.64,483.64,"Tarjeta Crédito",64.41,"Estacionamiento"
814,"RES000814","2026-02-02 10:00:00","2026-02-07","2026-02-12",2,0,0,447.48,"Resort Pacífico Jacó","Resort","Jacó","Costa Rica","Miguel","Mendoza","miguel.mendoza@mail.com","60001026","Familiar","Visita Familiar","Sencilla","204","Expedia","Completada",447.48,447.48,"Convenio Empresa",64.41,"Estacionamiento"
814,"RES000814","2026-02-02 10:00:00","2026-02-07","2026-02-12",2,0,0,447.48,"Resort Pacífico Jacó","Resort","Jacó","Costa Rica","Miguel","Mendoza","miguel.mendoza@mail.com","60001026","Familiar","Visita Familiar","Sencilla","204","Expedia","Completada",447.48,447.48,"Convenio Empresa",15.82,"Lavandería"
850,"RES000850","2026-03-10 10:00:00","2026-04-20","2026-04-25",1,0,0,600.88,"Resort Pacífico Jacó","Resort","Jacó","Costa Rica","Jorge","Flores","jorge.flores@mail.com","60009250","Turista","Vacaciones","Doble","213","Web Directa","Completada",600.88,600.88,"Tarjeta Débito",64.41,"Estacionamiento"
850,"RES000850","2026-03-10 10:00:00","2026-04-20","2026-04-25",1,0,0,600.88,"Resort Pacífico Jacó","Resort","Jacó","Costa Rica","Jorge","Flores","jorge.flores@mail.com","60009250","Turista","Vacaciones","Doble","213","Web Directa","Completada",600.88,600.88,"Tarjeta Débito",15.82,"Lavandería"
294,"RES000294","2026-08-01 10:00:00","2026-08-26","2026-08-27",2,2,0,242.95,"Resort Pacífico Jacó","Resort","Jacó","Costa Rica","Miguel","Mendoza","miguel.mendoza@mail.com","60009546","Familiar","Visita Familiar","Suite","234","Convenio Empresa","Completada",242.95,242.95,"Transferencia",61.02,"Restaurante"
645,"RES000645","2025-02-11 10:00:00","2025-02-27","2025-03-03",2,0,0,307.36,"Hotel Central San José","Urbano","San José","Costa Rica","Paula","Vargas","paula.vargas@mail.com","60000555","Corporativo","Negocios","Sencilla","102","Booking","Confirmada",307.36,122.94,"Transferencia",76.84,"Traslado"
607,"RES000607","2026-07-02 10:00:00","2026-09-08","2026-09-10",3,0,0,647.72,"Ecohotel Arenal","Ecohotel","La Fortuna","Costa Rica","Valeria","Torres","valeria.torres@mail.com","60001813","Grupo","Evento","Suite","332","Call Center","Completada",647.72,647.72,"Tarjeta Débito",186.45,"Spa"
607,"RES000607","2026-07-02 10:00:00","2026-09-08","2026-09-10",3,0,0,647.72,"Ecohotel Arenal","Ecohotel","La Fortuna","Costa Rica","Valeria","Torres","valeria.torres@mail.com","60001813","Grupo","Evento","Suite","332","Call Center","Completada",647.72,647.72,"Tarjeta Débito",79.33,"Tour"
438,"RES000438","2025-07-11 10:00:00","2025-09-28","2025-09-29",3,2,0,242.95,"Resort Pacífico Jacó","Resort","Jacó","Costa Rica","Andres","Perez","andres.perez@mail.com","60002442","Corporativo","Negocios","Suite","230","Agencia Mayorista","Completada",242.95,242.95,"Convenio Empresa",61.02,"Restaurante"
258,"RES000258","2026-03-28 10:00:00","2026-06-15","2026-06-16",3,2,0,164.53,"Resort Pacífico Jacó","Resort","Jacó","Costa Rica","Andres","Perez","andres.perez@mail.com","60000222","Corporativo","Negocios","Doble","225","Walk In","Completada",164.53,164.53,"Efectivo",54.92,"Restaurante"
853,"RES000853","2026-03-06 10:00:00","2026-04-19","2026-04-21",2,0,0,486.69,"Hotel Central San José","Urbano","San José","Costa Rica","Camila","Rivera","camila.rivera@mail.com","60000027","Turista","Vacaciones","Doble","114","Walk In","Completada",486.69,486.69,"Efectivo",186.11,"Spa"
853,"RES000853","2026-03-06 10:00:00","2026-04-19","2026-04-21",2,0,0,486.69,"Hotel Central San José","Urbano","San José","Costa Rica","Camila","Rivera","camila.rivera@mail.com","60000027","Turista","Vacaciones","Doble","114","Walk In","Completada",486.69,486.69,"Efectivo",94.92,"Tour"
378,"RES000378","2025-05-12 10:00:00","2025-05-31","2025-06-01",3,2,0,159.67,"Resort Pacífico Jacó","Resort","Jacó","Costa Rica","Andres","Perez","andres.perez@mail.com","60009102","Corporativo","Negocios","Doble","215","Convenio Empresa","Completada",159.67,159.67,"Tarjeta Crédito",61.02,"Restaurante"
799,"RES000799","2025-10-27 10:00:00","2026-01-15","2026-01-17",3,0,0,749.19,"Ecohotel Arenal","Ecohotel","La Fortuna","Costa Rica","Gabriela","Ortiz","gabriela.ortiz@mail.com","60007141","Turista","Vacaciones","Familiar","340","Booking","Completada",749.19,749.19,"Transferencia",186.45,"Spa"
799,"RES000799","2025-10-27 10:00:00","2026-01-15","2026-01-17",3,0,0,749.19,"Ecohotel Arenal","Ecohotel","La Fortuna","Costa Rica","Gabriela","Ortiz","gabriela.ortiz@mail.com","60007141","Turista","Vacaciones","Familiar","340","Booking","Completada",749.19,749.19,"Transferencia",88.14,"Tour"
276,"RES000276","2026-07-28 10:00:00","2026-08-04","2026-08-05",3,2,1,247.47,"Boutique Manuel Antonio","Boutique","Manuel Antonio","Costa Rica","Fernando","Morales","fernando.morales@mail.com","60004884","Turista","Vacaciones","Suite","429","Web Directa","Completada",247.47,247.47,"Convenio Empresa",47.46,"Restaurante"
646,"RES000646","2025-02-19 10:00:00","2025-03-08","2025-03-13",3,0,0,431.66,"Resort Pacífico Jacó","Resort","Jacó","Costa Rica","Luis","Fernandez","luis.fernandez@mail.com","60000814","Turista","Vacaciones","Sencilla","202","Expedia","Confirmada",431.66,172.66,"Convenio Empresa",64.41,"Estacionamiento"
379,"RES000379","2025-05-20 10:00:00","2025-06-09","2025-06-11",3,0,0,507.37,"Ecohotel Arenal","Ecohotel","La Fortuna","Costa Rica","Gabriela","Ortiz","gabriela.ortiz@mail.com","60009361","Turista","Vacaciones","Doble","315","Booking","Completada",507.37,507.37,"Tarjeta Débito",186.45,"Spa"
379,"RES000379","2025-05-20 10:00:00","2025-06-09","2025-06-11",3,0,0,507.37,"Ecohotel Arenal","Ecohotel","La Fortuna","Costa Rica","Gabriela","Ortiz","gabriela.ortiz@mail.com","60009361","Turista","Vacaciones","Doble","315","Booking","Completada",507.37,507.37,"Tarjeta Débito",88.14,"Tour"
320,"RES000320","2024-12-29 10:00:00","2025-02-18","2025-02-21",1,1,0,930.22,"Boutique Manuel Antonio","Boutique","Manuel Antonio","Costa Rica","Carlos","Rodriguez","carlos.rodriguez@mail.com","60005180","Turista","Vacaciones","Familiar","440","Call Center","Completada",930.22,930.22,"Efectivo",88.14,"Tour"
320,"RES000320","2024-12-29 10:00:00","2025-02-18","2025-02-21",1,1,0,930.22,"Boutique Manuel Antonio","Boutique","Manuel Antonio","Costa Rica","Carlos","Rodriguez","carlos.rodriguez@mail.com","60005180","Turista","Vacaciones","Familiar","440","Call Center","Completada",930.22,930.22,"Efectivo",69.16,"Traslado"
320,"RES000320","2024-12-29 10:00:00","2025-02-18","2025-02-21",1,1,0,930.22,"Boutique Manuel Antonio","Boutique","Manuel Antonio","Costa Rica","Carlos","Rodriguez","carlos.rodriguez@mail.com","60005180","Turista","Vacaciones","Familiar","440","Call Center","Completada",930.22,930.22,"Efectivo",64.41,"Estacionamiento"
115,"RES000115","2025-08-14 10:00:00","2025-09-09","2025-09-11",2,0,0,637.43,"Ecohotel Arenal","Ecohotel","La Fortuna","Costa Rica","Laura","Hernandez","laura.hernandez@mail.com","60007585","Corporativo","Negocios","Suite","329","Web Directa","Completada",637.43,637.43,"Efectivo",186.45,"Spa"
115,"RES000115","2025-08-14 10:00:00","2025-09-09","2025-09-11",2,0,0,637.43,"Ecohotel Arenal","Ecohotel","La Fortuna","Costa Rica","Laura","Hernandez","laura.hernandez@mail.com","60007585","Corporativo","Negocios","Suite","329","Web Directa","Completada",637.43,637.43,"Efectivo",88.14,"Tour"
97,"RES000097","2025-07-13 10:00:00","2025-07-21","2025-07-23",3,0,0,486.69,"Hotel Central San José","Urbano","San José","Costa Rica","Lucia","Silva","lucia.silva@mail.com","60002923","Grupo","Evento","Doble","125","Walk In","Completada",486.69,486.69,"Tarjeta Crédito",186.11,"Spa"
97,"RES000097","2025-07-13 10:00:00","2025-07-21","2025-07-23",3,0,0,486.69,"Hotel Central San José","Urbano","San José","Costa Rica","Lucia","Silva","lucia.silva@mail.com","60002923","Grupo","Evento","Doble","125","Walk In","Completada",486.69,486.69,"Tarjeta Crédito",94.92,"Tour"
108,"RES000108","2025-08-14 10:00:00","2025-09-02","2025-09-03",3,2,1,227.47,"Boutique Manuel Antonio","Boutique","Manuel Antonio","Costa Rica","Ricardo","Rojas","ricardo.rojas@mail.com","60005772","Corporativo","Negocios","Suite","427","Web Directa","Completada",227.47,227.47,"Transferencia",47.46,"Restaurante"
59,"RES000059","2025-03-21 10:00:00","2025-05-20","2025-05-26",3,0,0,968.41,"Ecohotel Arenal","Ecohotel","La Fortuna","Costa Rica","Gabriela","Ortiz","gabriela.ortiz@mail.com","60004181","Turista","Vacaciones","Doble","315","Web Directa","Completada",968.41,968.41,"Tarjeta Crédito",15.82,"Lavandería"
59,"RES000059","2025-03-21 10:00:00","2025-05-20","2025-05-26",3,0,0,968.41,"Ecohotel Arenal","Ecohotel","La Fortuna","Costa Rica","Gabriela","Ortiz","gabriela.ortiz@mail.com","60004181","Turista","Vacaciones","Doble","315","Web Directa","Completada",968.41,968.41,"Tarjeta Crédito",47.46,"Restaurante"
59,"RES000059","2025-03-21 10:00:00","2025-05-20","2025-05-26",3,0,0,968.41,"Ecohotel Arenal","Ecohotel","La Fortuna","Costa Rica","Gabriela","Ortiz","gabriela.ortiz@mail.com","60004181","Turista","Vacaciones","Doble","315","Web Directa","Completada",968.41,968.41,"Tarjeta Crédito",206.79,"Spa"
589,"RES000589","2026-05-31 10:00:00","2026-07-20","2026-07-22",3,0,0,647.49,"Hotel Central San José","Urbano","San José","Costa Rica","Maria","Lopez","maria.lopez@mail.com","60008251","Turista","Vacaciones","Suite","128","Booking","Completada",647.49,647.49,"Transferencia",206.79,"Spa"
589,"RES000589","2026-05-31 10:00:00","2026-07-20","2026-07-22",3,0,0,647.49,"Hotel Central San José","Urbano","San José","Costa Rica","Maria","Lopez","maria.lopez@mail.com","60008251","Turista","Vacaciones","Suite","128","Booking","Completada",647.49,647.49,"Transferencia",94.92,"Tour"
127,"RES000127","2025-08-26 10:00:00","2025-10-03","2025-10-05",3,0,0,656.53,"Ecohotel Arenal","Ecohotel","La Fortuna","Costa Rica","Valeria","Torres","valeria.torres@mail.com","60000693","Grupo","Evento","Suite","332","Booking","Completada",656.53,656.53,"Transferencia",186.45,"Spa"
127,"RES000127","2025-08-26 10:00:00","2025-10-03","2025-10-05",3,0,0,656.53,"Ecohotel Arenal","Ecohotel","La Fortuna","Costa Rica","Valeria","Torres","valeria.torres@mail.com","60000693","Grupo","Evento","Suite","332","Booking","Completada",656.53,656.53,"Transferencia",88.14,"Tour"
555,"RES000555","2026-05-11 10:00:00","2026-05-27","2026-05-31",2,0,0,459.01,"Ecohotel Arenal","Ecohotel","La Fortuna","Costa Rica","Laura","Hernandez","laura.hernandez@mail.com","60000545","Corporativo","Negocios","Doble","319","Expedia","Completada",459.01,459.01,"Tarjeta Débito",63.28,"Traslado"
567,"RES000567","2026-05-23 10:00:00","2026-06-20","2026-06-24",3,0,0,482.28,"Ecohotel Arenal","Ecohotel","La Fortuna","Costa Rica","Valeria","Torres","valeria.torres@mail.com","60002553","Grupo","Evento","Doble","322","Convenio Empresa","Completada",482.28,482.28,"Efectivo",63.28,"Traslado"
329,"RES000329","2024-12-17 10:00:00","2025-02-15","2025-02-21",3,0,0,676.87,"Hotel Central San José","Urbano","San José","Costa Rica","Maria","Lopez","maria.lopez@mail.com","60007511","Turista","Vacaciones","Sencilla","103","Convenio Empresa","Completada",676.87,676.87,"Efectivo",22.60,"Lavandería"
329,"RES000329","2024-12-17 10:00:00","2025-02-15","2025-02-21",3,0,0,676.87,"Hotel Central San José","Urbano","San José","Costa Rica","Maria","Lopez","maria.lopez@mail.com","60007511","Turista","Vacaciones","Sencilla","103","Convenio Empresa","Completada",676.87,676.87,"Efectivo",61.02,"Restaurante"
329,"RES000329","2024-12-17 10:00:00","2025-02-15","2025-02-21",3,0,0,676.87,"Hotel Central San José","Urbano","San José","Costa Rica","Maria","Lopez","maria.lopez@mail.com","60007511","Turista","Vacaciones","Sencilla","103","Convenio Empresa","Completada",676.87,676.87,"Efectivo",186.45,"Spa"
816,"RES000816","2026-02-18 10:00:00","2026-02-25","2026-02-26",3,2,1,132.21,"Boutique Manuel Antonio","Boutique","Manuel Antonio","Costa Rica","Fernando","Morales","fernando.morales@mail.com","60000444","Turista","Vacaciones","Sencilla","404","Agencia Mayorista","Completada",132.21,132.21,"Tarjeta Crédito",47.46,"Restaurante"
676,"RES000676","2025-04-04 10:00:00","2025-05-21","2025-05-26",3,1,0,490.42,"Boutique Manuel Antonio","Boutique","Manuel Antonio","Costa Rica","Fernando","Morales","fernando.morales@mail.com","60008584","Turista","Vacaciones","Sencilla","409","Agencia Mayorista","Completada",490.42,490.42,"Convenio Empresa",44.07,"Estacionamiento"
676,"RES000676","2025-04-04 10:00:00","2025-05-21","2025-05-26",3,1,0,490.42,"Boutique Manuel Antonio","Boutique","Manuel Antonio","Costa Rica","Fernando","Morales","fernando.morales@mail.com","60008584","Turista","Vacaciones","Sencilla","409","Agencia Mayorista","Completada",490.42,490.42,"Convenio Empresa",22.60,"Lavandería"
153,"RES000153","2025-09-07 10:00:00","2025-11-10","2025-11-14",2,0,0,842.08,"Hotel Central San José","Urbano","San José","Costa Rica","Camila","Rivera","camila.rivera@mail.com","60006327","Turista","Vacaciones","Familiar","139","Walk In","Completada",842.08,842.08,"Efectivo",69.16,"Traslado"
507,"RES000507","2025-12-24 10:00:00","2026-02-20","2026-02-24",3,0,0,379.68,"Ecohotel Arenal","Ecohotel","La Fortuna","Costa Rica","Valeria","Torres","valeria.torres@mail.com","60009213","Grupo","Evento","Sencilla","307","Web Directa","Completada",379.68,379.68,"Tarjeta Débito",63.28,"Traslado"
778,"RES000778","2025-09-29 10:00:00","2025-11-27","2025-12-02",3,0,0,989.88,"Resort Pacífico Jacó","Resort","Jacó","Costa Rica","Andres","Perez","andres.perez@mail.com","60001702","Corporativo","Negocios","Suite","235","Booking","Completada",989.88,989.88,"Tarjeta Crédito",64.41,"Estacionamiento"
778,"RES000778","2025-09-29 10:00:00","2025-11-27","2025-12-02",3,0,0,989.88,"Resort Pacífico Jacó","Resort","Jacó","Costa Rica","Andres","Perez","andres.perez@mail.com","60001702","Corporativo","Negocios","Suite","235","Booking","Completada",989.88,989.88,"Tarjeta Crédito",15.82,"Lavandería"
214,"RES000214","2026-02-12 10:00:00","2026-03-19","2026-03-24",2,0,0,628.28,"Resort Pacífico Jacó","Resort","Jacó","Costa Rica","Miguel","Mendoza","miguel.mendoza@mail.com","60001026","Familiar","Visita Familiar","Doble","214","Agencia Mayorista","Completada",628.28,628.28,"Convenio Empresa",64.41,"Estacionamiento"
214,"RES000214","2026-02-12 10:00:00","2026-03-19","2026-03-24",2,0,0,628.28,"Resort Pacífico Jacó","Resort","Jacó","Costa Rica","Miguel","Mendoza","miguel.mendoza@mail.com","60001026","Familiar","Visita Familiar","Doble","214","Agencia Mayorista","Completada",628.28,628.28,"Convenio Empresa",15.82,"Lavandería"
847,"RES000847","2026-03-14 10:00:00","2026-04-21","2026-04-23",3,0,0,507.37,"Ecohotel Arenal","Ecohotel","La Fortuna","Costa Rica","Valeria","Torres","valeria.torres@mail.com","60008473","Grupo","Evento","Doble","312","Convenio Empresa","Completada",507.37,507.37,"Convenio Empresa",186.45,"Spa"
847,"RES000847","2026-03-14 10:00:00","2026-04-21","2026-04-23",3,0,0,507.37,"Ecohotel Arenal","Ecohotel","La Fortuna","Costa Rica","Valeria","Torres","valeria.torres@mail.com","60008473","Grupo","Evento","Doble","312","Convenio Empresa","Completada",507.37,507.37,"Convenio Empresa",88.14,"Tour"
419,"RES000419","2025-06-29 10:00:00","2025-08-28","2025-09-03",3,0,0,966.83,"Ecohotel Arenal","Ecohotel","La Fortuna","Costa Rica","Gabriela","Ortiz","gabriela.ortiz@mail.com","60008621","Turista","Vacaciones","Doble","325","Walk In","Completada",966.83,966.83,"Convenio Empresa",14.24,"Lavandería"
419,"RES000419","2025-06-29 10:00:00","2025-08-28","2025-09-03",3,0,0,966.83,"Ecohotel Arenal","Ecohotel","La Fortuna","Costa Rica","Gabriela","Ortiz","gabriela.ortiz@mail.com","60008621","Turista","Vacaciones","Doble","325","Walk In","Completada",966.83,966.83,"Convenio Empresa",47.46,"Restaurante"
419,"RES000419","2025-06-29 10:00:00","2025-08-28","2025-09-03",3,0,0,966.83,"Ecohotel Arenal","Ecohotel","La Fortuna","Costa Rica","Gabriela","Ortiz","gabriela.ortiz@mail.com","60008621","Turista","Vacaciones","Doble","325","Walk In","Completada",966.83,966.83,"Convenio Empresa",206.79,"Spa"
551,"RES000551","2026-05-07 10:00:00","2026-05-19","2026-05-25",1,0,0,963.66,"Ecohotel Arenal","Ecohotel","La Fortuna","Costa Rica","Elena","Navarro","elena.navarro@mail.com","60009509","Familiar","Visita Familiar","Doble","318","Call Center","Completada",963.66,963.66,"Transferencia",15.82,"Lavandería"
551,"RES000551","2026-05-07 10:00:00","2026-05-19","2026-05-25",1,0,0,963.66,"Ecohotel Arenal","Ecohotel","La Fortuna","Costa Rica","Elena","Navarro","elena.navarro@mail.com","60009509","Familiar","Visita Familiar","Doble","318","Call Center","Completada",963.66,963.66,"Transferencia",42.71,"Restaurante"
551,"RES000551","2026-05-07 10:00:00","2026-05-19","2026-05-25",1,0,0,963.66,"Ecohotel Arenal","Ecohotel","La Fortuna","Costa Rica","Elena","Navarro","elena.navarro@mail.com","60009509","Familiar","Visita Familiar","Doble","318","Call Center","Completada",963.66,963.66,"Transferencia",206.79,"Spa"
532,"RES000532","2026-01-25 10:00:00","2026-04-18","2026-04-23",1,1,0,682.52,"Boutique Manuel Antonio","Boutique","Manuel Antonio","Costa Rica","Jose","Martinez","jose.martinez@mail.com","60004588","Turista","Vacaciones","Doble","413","Convenio Empresa","Completada",682.52,682.52,"Transferencia",44.07,"Estacionamiento"
532,"RES000532","2026-01-25 10:00:00","2026-04-18","2026-04-23",1,1,0,682.52,"Boutique Manuel Antonio","Boutique","Manuel Antonio","Costa Rica","Jose","Martinez","jose.martinez@mail.com","60004588","Turista","Vacaciones","Doble","413","Convenio Empresa","Completada",682.52,682.52,"Transferencia",22.60,"Lavandería"
95,"RES000095","2025-07-25 10:00:00","2025-07-31","2025-08-06",2,0,0,912.81,"Ecohotel Arenal","Ecohotel","La Fortuna","Costa Rica","Laura","Hernandez","laura.hernandez@mail.com","60002405","Corporativo","Negocios","Doble","324","Agencia Mayorista","Completada",912.81,912.81,"Convenio Empresa",15.82,"Lavandería"
95,"RES000095","2025-07-25 10:00:00","2025-07-31","2025-08-06",2,0,0,912.81,"Ecohotel Arenal","Ecohotel","La Fortuna","Costa Rica","Laura","Hernandez","laura.hernandez@mail.com","60002405","Corporativo","Negocios","Doble","324","Agencia Mayorista","Completada",912.81,912.81,"Convenio Empresa",47.46,"Restaurante"
95,"RES000095","2025-07-25 10:00:00","2025-07-31","2025-08-06",2,0,0,912.81,"Ecohotel Arenal","Ecohotel","La Fortuna","Costa Rica","Laura","Hernandez","laura.hernandez@mail.com","60002405","Corporativo","Negocios","Doble","324","Agencia Mayorista","Completada",912.81,912.81,"Convenio Empresa",186.11,"Spa"
259,"RES000259","2026-04-05 10:00:00","2026-06-24","2026-06-26",3,0,0,507.37,"Ecohotel Arenal","Ecohotel","La Fortuna","Costa Rica","Gabriela","Ortiz","gabriela.ortiz@mail.com","60000481","Turista","Vacaciones","Doble","325","Convenio Empresa","Completada",507.37,507.37,"Tarjeta Crédito",186.45,"Spa"
259,"RES000259","2026-04-05 10:00:00","2026-06-24","2026-06-26",3,0,0,507.37,"Ecohotel Arenal","Ecohotel","La Fortuna","Costa Rica","Gabriela","Ortiz","gabriela.ortiz@mail.com","60000481","Turista","Vacaciones","Doble","325","Convenio Empresa","Completada",507.37,507.37,"Tarjeta Crédito",88.14,"Tour"
519,"RES000519","2026-01-05 10:00:00","2026-03-16","2026-03-20",3,0,0,379.68,"Ecohotel Arenal","Ecohotel","La Fortuna","Costa Rica","Gabriela","Ortiz","gabriela.ortiz@mail.com","60001221","Turista","Vacaciones","Sencilla","310","Booking","Completada",379.68,379.68,"Convenio Empresa",63.28,"Traslado"
172,"RES000172","2025-10-17 10:00:00","2026-01-08","2026-01-13",1,1,0,490.42,"Boutique Manuel Antonio","Boutique","Manuel Antonio","Costa Rica","Jose","Martinez","jose.martinez@mail.com","60000148","Turista","Vacaciones","Sencilla","403","Agencia Mayorista","Completada",490.42,490.42,"Efectivo",44.07,"Estacionamiento"
172,"RES000172","2025-10-17 10:00:00","2026-01-08","2026-01-13",1,1,0,490.42,"Boutique Manuel Antonio","Boutique","Manuel Antonio","Costa Rica","Jose","Martinez","jose.martinez@mail.com","60000148","Turista","Vacaciones","Sencilla","403","Agencia Mayorista","Completada",490.42,490.42,"Efectivo",22.60,"Lavandería"
409,"RES000409","2025-06-05 10:00:00","2025-07-25","2025-07-27",3,0,0,507.37,"Hotel Central San José","Urbano","San José","Costa Rica","Maria","Lopez","maria.lopez@mail.com","60006031","Turista","Vacaciones","Doble","123","Web Directa","Completada",507.37,507.37,"Convenio Empresa",206.79,"Spa"
409,"RES000409","2025-06-05 10:00:00","2025-07-25","2025-07-27",3,0,0,507.37,"Hotel Central San José","Urbano","San José","Costa Rica","Maria","Lopez","maria.lopez@mail.com","60006031","Turista","Vacaciones","Doble","123","Web Directa","Completada",507.37,507.37,"Convenio Empresa",94.92,"Tour"
840,"RES000840","2026-03-14 10:00:00","2026-04-14","2026-04-15",1,2,1,119.50,"Boutique Manuel Antonio","Boutique","Manuel Antonio","Costa Rica","Carlos","Rodriguez","carlos.rodriguez@mail.com","60006660","Turista","Vacaciones","Sencilla","410","Convenio Empresa","Completada",119.50,119.50,"Tarjeta Crédito",47.46,"Restaurante"
30,"RES000030","2025-02-13 10:00:00","2025-03-16","2025-03-17",1,2,0,123.45,"Resort Pacífico Jacó","Resort","Jacó","Costa Rica","Jorge","Flores","jorge.flores@mail.com","60007770","Turista","Vacaciones","Sencilla","208","Expedia","Completada",123.45,123.45,"Tarjeta Crédito",61.02,"Restaurante"
249,"RES000249","2026-03-12 10:00:00","2026-05-21","2026-05-25",3,0,0,488.16,"Hotel Central San José","Urbano","San José","Costa Rica","Maria","Lopez","maria.lopez@mail.com","60008991","Turista","Vacaciones","Doble","123","Agencia Mayorista","Completada",488.16,488.16,"Tarjeta Crédito",76.84,"Traslado"
255,"RES000255","2026-04-01 10:00:00","2026-06-16","2026-06-20",2,0,0,459.01,"Ecohotel Arenal","Ecohotel","La Fortuna","Costa Rica","Laura","Hernandez","laura.hernandez@mail.com","60000545","Corporativo","Negocios","Doble","324","Web Directa","Completada",459.01,459.01,"Tarjeta Débito",63.28,"Traslado"
296,"RES000296","2024-12-05 10:00:00","2025-01-01","2025-01-04",3,1,0,829.42,"Boutique Manuel Antonio","Boutique","Manuel Antonio","Costa Rica","Fernando","Morales","fernando.morales@mail.com","60000064","Turista","Vacaciones","Suite","434","Expedia","Completada",829.42,829.42,"Efectivo",88.14,"Tour"
296,"RES000296","2024-12-05 10:00:00","2025-01-01","2025-01-04",3,1,0,829.42,"Boutique Manuel Antonio","Boutique","Manuel Antonio","Costa Rica","Fernando","Morales","fernando.morales@mail.com","60000064","Turista","Vacaciones","Suite","434","Expedia","Completada",829.42,829.42,"Efectivo",76.84,"Traslado"
296,"RES000296","2024-12-05 10:00:00","2025-01-01","2025-01-04",3,1,0,829.42,"Boutique Manuel Antonio","Boutique","Manuel Antonio","Costa Rica","Fernando","Morales","fernando.morales@mail.com","60000064","Turista","Vacaciones","Suite","434","Expedia","Completada",829.42,829.42,"Efectivo",64.41,"Estacionamiento"
639,"RES000639","2025-02-19 10:00:00","2025-03-01","2025-03-05",3,0,0,917.56,"Ecohotel Arenal","Ecohotel","La Fortuna","Costa Rica","Gabriela","Ortiz","gabriela.ortiz@mail.com","60000101","Turista","Vacaciones","Familiar","340","Expedia","Completada",917.56,917.56,"Efectivo",63.28,"Traslado"
209,"RES000209","2026-01-31 10:00:00","2026-03-02","2026-03-08",3,0,0,884.79,"Hotel Central San José","Urbano","San José","Costa Rica","Maria","Lopez","maria.lopez@mail.com","60009731","Turista","Vacaciones","Doble","113","Walk In","Completada",884.79,884.79,"Convenio Empresa",20.34,"Lavandería"
209,"RES000209","2026-01-31 10:00:00","2026-03-02","2026-03-08",3,0,0,884.79,"Hotel Central San José","Urbano","San José","Costa Rica","Maria","Lopez","maria.lopez@mail.com","60009731","Turista","Vacaciones","Doble","113","Walk In","Completada",884.79,884.79,"Convenio Empresa",61.02,"Restaurante"
209,"RES000209","2026-01-31 10:00:00","2026-03-02","2026-03-08",3,0,0,884.79,"Hotel Central San José","Urbano","San José","Costa Rica","Maria","Lopez","maria.lopez@mail.com","60009731","Turista","Vacaciones","Doble","113","Walk In","Completada",884.79,884.79,"Convenio Empresa",186.45,"Spa"
74,"RES000074","2025-03-29 10:00:00","2025-06-12","2025-06-15",2,0,0,526.69,"Resort Pacífico Jacó","Resort","Jacó","Costa Rica","Miguel","Mendoza","miguel.mendoza@mail.com","60008066","Familiar","Visita Familiar","Doble","219","Agencia Mayorista","Completada",526.69,526.69,"Tarjeta Débito",94.92,"Tour"
74,"RES000074","2025-03-29 10:00:00","2025-06-12","2025-06-15",2,0,0,526.69,"Resort Pacífico Jacó","Resort","Jacó","Costa Rica","Miguel","Mendoza","miguel.mendoza@mail.com","60008066","Familiar","Visita Familiar","Doble","219","Agencia Mayorista","Completada",526.69,526.69,"Tarjeta Débito",63.28,"Traslado"
74,"RES000074","2025-03-29 10:00:00","2025-06-12","2025-06-15",2,0,0,526.69,"Resort Pacífico Jacó","Resort","Jacó","Costa Rica","Miguel","Mendoza","miguel.mendoza@mail.com","60008066","Familiar","Visita Familiar","Doble","219","Agencia Mayorista","Completada",526.69,526.69,"Tarjeta Débito",39.66,"Estacionamiento"
868,"RES000868","2026-04-11 10:00:00","2026-06-09","2026-06-14",3,1,0,682.52,"Boutique Manuel Antonio","Boutique","Manuel Antonio","Costa Rica","Ricardo","Rojas","ricardo.rojas@mail.com","60002812","Corporativo","Negocios","Doble","417","Convenio Empresa","Completada",682.52,682.52,"Tarjeta Crédito",44.07,"Estacionamiento"
868,"RES000868","2026-04-11 10:00:00","2026-06-09","2026-06-14",3,1,0,682.52,"Boutique Manuel Antonio","Boutique","Manuel Antonio","Costa Rica","Ricardo","Rojas","ricardo.rojas@mail.com","60002812","Corporativo","Negocios","Doble","417","Convenio Empresa","Completada",682.52,682.52,"Tarjeta Crédito",22.60,"Lavandería"
138,"RES000138","2025-08-30 10:00:00","2025-10-18","2025-10-19",3,2,0,242.95,"Resort Pacífico Jacó","Resort","Jacó","Costa Rica","Andres","Perez","andres.perez@mail.com","60002442","Corporativo","Negocios","Suite","235","Call Center","Completada",242.95,242.95,"Convenio Empresa",61.02,"Restaurante"
34,"RES000034","2025-02-17 10:00:00","2025-03-24","2025-03-29",2,0,0,441.04,"Resort Pacífico Jacó","Resort","Jacó","Costa Rica","Miguel","Mendoza","miguel.mendoza@mail.com","60008806","Familiar","Visita Familiar","Sencilla","209","Walk In","Completada",441.04,441.04,"Efectivo",57.97,"Estacionamiento"
34,"RES000034","2025-02-17 10:00:00","2025-03-24","2025-03-29",2,0,0,441.04,"Resort Pacífico Jacó","Resort","Jacó","Costa Rica","Miguel","Mendoza","miguel.mendoza@mail.com","60008806","Familiar","Visita Familiar","Sencilla","209","Walk In","Completada",441.04,441.04,"Efectivo",15.82,"Lavandería"
418,"RES000418","2025-06-21 10:00:00","2025-08-19","2025-08-24",3,0,0,626.70,"Resort Pacífico Jacó","Resort","Jacó","Costa Rica","Andres","Perez","andres.perez@mail.com","60008362","Corporativo","Negocios","Doble","225","Call Center","Completada",626.70,626.70,"Transferencia",64.41,"Estacionamiento"
418,"RES000418","2025-06-21 10:00:00","2025-08-19","2025-08-24",3,0,0,626.70,"Resort Pacífico Jacó","Resort","Jacó","Costa Rica","Andres","Perez","andres.perez@mail.com","60008362","Corporativo","Negocios","Doble","225","Call Center","Completada",626.70,626.70,"Transferencia",14.24,"Lavandería"
407,"RES000407","2025-06-17 10:00:00","2025-08-04","2025-08-10",3,0,0,968.41,"Ecohotel Arenal","Ecohotel","La Fortuna","Costa Rica","Valeria","Torres","valeria.torres@mail.com","60005513","Grupo","Evento","Doble","322","Booking","Completada",968.41,968.41,"Tarjeta Débito",15.82,"Lavandería"
407,"RES000407","2025-06-17 10:00:00","2025-08-04","2025-08-10",3,0,0,968.41,"Ecohotel Arenal","Ecohotel","La Fortuna","Costa Rica","Valeria","Torres","valeria.torres@mail.com","60005513","Grupo","Evento","Doble","322","Booking","Completada",968.41,968.41,"Tarjeta Débito",47.46,"Restaurante"
407,"RES000407","2025-06-17 10:00:00","2025-08-04","2025-08-10",3,0,0,968.41,"Ecohotel Arenal","Ecohotel","La Fortuna","Costa Rica","Valeria","Torres","valeria.torres@mail.com","60005513","Grupo","Evento","Doble","322","Booking","Completada",968.41,968.41,"Tarjeta Débito",206.79,"Spa"
90,"RES000090","2025-07-13 10:00:00","2025-07-14","2025-07-15",1,2,0,148.09,"Resort Pacífico Jacó","Resort","Jacó","Costa Rica","Jorge","Flores","jorge.flores@mail.com","60001110","Turista","Vacaciones","Doble","223","Walk In","Completada",148.09,148.09,"Convenio Empresa",54.92,"Restaurante"
387,"RES000387","2025-05-28 10:00:00","2025-06-25","2025-06-29",3,0,0,482.28,"Ecohotel Arenal","Ecohotel","La Fortuna","Costa Rica","Valeria","Torres","valeria.torres@mail.com","60000333","Grupo","Evento","Doble","317","Expedia","Completada",482.28,482.28,"Tarjeta Crédito",63.28,"Traslado"
39,"RES000039","2025-03-01 10:00:00","2025-04-10","2025-04-14",3,0,0,379.68,"Ecohotel Arenal","Ecohotel","La Fortuna","Costa Rica","Gabriela","Ortiz","gabriela.ortiz@mail.com","60000101","Turista","Vacaciones","Sencilla","310","Agencia Mayorista","Completada",379.68,379.68,"Efectivo",63.28,"Traslado"
690,"RES000690","2025-04-04 10:00:00","2025-06-04","2025-06-05",1,2,0,154.19,"Resort Pacífico Jacó","Resort","Jacó","Costa Rica","Jorge","Flores","jorge.flores@mail.com","60001110","Turista","Vacaciones","Doble","213","Agencia Mayorista","Completada",154.19,154.19,"Convenio Empresa",61.02,"Restaurante"
526,"RES000526","2026-01-05 10:00:00","2026-03-23","2026-03-28",3,0,0,612.46,"Resort Pacífico Jacó","Resort","Jacó","Costa Rica","Luis","Fernandez","luis.fernandez@mail.com","60003034","Turista","Vacaciones","Doble","212","Booking","Confirmada",612.46,244.98,"Transferencia",64.41,"Estacionamiento"
393,"RES000393","2025-05-20 10:00:00","2025-06-23","2025-06-27",2,0,0,488.16,"Hotel Central San José","Urbano","San José","Costa Rica","Camila","Rivera","camila.rivera@mail.com","60001887","Turista","Vacaciones","Doble","119","Booking","Completada",488.16,488.16,"Tarjeta Débito",76.84,"Traslado"
312,"RES000312","2024-12-21 10:00:00","2025-02-02","2025-02-03",1,2,1,296.06,"Boutique Manuel Antonio","Boutique","Manuel Antonio","Costa Rica","Jose","Martinez","jose.martinez@mail.com","60003108","Turista","Vacaciones","Familiar","438","Agencia Mayorista","Completada",296.06,296.06,"Tarjeta Débito",47.46,"Restaurante"
498,"RES000498","2025-12-08 10:00:00","2026-01-26","2026-01-27",3,2,0,134.47,"Resort Pacífico Jacó","Resort","Jacó","Costa Rica","Andres","Perez","andres.perez@mail.com","60006882","Corporativo","Negocios","Sencilla","205","Booking","Completada",134.47,134.47,"Tarjeta Débito",61.02,"Restaurante"
494,"RES000494","2025-12-04 10:00:00","2026-01-18","2026-01-21",2,0,0,418.21,"Resort Pacífico Jacó","Resort","Jacó","Costa Rica","Miguel","Mendoza","miguel.mendoza@mail.com","60005846","Familiar","Visita Familiar","Sencilla","204","Agencia Mayorista","Completada",418.21,418.21,"Transferencia",94.92,"Tour"
494,"RES000494","2025-12-04 10:00:00","2026-01-18","2026-01-21",2,0,0,418.21,"Resort Pacífico Jacó","Resort","Jacó","Costa Rica","Miguel","Mendoza","miguel.mendoza@mail.com","60005846","Familiar","Visita Familiar","Sencilla","204","Agencia Mayorista","Completada",418.21,418.21,"Transferencia",63.28,"Traslado"
494,"RES000494","2025-12-04 10:00:00","2026-01-18","2026-01-21",2,0,0,418.21,"Resort Pacífico Jacó","Resort","Jacó","Costa Rica","Miguel","Mendoza","miguel.mendoza@mail.com","60005846","Familiar","Visita Familiar","Sencilla","204","Agencia Mayorista","Completada",418.21,418.21,"Transferencia",39.66,"Estacionamiento"
469,"RES000469","2025-11-02 10:00:00","2025-11-22","2025-11-24",3,0,0,731.11,"Hotel Central San José","Urbano","San José","Costa Rica","Maria","Lopez","maria.lopez@mail.com","60000471","Turista","Vacaciones","Familiar","138","Convenio Empresa","Completada",731.11,731.11,"Tarjeta Débito",206.79,"Spa"
469,"RES000469","2025-11-02 10:00:00","2025-11-22","2025-11-24",3,0,0,731.11,"Hotel Central San José","Urbano","San José","Costa Rica","Maria","Lopez","maria.lopez@mail.com","60000471","Turista","Vacaciones","Familiar","138","Convenio Empresa","Completada",731.11,731.11,"Tarjeta Débito",94.92,"Tour"
118,"RES000118","2025-08-10 10:00:00","2025-09-08","2025-09-13",3,0,0,983.44,"Resort Pacífico Jacó","Resort","Jacó","Costa Rica","Andres","Perez","andres.perez@mail.com","60008362","Corporativo","Negocios","Suite","230","Walk In","Completada",983.44,983.44,"Transferencia",57.97,"Estacionamiento"
118,"RES000118","2025-08-10 10:00:00","2025-09-08","2025-09-13",3,0,0,983.44,"Resort Pacífico Jacó","Resort","Jacó","Costa Rica","Andres","Perez","andres.perez@mail.com","60008362","Corporativo","Negocios","Suite","230","Walk In","Completada",983.44,983.44,"Transferencia",15.82,"Lavandería"
608,"RES000608","2024-10-28 10:00:00","2025-01-05","2025-01-08",3,1,0,820.61,"Boutique Manuel Antonio","Boutique","Manuel Antonio","Costa Rica","Ricardo","Rojas","ricardo.rojas@mail.com","60002072","Corporativo","Negocios","Suite","432","Walk In","Completada",820.61,820.61,"Transferencia",79.33,"Tour"
608,"RES000608","2024-10-28 10:00:00","2025-01-05","2025-01-08",3,1,0,820.61,"Boutique Manuel Antonio","Boutique","Manuel Antonio","Costa Rica","Ricardo","Rojas","ricardo.rojas@mail.com","60002072","Corporativo","Negocios","Suite","432","Walk In","Completada",820.61,820.61,"Transferencia",76.84,"Traslado"
608,"RES000608","2024-10-28 10:00:00","2025-01-05","2025-01-08",3,1,0,820.61,"Boutique Manuel Antonio","Boutique","Manuel Antonio","Costa Rica","Ricardo","Rojas","ricardo.rojas@mail.com","60002072","Corporativo","Negocios","Suite","432","Walk In","Completada",820.61,820.61,"Transferencia",64.41,"Estacionamiento"
793,"RES000793","2025-10-07 10:00:00","2025-12-20","2025-12-22",2,0,0,731.11,"Hotel Central San José","Urbano","San José","Costa Rica","Camila","Rivera","camila.rivera@mail.com","60005587","Turista","Vacaciones","Familiar","139","Expedia","Completada",731.11,731.11,"Tarjeta Débito",206.79,"Spa"
793,"RES000793","2025-10-07 10:00:00","2025-12-20","2025-12-22",2,0,0,731.11,"Hotel Central San José","Urbano","San José","Costa Rica","Camila","Rivera","camila.rivera@mail.com","60005587","Turista","Vacaciones","Familiar","139","Expedia","Completada",731.11,731.11,"Tarjeta Débito",94.92,"Tour"
317,"RES000317","2024-12-05 10:00:00","2025-01-22","2025-01-28",3,0,0,1558.27,"Hotel Central San José","Urbano","San José","Costa Rica","Lucia","Silva","lucia.silva@mail.com","60004403","Grupo","Evento","Familiar","140","Expedia","Completada",1558.27,1558.27,"Tarjeta Débito",22.60,"Lavandería"
317,"RES000317","2024-12-05 10:00:00","2025-01-22","2025-01-28",3,0,0,1558.27,"Hotel Central San José","Urbano","San José","Costa Rica","Lucia","Silva","lucia.silva@mail.com","60004403","Grupo","Evento","Familiar","140","Expedia","Completada",1558.27,1558.27,"Tarjeta Débito",61.02,"Restaurante"
317,"RES000317","2024-12-05 10:00:00","2025-01-22","2025-01-28",3,0,0,1558.27,"Hotel Central San José","Urbano","San José","Costa Rica","Lucia","Silva","lucia.silva@mail.com","60004403","Grupo","Evento","Familiar","140","Expedia","Completada",1558.27,1558.27,"Tarjeta Débito",186.45,"Spa"
488,"RES000488","2025-12-12 10:00:00","2026-01-20","2026-01-23",3,1,0,475.96,"Boutique Manuel Antonio","Boutique","Manuel Antonio","Costa Rica","Ricardo","Rojas","ricardo.rojas@mail.com","60004292","Corporativo","Negocios","Sencilla","402","Call Center","Completada",475.96,475.96,"Tarjeta Débito",88.14,"Tour"
488,"RES000488","2025-12-12 10:00:00","2026-01-20","2026-01-23",3,1,0,475.96,"Boutique Manuel Antonio","Boutique","Manuel Antonio","Costa Rica","Ricardo","Rojas","ricardo.rojas@mail.com","60004292","Corporativo","Negocios","Sencilla","402","Call Center","Completada",475.96,475.96,"Tarjeta Débito",69.16,"Traslado"
488,"RES000488","2025-12-12 10:00:00","2026-01-20","2026-01-23",3,1,0,475.96,"Boutique Manuel Antonio","Boutique","Manuel Antonio","Costa Rica","Ricardo","Rojas","ricardo.rojas@mail.com","60004292","Corporativo","Negocios","Sencilla","402","Call Center","Completada",475.96,475.96,"Tarjeta Débito",64.41,"Estacionamiento"
126,"RES000126","2025-08-18 10:00:00","2025-09-24","2025-09-25",3,2,0,224.76,"Resort Pacífico Jacó","Resort","Jacó","Costa Rica","Luis","Fernandez","luis.fernandez@mail.com","60000434","Turista","Vacaciones","Suite","232","Convenio Empresa","Confirmada",224.76,89.90,"Transferencia",61.02,"Restaurante"
194,"RES000194","2026-01-23 10:00:00","2026-02-07","2026-02-10",2,0,0,416.29,"Resort Pacífico Jacó","Resort","Jacó","Costa Rica","Miguel","Mendoza","miguel.mendoza@mail.com","60005846","Familiar","Visita Familiar","Sencilla","209","Call Center","Completada",416.29,416.29,"Transferencia",94.92,"Tour"
194,"RES000194","2026-01-23 10:00:00","2026-02-07","2026-02-10",2,0,0,416.29,"Resort Pacífico Jacó","Resort","Jacó","Costa Rica","Miguel","Mendoza","miguel.mendoza@mail.com","60005846","Familiar","Visita Familiar","Sencilla","209","Call Center","Completada",416.29,416.29,"Transferencia",56.95,"Traslado"
194,"RES000194","2026-01-23 10:00:00","2026-02-07","2026-02-10",2,0,0,416.29,"Resort Pacífico Jacó","Resort","Jacó","Costa Rica","Miguel","Mendoza","miguel.mendoza@mail.com","60005846","Familiar","Visita Familiar","Sencilla","209","Call Center","Completada",416.29,416.29,"Transferencia",44.07,"Estacionamiento"
360,"RES000360","2025-05-08 10:00:00","2025-05-09","2025-05-10",1,2,1,119.50,"Boutique Manuel Antonio","Boutique","Manuel Antonio","Costa Rica","Carlos","Rodriguez","carlos.rodriguez@mail.com","60004440","Turista","Vacaciones","Sencilla","410","Web Directa","Completada",119.50,119.50,"Tarjeta Débito",47.46,"Restaurante"
476,"RES000476","2025-11-30 10:00:00","2025-12-27","2025-12-30",3,1,0,975.19,"Boutique Manuel Antonio","Boutique","Manuel Antonio","Costa Rica","Fernando","Morales","fernando.morales@mail.com","60001184","Turista","Vacaciones","Familiar","439","Convenio Empresa","Completada",975.19,975.19,"Convenio Empresa",88.14,"Tour"
476,"RES000476","2025-11-30 10:00:00","2025-12-27","2025-12-30",3,1,0,975.19,"Boutique Manuel Antonio","Boutique","Manuel Antonio","Costa Rica","Fernando","Morales","fernando.morales@mail.com","60001184","Turista","Vacaciones","Familiar","439","Convenio Empresa","Completada",975.19,975.19,"Convenio Empresa",76.84,"Traslado"
476,"RES000476","2025-11-30 10:00:00","2025-12-27","2025-12-30",3,1,0,975.19,"Boutique Manuel Antonio","Boutique","Manuel Antonio","Costa Rica","Fernando","Morales","fernando.morales@mail.com","60001184","Turista","Vacaciones","Familiar","439","Convenio Empresa","Completada",975.19,975.19,"Convenio Empresa",64.41,"Estacionamiento"
99,"RES000099","2025-07-29 10:00:00","2025-08-08","2025-08-12",3,0,0,482.28,"Ecohotel Arenal","Ecohotel","La Fortuna","Costa Rica","Gabriela","Ortiz","gabriela.ortiz@mail.com","60003441","Turista","Vacaciones","Doble","325","Booking","Completada",482.28,482.28,"Transferencia",63.28,"Traslado"
629,"RES000629","2024-10-28 10:00:00","2025-01-26","2025-02-01",3,0,0,1556.01,"Hotel Central San José","Urbano","San José","Costa Rica","Maria","Lopez","maria.lopez@mail.com","60007511","Turista","Vacaciones","Familiar","138","Walk In","Completada",1556.01,1556.01,"Efectivo",20.34,"Lavandería"
629,"RES000629","2024-10-28 10:00:00","2025-01-26","2025-02-01",3,0,0,1556.01,"Hotel Central San José","Urbano","San José","Costa Rica","Maria","Lopez","maria.lopez@mail.com","60007511","Turista","Vacaciones","Familiar","138","Walk In","Completada",1556.01,1556.01,"Efectivo",61.02,"Restaurante"
629,"RES000629","2024-10-28 10:00:00","2025-01-26","2025-02-01",3,0,0,1556.01,"Hotel Central San José","Urbano","San José","Costa Rica","Maria","Lopez","maria.lopez@mail.com","60007511","Turista","Vacaciones","Familiar","138","Walk In","Completada",1556.01,1556.01,"Efectivo",186.45,"Spa"
726,"RES000726","2025-08-08 10:00:00","2025-08-15","2025-08-16",3,2,0,170.63,"Resort Pacífico Jacó","Resort","Jacó","Costa Rica","Luis","Fernandez","luis.fernandez@mail.com","60000434","Turista","Vacaciones","Doble","222","Call Center","Confirmada",170.63,68.25,"Transferencia",61.02,"Restaurante"
374,"RES000374","2025-05-08 10:00:00","2025-05-23","2025-05-26",2,0,0,531.10,"Resort Pacífico Jacó","Resort","Jacó","Costa Rica","Miguel","Mendoza","miguel.mendoza@mail.com","60008066","Familiar","Visita Familiar","Doble","214","Web Directa","Completada",531.10,531.10,"Tarjeta Débito",94.92,"Tour"
374,"RES000374","2025-05-08 10:00:00","2025-05-23","2025-05-26",2,0,0,531.10,"Resort Pacífico Jacó","Resort","Jacó","Costa Rica","Miguel","Mendoza","miguel.mendoza@mail.com","60008066","Familiar","Visita Familiar","Doble","214","Web Directa","Completada",531.10,531.10,"Tarjeta Débito",63.28,"Traslado"
374,"RES000374","2025-05-08 10:00:00","2025-05-23","2025-05-26",2,0,0,531.10,"Resort Pacífico Jacó","Resort","Jacó","Costa Rica","Miguel","Mendoza","miguel.mendoza@mail.com","60008066","Familiar","Visita Familiar","Doble","214","Web Directa","Completada",531.10,531.10,"Tarjeta Débito",44.07,"Estacionamiento"
719,"RES000719","2025-05-10 10:00:00","2025-08-08","2025-08-14",3,0,0,963.66,"Ecohotel Arenal","Ecohotel","La Fortuna","Costa Rica","Gabriela","Ortiz","gabriela.ortiz@mail.com","60008621","Turista","Vacaciones","Doble","320","Call Center","Completada",963.66,963.66,"Convenio Empresa",15.82,"Lavandería"
719,"RES000719","2025-05-10 10:00:00","2025-08-08","2025-08-14",3,0,0,963.66,"Ecohotel Arenal","Ecohotel","La Fortuna","Costa Rica","Gabriela","Ortiz","gabriela.ortiz@mail.com","60008621","Turista","Vacaciones","Doble","320","Call Center","Completada",963.66,963.66,"Convenio Empresa",42.71,"Restaurante"
719,"RES000719","2025-05-10 10:00:00","2025-08-08","2025-08-14",3,0,0,963.66,"Ecohotel Arenal","Ecohotel","La Fortuna","Costa Rica","Gabriela","Ortiz","gabriela.ortiz@mail.com","60008621","Turista","Vacaciones","Doble","320","Call Center","Completada",963.66,963.66,"Convenio Empresa",206.79,"Spa"
756,"RES000756","2025-09-21 10:00:00","2025-10-28","2025-10-29",3,2,1,227.47,"Boutique Manuel Antonio","Boutique","Manuel Antonio","Costa Rica","Fernando","Morales","fernando.morales@mail.com","60007104","Turista","Vacaciones","Suite","429","Convenio Empresa","Completada",227.47,227.47,"Transferencia",47.46,"Restaurante"
318,"RES000318","2024-12-13 10:00:00","2025-01-31","2025-02-01",3,2,0,287.02,"Resort Pacífico Jacó","Resort","Jacó","Costa Rica","Andres","Perez","andres.perez@mail.com","60004662","Corporativo","Negocios","Familiar","240","Web Directa","Completada",287.02,287.02,"Transferencia",61.02,"Restaurante"
647,"RES000647","2025-02-27 10:00:00","2025-03-17","2025-03-23",3,0,0,744.67,"Ecohotel Arenal","Ecohotel","La Fortuna","Costa Rica","Valeria","Torres","valeria.torres@mail.com","60001073","Grupo","Evento","Sencilla","302","Web Directa","Completada",744.67,744.67,"Convenio Empresa",15.82,"Lavandería"
647,"RES000647","2025-02-27 10:00:00","2025-03-17","2025-03-23",3,0,0,744.67,"Ecohotel Arenal","Ecohotel","La Fortuna","Costa Rica","Valeria","Torres","valeria.torres@mail.com","60001073","Grupo","Evento","Sencilla","302","Web Directa","Completada",744.67,744.67,"Convenio Empresa",47.46,"Restaurante"
647,"RES000647","2025-02-27 10:00:00","2025-03-17","2025-03-23",3,0,0,744.67,"Ecohotel Arenal","Ecohotel","La Fortuna","Costa Rica","Valeria","Torres","valeria.torres@mail.com","60001073","Grupo","Evento","Sencilla","302","Web Directa","Completada",744.67,744.67,"Convenio Empresa",206.79,"Spa"
354,"RES000354","2025-01-18 10:00:00","2025-04-13","2025-04-14",2,2,0,134.47,"Resort Pacífico Jacó","Resort","Jacó","Costa Rica","Miguel","Mendoza","miguel.mendoza@mail.com","60002886","Familiar","Visita Familiar","Sencilla","209","Agencia Mayorista","Completada",134.47,134.47,"Tarjeta Crédito",61.02,"Restaurante"
12,"RES000012","2025-02-09 10:00:00","2025-02-22","2025-02-23",1,2,1,132.21,"Boutique Manuel Antonio","Boutique","Manuel Antonio","Costa Rica","Jose","Martinez","jose.martinez@mail.com","60003108","Turista","Vacaciones","Sencilla","403","Call Center","Completada",132.21,132.21,"Tarjeta Débito",47.46,"Restaurante"
593,"RES000593","2026-06-04 10:00:00","2026-07-28","2026-08-03",2,0,0,1301.31,"Hotel Central San José","Urbano","San José","Costa Rica","Camila","Rivera","camila.rivera@mail.com","60009287","Turista","Vacaciones","Suite","129","Call Center","Completada",1301.31,1301.31,"Tarjeta Débito",22.60,"Lavandería"
593,"RES000593","2026-06-04 10:00:00","2026-07-28","2026-08-03",2,0,0,1301.31,"Hotel Central San José","Urbano","San José","Costa Rica","Camila","Rivera","camila.rivera@mail.com","60009287","Turista","Vacaciones","Suite","129","Call Center","Completada",1301.31,1301.31,"Tarjeta Débito",54.92,"Restaurante"
593,"RES000593","2026-06-04 10:00:00","2026-07-28","2026-08-03",2,0,0,1301.31,"Hotel Central San José","Urbano","San José","Costa Rica","Camila","Rivera","camila.rivera@mail.com","60009287","Turista","Vacaciones","Suite","129","Call Center","Completada",1301.31,1301.31,"Tarjeta Débito",186.45,"Spa"
479,"RES000479","2025-11-26 10:00:00","2025-12-26","2026-01-01",3,0,0,1693.87,"Ecohotel Arenal","Ecohotel","La Fortuna","Costa Rica","Gabriela","Ortiz","gabriela.ortiz@mail.com","60001961","Turista","Vacaciones","Familiar","340","Web Directa","Completada",1693.87,1693.87,"Tarjeta Débito",15.82,"Lavandería"
479,"RES000479","2025-11-26 10:00:00","2025-12-26","2026-01-01",3,0,0,1693.87,"Ecohotel Arenal","Ecohotel","La Fortuna","Costa Rica","Gabriela","Ortiz","gabriela.ortiz@mail.com","60001961","Turista","Vacaciones","Familiar","340","Web Directa","Completada",1693.87,1693.87,"Tarjeta Débito",47.46,"Restaurante"
479,"RES000479","2025-11-26 10:00:00","2025-12-26","2026-01-01",3,0,0,1693.87,"Ecohotel Arenal","Ecohotel","La Fortuna","Costa Rica","Gabriela","Ortiz","gabriela.ortiz@mail.com","60001961","Turista","Vacaciones","Familiar","340","Web Directa","Completada",1693.87,1693.87,"Tarjeta Débito",206.79,"Spa"
293,"RES000293","2026-07-24 10:00:00","2026-08-17","2026-08-23",2,0,0,1305.15,"Hotel Central San José","Urbano","San José","Costa Rica","Camila","Rivera","camila.rivera@mail.com","60009287","Turista","Vacaciones","Suite","134","Walk In","Completada",1305.15,1305.15,"Tarjeta Débito",20.34,"Lavandería"
293,"RES000293","2026-07-24 10:00:00","2026-08-17","2026-08-23",2,0,0,1305.15,"Hotel Central San José","Urbano","San José","Costa Rica","Camila","Rivera","camila.rivera@mail.com","60009287","Turista","Vacaciones","Suite","134","Walk In","Completada",1305.15,1305.15,"Tarjeta Débito",61.02,"Restaurante"
293,"RES000293","2026-07-24 10:00:00","2026-08-17","2026-08-23",2,0,0,1305.15,"Hotel Central San José","Urbano","San José","Costa Rica","Camila","Rivera","camila.rivera@mail.com","60009287","Turista","Vacaciones","Suite","134","Walk In","Completada",1305.15,1305.15,"Tarjeta Débito",186.45,"Spa"
495,"RES000495","2025-12-12 10:00:00","2026-01-27","2026-01-31",2,0,0,332.22,"Ecohotel Arenal","Ecohotel","La Fortuna","Costa Rica","Laura","Hernandez","laura.hernandez@mail.com","60006105","Corporativo","Negocios","Sencilla","304","Call Center","Completada",332.22,332.22,"Convenio Empresa",63.28,"Traslado"
154,"RES000154","2025-09-15 10:00:00","2025-11-19","2025-11-24",2,0,0,1210.23,"Resort Pacífico Jacó","Resort","Jacó","Costa Rica","Miguel","Mendoza","miguel.mendoza@mail.com","60006586","Familiar","Visita Familiar","Familiar","239","Convenio Empresa","Completada",1210.23,1210.23,"Tarjeta Crédito",64.41,"Estacionamiento"
154,"RES000154","2025-09-15 10:00:00","2025-11-19","2025-11-24",2,0,0,1210.23,"Resort Pacífico Jacó","Resort","Jacó","Costa Rica","Miguel","Mendoza","miguel.mendoza@mail.com","60006586","Familiar","Visita Familiar","Familiar","239","Convenio Empresa","Completada",1210.23,1210.23,"Tarjeta Crédito",15.82,"Lavandería"
234,"RES000234","2026-03-04 10:00:00","2026-04-28","2026-04-29",2,2,0,159.67,"Resort Pacífico Jacó","Resort","Jacó","Costa Rica","Miguel","Mendoza","miguel.mendoza@mail.com","60005106","Familiar","Visita Familiar","Doble","219","Web Directa","Completada",159.67,159.67,"Efectivo",61.02,"Restaurante"
657,"RES000657","2025-02-23 10:00:00","2025-03-23","2025-03-27",3,0,0,313.24,"Hotel Central San José","Urbano","San José","Costa Rica","Lucia","Silva","lucia.silva@mail.com","60003663","Grupo","Evento","Sencilla","105","Walk In","Completada",313.24,313.24,"Convenio Empresa",69.16,"Traslado"
474,"RES000474","2025-11-14 10:00:00","2025-12-09","2025-12-10",2,2,0,287.02,"Resort Pacífico Jacó","Resort","Jacó","Costa Rica","Miguel","Mendoza","miguel.mendoza@mail.com","60000666","Familiar","Visita Familiar","Familiar","239","Call Center","Completada",287.02,287.02,"Tarjeta Débito",61.02,"Restaurante"
899,"RES000899","2026-05-05 10:00:00","2026-08-03","2026-08-09",3,0,0,968.41,"Ecohotel Arenal","Ecohotel","La Fortuna","Costa Rica","Gabriela","Ortiz","gabriela.ortiz@mail.com","60000841","Turista","Vacaciones","Doble","325","Web Directa","Completada",968.41,968.41,"Transferencia",15.82,"Lavandería"
899,"RES000899","2026-05-05 10:00:00","2026-08-03","2026-08-09",3,0,0,968.41,"Ecohotel Arenal","Ecohotel","La Fortuna","Costa Rica","Gabriela","Ortiz","gabriela.ortiz@mail.com","60000841","Turista","Vacaciones","Doble","325","Web Directa","Completada",968.41,968.41,"Transferencia",47.46,"Restaurante"
899,"RES000899","2026-05-05 10:00:00","2026-08-03","2026-08-09",3,0,0,968.41,"Ecohotel Arenal","Ecohotel","La Fortuna","Costa Rica","Gabriela","Ortiz","gabriela.ortiz@mail.com","60000841","Turista","Vacaciones","Doble","325","Web Directa","Completada",968.41,968.41,"Transferencia",206.79,"Spa"
748,"RES000748","2025-09-13 10:00:00","2025-10-12","2025-10-17",3,1,0,1062.31,"Boutique Manuel Antonio","Boutique","Manuel Antonio","Costa Rica","Ricardo","Rojas","ricardo.rojas@mail.com","60005032","Corporativo","Negocios","Suite","427","Walk In","Completada",1062.31,1062.31,"Efectivo",39.66,"Estacionamiento"
748,"RES000748","2025-09-13 10:00:00","2025-10-12","2025-10-17",3,1,0,1062.31,"Boutique Manuel Antonio","Boutique","Manuel Antonio","Costa Rica","Ricardo","Rojas","ricardo.rojas@mail.com","60005032","Corporativo","Negocios","Suite","427","Walk In","Completada",1062.31,1062.31,"Efectivo",22.60,"Lavandería"
675,"RES000675","2025-03-27 10:00:00","2025-05-12","2025-05-16",2,0,0,332.22,"Ecohotel Arenal","Ecohotel","La Fortuna","Costa Rica","Laura","Hernandez","laura.hernandez@mail.com","60008325","Corporativo","Negocios","Sencilla","309","Web Directa","Completada",332.22,332.22,"Transferencia",63.28,"Traslado"
696,"RES000696","2025-04-24 10:00:00","2025-06-30","2025-07-01",3,2,1,170.63,"Boutique Manuel Antonio","Boutique","Manuel Antonio","Costa Rica","Fernando","Morales","fernando.morales@mail.com","60002664","Turista","Vacaciones","Doble","414","Web Directa","Completada",170.63,170.63,"Efectivo",47.46,"Restaurante"
270,"RES000270","2026-07-08 10:00:00","2026-07-09","2026-07-10",1,2,0,215.66,"Resort Pacífico Jacó","Resort","Jacó","Costa Rica","Jorge","Flores","jorge.flores@mail.com","60003330","Turista","Vacaciones","Suite","228","Agencia Mayorista","Completada",215.66,215.66,"Transferencia",61.02,"Restaurante"
435,"RES000435","2025-07-15 10:00:00","2025-09-29","2025-10-03",2,0,0,712.58,"Ecohotel Arenal","Ecohotel","La Fortuna","Costa Rica","Laura","Hernandez","laura.hernandez@mail.com","60001665","Corporativo","Negocios","Suite","329","Booking","Completada",712.58,712.58,"Tarjeta Crédito",63.28,"Traslado"
898,"RES000898","2026-04-27 10:00:00","2026-07-25","2026-07-30",3,0,0,628.28,"Resort Pacífico Jacó","Resort","Jacó","Costa Rica","Andres","Perez","andres.perez@mail.com","60000582","Corporativo","Negocios","Doble","225","Expedia","Completada",628.28,628.28,"Tarjeta Débito",64.41,"Estacionamiento"
898,"RES000898","2026-04-27 10:00:00","2026-07-25","2026-07-30",3,0,0,628.28,"Resort Pacífico Jacó","Resort","Jacó","Costa Rica","Andres","Perez","andres.perez@mail.com","60000582","Corporativo","Negocios","Doble","225","Expedia","Completada",628.28,628.28,"Tarjeta Débito",15.82,"Lavandería"
351,"RES000351","2025-01-22 10:00:00","2025-04-14","2025-04-18",1,0,0,348.04,"Ecohotel Arenal","Ecohotel","La Fortuna","Costa Rica","Elena","Navarro","elena.navarro@mail.com","60002109","Familiar","Visita Familiar","Sencilla","308","Booking","Completada",348.04,348.04,"Transferencia",63.28,"Traslado"
116,"RES000116","2025-08-22 10:00:00","2025-09-18","2025-09-21",3,1,0,822.98,"Boutique Manuel Antonio","Boutique","Manuel Antonio","Costa Rica","Fernando","Morales","fernando.morales@mail.com","60007844","Turista","Vacaciones","Suite","429","Agencia Mayorista","Completada",822.98,822.98,"Tarjeta Crédito",88.14,"Tour"
116,"RES000116","2025-08-22 10:00:00","2025-09-18","2025-09-21",3,1,0,822.98,"Boutique Manuel Antonio","Boutique","Manuel Antonio","Costa Rica","Fernando","Morales","fernando.morales@mail.com","60007844","Turista","Vacaciones","Suite","429","Agencia Mayorista","Completada",822.98,822.98,"Tarjeta Crédito",76.84,"Traslado"
116,"RES000116","2025-08-22 10:00:00","2025-09-18","2025-09-21",3,1,0,822.98,"Boutique Manuel Antonio","Boutique","Manuel Antonio","Costa Rica","Fernando","Morales","fernando.morales@mail.com","60007844","Turista","Vacaciones","Suite","429","Agencia Mayorista","Completada",822.98,822.98,"Tarjeta Crédito",57.97,"Estacionamiento"
732,"RES000732","2025-08-28 10:00:00","2025-09-10","2025-09-11",1,2,1,170.63,"Boutique Manuel Antonio","Boutique","Manuel Antonio","Costa Rica","Jose","Martinez","jose.martinez@mail.com","60000888","Turista","Vacaciones","Doble","423","Agencia Mayorista","Completada",170.63,170.63,"Transferencia",47.46,"Restaurante"
837,"RES000837","2026-02-18 10:00:00","2026-03-18","2026-03-22",3,0,0,320.92,"Hotel Central San José","Urbano","San José","Costa Rica","Lucia","Silva","lucia.silva@mail.com","60005883","Grupo","Evento","Sencilla","110","Agencia Mayorista","Completada",320.92,320.92,"Transferencia",76.84,"Traslado"
826,"RES000826","2026-02-14 10:00:00","2026-03-03","2026-03-08",3,0,0,431.66,"Resort Pacífico Jacó","Resort","Jacó","Costa Rica","Luis","Fernandez","luis.fernandez@mail.com","60003034","Turista","Vacaciones","Sencilla","207","Convenio Empresa","Confirmada",431.66,172.66,"Transferencia",64.41,"Estacionamiento"
431,"RES000431","2025-07-11 10:00:00","2025-09-21","2025-09-27",1,0,0,1395.21,"Ecohotel Arenal","Ecohotel","La Fortuna","Costa Rica","Elena","Navarro","elena.navarro@mail.com","60000629","Familiar","Visita Familiar","Suite","328","Agencia Mayorista","Completada",1395.21,1395.21,"Tarjeta Débito",15.82,"Lavandería"
431,"RES000431","2025-07-11 10:00:00","2025-09-21","2025-09-27",1,0,0,1395.21,"Ecohotel Arenal","Ecohotel","La Fortuna","Costa Rica","Elena","Navarro","elena.navarro@mail.com","60000629","Familiar","Visita Familiar","Suite","328","Agencia Mayorista","Completada",1395.21,1395.21,"Tarjeta Débito",47.46,"Restaurante"
431,"RES000431","2025-07-11 10:00:00","2025-09-21","2025-09-27",1,0,0,1395.21,"Ecohotel Arenal","Ecohotel","La Fortuna","Costa Rica","Elena","Navarro","elena.navarro@mail.com","60000629","Familiar","Visita Familiar","Suite","328","Agencia Mayorista","Completada",1395.21,1395.21,"Tarjeta Débito",186.11,"Spa"
491,"RES000491","2025-12-08 10:00:00","2026-01-19","2026-01-25",1,0,0,744.67,"Ecohotel Arenal","Ecohotel","La Fortuna","Costa Rica","Elena","Navarro","elena.navarro@mail.com","60005069","Familiar","Visita Familiar","Sencilla","303","Booking","Completada",744.67,744.67,"Efectivo",15.82,"Lavandería"
491,"RES000491","2025-12-08 10:00:00","2026-01-19","2026-01-25",1,0,0,744.67,"Ecohotel Arenal","Ecohotel","La Fortuna","Costa Rica","Elena","Navarro","elena.navarro@mail.com","60005069","Familiar","Visita Familiar","Sencilla","303","Booking","Completada",744.67,744.67,"Efectivo",47.46,"Restaurante"
491,"RES000491","2025-12-08 10:00:00","2026-01-19","2026-01-25",1,0,0,744.67,"Ecohotel Arenal","Ecohotel","La Fortuna","Costa Rica","Elena","Navarro","elena.navarro@mail.com","60005069","Familiar","Visita Familiar","Sencilla","303","Booking","Completada",744.67,744.67,"Efectivo",206.79,"Spa"
734,"RES000734","2025-08-16 10:00:00","2025-08-31","2025-09-03",2,0,0,521.61,"Resort Pacífico Jacó","Resort","Jacó","Costa Rica","Miguel","Mendoza","miguel.mendoza@mail.com","60001406","Familiar","Visita Familiar","Doble","224","Walk In","Completada",521.61,521.61,"Efectivo",85.43,"Tour"
734,"RES000734","2025-08-16 10:00:00","2025-08-31","2025-09-03",2,0,0,521.61,"Resort Pacífico Jacó","Resort","Jacó","Costa Rica","Miguel","Mendoza","miguel.mendoza@mail.com","60001406","Familiar","Visita Familiar","Doble","224","Walk In","Completada",521.61,521.61,"Efectivo",63.28,"Traslado"
734,"RES000734","2025-08-16 10:00:00","2025-08-31","2025-09-03",2,0,0,521.61,"Resort Pacífico Jacó","Resort","Jacó","Costa Rica","Miguel","Mendoza","miguel.mendoza@mail.com","60001406","Familiar","Visita Familiar","Doble","224","Walk In","Completada",521.61,521.61,"Efectivo",44.07,"Estacionamiento"
855,"RES000855","2026-03-22 10:00:00","2026-05-07","2026-05-11",2,0,0,459.01,"Ecohotel Arenal","Ecohotel","La Fortuna","Costa Rica","Laura","Hernandez","laura.hernandez@mail.com","60000545","Corporativo","Negocios","Doble","314","Booking","Completada",459.01,459.01,"Tarjeta Débito",63.28,"Traslado"
436,"RES000436","2025-07-23 10:00:00","2025-10-08","2025-10-13",3,1,0,1066.72,"Boutique Manuel Antonio","Boutique","Manuel Antonio","Costa Rica","Fernando","Morales","fernando.morales@mail.com","60001924","Turista","Vacaciones","Suite","429","Expedia","Completada",1066.72,1066.72,"Tarjeta Débito",44.07,"Estacionamiento"
436,"RES000436","2025-07-23 10:00:00","2025-10-08","2025-10-13",3,1,0,1066.72,"Boutique Manuel Antonio","Boutique","Manuel Antonio","Costa Rica","Fernando","Morales","fernando.morales@mail.com","60001924","Turista","Vacaciones","Suite","429","Expedia","Completada",1066.72,1066.72,"Tarjeta Débito",22.60,"Lavandería"
180,"RES000180","2026-01-23 10:00:00","2026-01-24","2026-01-25",1,2,1,119.50,"Boutique Manuel Antonio","Boutique","Manuel Antonio","Costa Rica","Carlos","Rodriguez","carlos.rodriguez@mail.com","60002220","Turista","Vacaciones","Sencilla","405","Call Center","Completada",119.50,119.50,"Transferencia",47.46,"Restaurante"
870,"RES000870","2026-03-30 10:00:00","2026-05-30","2026-05-31",1,2,0,154.19,"Resort Pacífico Jacó","Resort","Jacó","Costa Rica","Jorge","Flores","jorge.flores@mail.com","60003330","Turista","Vacaciones","Doble","218","Expedia","Completada",154.19,154.19,"Transferencia",61.02,"Restaurante"
626,"RES000626","2024-11-01 10:00:00","2025-01-27","2025-01-30",3,0,0,772.92,"Resort Pacífico Jacó","Resort","Jacó","Costa Rica","Luis","Fernandez","luis.fernandez@mail.com","60006734","Turista","Vacaciones","Familiar","237","Web Directa","Confirmada",772.92,309.17,"Transferencia",94.92,"Tour"
836,"RES000836","2026-03-10 10:00:00","2026-04-06","2026-04-09",3,1,0,483.64,"Boutique Manuel Antonio","Boutique","Manuel Antonio","Costa Rica","Fernando","Morales","fernando.morales@mail.com","60005624","Turista","Vacaciones","Sencilla","409","Web Directa","Completada",483.64,483.64,"Tarjeta Débito",88.14,"Tour"
836,"RES000836","2026-03-10 10:00:00","2026-04-06","2026-04-09",3,1,0,483.64,"Boutique Manuel Antonio","Boutique","Manuel Antonio","Costa Rica","Fernando","Morales","fernando.morales@mail.com","60005624","Turista","Vacaciones","Sencilla","409","Web Directa","Completada",483.64,483.64,"Tarjeta Débito",76.84,"Traslado"
836,"RES000836","2026-03-10 10:00:00","2026-04-06","2026-04-09",3,1,0,483.64,"Boutique Manuel Antonio","Boutique","Manuel Antonio","Costa Rica","Fernando","Morales","fernando.morales@mail.com","60005624","Turista","Vacaciones","Sencilla","409","Web Directa","Completada",483.64,483.64,"Tarjeta Débito",64.41,"Estacionamiento"
711,"RES000711","2025-05-02 10:00:00","2025-07-23","2025-07-27",1,0,0,482.28,"Ecohotel Arenal","Ecohotel","La Fortuna","Costa Rica","Elena","Navarro","elena.navarro@mail.com","60006549","Familiar","Visita Familiar","Doble","318","Agencia Mayorista","Completada",482.28,482.28,"Tarjeta Crédito",63.28,"Traslado"
470,"RES000470","2025-11-10 10:00:00","2025-12-01","2025-12-04",1,0,0,846.37,"Resort Pacífico Jacó","Resort","Jacó","Costa Rica","Jorge","Flores","jorge.flores@mail.com","60000730","Turista","Vacaciones","Familiar","238","Booking","Completada",846.37,846.37,"Transferencia",94.92,"Tour"
470,"RES000470","2025-11-10 10:00:00","2025-12-01","2025-12-04",1,0,0,846.37,"Resort Pacífico Jacó","Resort","Jacó","Costa Rica","Jorge","Flores","jorge.flores@mail.com","60000730","Turista","Vacaciones","Familiar","238","Booking","Completada",846.37,846.37,"Transferencia",63.28,"Traslado"
470,"RES000470","2025-11-10 10:00:00","2025-12-01","2025-12-04",1,0,0,846.37,"Resort Pacífico Jacó","Resort","Jacó","Costa Rica","Jorge","Flores","jorge.flores@mail.com","60000730","Turista","Vacaciones","Familiar","238","Booking","Completada",846.37,846.37,"Transferencia",44.07,"Estacionamiento"
780,"RES000780","2025-10-15 10:00:00","2025-12-15","2025-12-16",1,2,1,217.47,"Boutique Manuel Antonio","Boutique","Manuel Antonio","Costa Rica","Carlos","Rodriguez","carlos.rodriguez@mail.com","60002220","Turista","Vacaciones","Suite","435","Web Directa","Completada",217.47,217.47,"Transferencia",47.46,"Restaurante"
768,"RES000768","2025-10-03 10:00:00","2025-11-21","2025-11-22",3,2,1,247.47,"Boutique Manuel Antonio","Boutique","Manuel Antonio","Costa Rica","Ricardo","Rojas","ricardo.rojas@mail.com","60000212","Corporativo","Negocios","Suite","432","Call Center","Completada",247.47,247.47,"Tarjeta Crédito",47.46,"Restaurante"
838,"RES000838","2026-02-26 10:00:00","2026-03-27","2026-04-01",3,0,0,445.90,"Resort Pacífico Jacó","Resort","Jacó","Costa Rica","Andres","Perez","andres.perez@mail.com","60006142","Corporativo","Negocios","Sencilla","210","Call Center","Completada",445.90,445.90,"Convenio Empresa",64.41,"Estacionamiento"
838,"RES000838","2026-02-26 10:00:00","2026-03-27","2026-04-01",3,0,0,445.90,"Resort Pacífico Jacó","Resort","Jacó","Costa Rica","Andres","Perez","andres.perez@mail.com","60006142","Corporativo","Negocios","Sencilla","210","Call Center","Completada",445.90,445.90,"Convenio Empresa",14.24,"Lavandería"
478,"RES000478","2025-11-18 10:00:00","2025-12-17","2025-12-22",3,0,0,1210.23,"Resort Pacífico Jacó","Resort","Jacó","Costa Rica","Andres","Perez","andres.perez@mail.com","60001702","Corporativo","Negocios","Familiar","240","Expedia","Completada",1210.23,1210.23,"Tarjeta Crédito",64.41,"Estacionamiento"
478,"RES000478","2025-11-18 10:00:00","2025-12-17","2025-12-22",3,0,0,1210.23,"Resort Pacífico Jacó","Resort","Jacó","Costa Rica","Andres","Perez","andres.perez@mail.com","60001702","Corporativo","Negocios","Familiar","240","Expedia","Completada",1210.23,1210.23,"Tarjeta Crédito",15.82,"Lavandería"
149,"RES000149","2025-09-03 10:00:00","2025-11-02","2025-11-08",3,0,0,1558.27,"Hotel Central San José","Urbano","San José","Costa Rica","Maria","Lopez","maria.lopez@mail.com","60005291","Turista","Vacaciones","Familiar","138","Expedia","Completada",1558.27,1558.27,"Tarjeta Crédito",22.60,"Lavandería"
149,"RES000149","2025-09-03 10:00:00","2025-11-02","2025-11-08",3,0,0,1558.27,"Hotel Central San José","Urbano","San José","Costa Rica","Maria","Lopez","maria.lopez@mail.com","60005291","Turista","Vacaciones","Familiar","138","Expedia","Completada",1558.27,1558.27,"Tarjeta Crédito",61.02,"Restaurante"
149,"RES000149","2025-09-03 10:00:00","2025-11-02","2025-11-08",3,0,0,1558.27,"Hotel Central San José","Urbano","San José","Costa Rica","Maria","Lopez","maria.lopez@mail.com","60005291","Turista","Vacaciones","Familiar","138","Expedia","Completada",1558.27,1558.27,"Tarjeta Crédito",186.45,"Spa"
577,"RES000577","2026-05-19 10:00:00","2026-06-26","2026-06-28",3,0,0,507.37,"Hotel Central San José","Urbano","San José","Costa Rica","Lucia","Silva","lucia.silva@mail.com","60005143","Grupo","Evento","Doble","125","Web Directa","Completada",507.37,507.37,"Efectivo",206.79,"Spa"
577,"RES000577","2026-05-19 10:00:00","2026-06-26","2026-06-28",3,0,0,507.37,"Hotel Central San José","Urbano","San José","Costa Rica","Lucia","Silva","lucia.silva@mail.com","60005143","Grupo","Evento","Doble","125","Web Directa","Completada",507.37,507.37,"Efectivo",94.92,"Tour"
505,"RES000505","2025-12-08 10:00:00","2026-02-02","2026-02-04",2,0,0,335.61,"Hotel Central San José","Urbano","San José","Costa Rica","Paula","Vargas","paula.vargas@mail.com","60008695","Corporativo","Negocios","Sencilla","107","Booking","Confirmada",335.61,134.24,"Tarjeta Crédito",206.79,"Spa"
280,"RES000280","2026-08-01 10:00:00","2026-08-12","2026-08-17",1,1,0,1016.72,"Boutique Manuel Antonio","Boutique","Manuel Antonio","Costa Rica","Carlos","Rodriguez","carlos.rodriguez@mail.com","60005920","Turista","Vacaciones","Suite","430","Convenio Empresa","Completada",1016.72,1016.72,"Transferencia",44.07,"Estacionamiento"
280,"RES000280","2026-08-01 10:00:00","2026-08-12","2026-08-17",1,1,0,1016.72,"Boutique Manuel Antonio","Boutique","Manuel Antonio","Costa Rica","Carlos","Rodriguez","carlos.rodriguez@mail.com","60005920","Turista","Vacaciones","Suite","430","Convenio Empresa","Completada",1016.72,1016.72,"Transferencia",22.60,"Lavandería"
88,"RES000088","2025-04-26 10:00:00","2025-07-24","2025-07-29",3,1,0,682.52,"Boutique Manuel Antonio","Boutique","Manuel Antonio","Costa Rica","Ricardo","Rojas","ricardo.rojas@mail.com","60000592","Corporativo","Negocios","Doble","422","Agencia Mayorista","Completada",682.52,682.52,"Tarjeta Débito",44.07,"Estacionamiento"
88,"RES000088","2025-04-26 10:00:00","2025-07-24","2025-07-29",3,1,0,682.52,"Boutique Manuel Antonio","Boutique","Manuel Antonio","Costa Rica","Ricardo","Rojas","ricardo.rojas@mail.com","60000592","Corporativo","Negocios","Doble","422","Agencia Mayorista","Completada",682.52,682.52,"Tarjeta Débito",22.60,"Lavandería"
188,"RES000188","2026-01-31 10:00:00","2026-02-09","2026-02-12",3,1,0,474.83,"Boutique Manuel Antonio","Boutique","Manuel Antonio","Costa Rica","Ricardo","Rojas","ricardo.rojas@mail.com","60004292","Corporativo","Negocios","Sencilla","407","Walk In","Completada",474.83,474.83,"Tarjeta Débito",79.33,"Tour"
188,"RES000188","2026-01-31 10:00:00","2026-02-09","2026-02-12",3,1,0,474.83,"Boutique Manuel Antonio","Boutique","Manuel Antonio","Costa Rica","Ricardo","Rojas","ricardo.rojas@mail.com","60004292","Corporativo","Negocios","Sencilla","407","Walk In","Completada",474.83,474.83,"Tarjeta Débito",76.84,"Traslado"
188,"RES000188","2026-01-31 10:00:00","2026-02-09","2026-02-12",3,1,0,474.83,"Boutique Manuel Antonio","Boutique","Manuel Antonio","Costa Rica","Ricardo","Rojas","ricardo.rojas@mail.com","60004292","Corporativo","Negocios","Sencilla","407","Walk In","Completada",474.83,474.83,"Tarjeta Débito",64.41,"Estacionamiento"
240,"RES000240","2026-03-24 10:00:00","2026-05-24","2026-05-25",1,2,1,152.15,"Boutique Manuel Antonio","Boutique","Manuel Antonio","Costa Rica","Carlos","Rodriguez","carlos.rodriguez@mail.com","60006660","Turista","Vacaciones","Doble","420","Expedia","Completada",152.15,152.15,"Tarjeta Crédito",47.46,"Restaurante"
328,"RES000328","2025-01-06 10:00:00","2025-03-06","2025-03-11",3,1,0,486.01,"Boutique Manuel Antonio","Boutique","Manuel Antonio","Costa Rica","Ricardo","Rojas","ricardo.rojas@mail.com","60007252","Corporativo","Negocios","Sencilla","402","Walk In","Completada",486.01,486.01,"Convenio Empresa",39.66,"Estacionamiento"
328,"RES000328","2025-01-06 10:00:00","2025-03-06","2025-03-11",3,1,0,486.01,"Boutique Manuel Antonio","Boutique","Manuel Antonio","Costa Rica","Ricardo","Rojas","ricardo.rojas@mail.com","60007252","Corporativo","Negocios","Sencilla","402","Walk In","Completada",486.01,486.01,"Convenio Empresa",22.60,"Lavandería"
717,"RES000717","2025-04-24 10:00:00","2025-07-21","2025-07-25",3,0,0,488.16,"Hotel Central San José","Urbano","San José","Costa Rica","Lucia","Silva","lucia.silva@mail.com","60008103","Grupo","Evento","Doble","120","Web Directa","Completada",488.16,488.16,"Tarjeta Débito",76.84,"Traslado"
525,"RES000525","2025-12-28 10:00:00","2026-03-14","2026-03-18",2,0,0,426.46,"Hotel Central San José","Urbano","San José","Costa Rica","Paula","Vargas","paula.vargas@mail.com","60002775","Corporativo","Negocios","Doble","112","Convenio Empresa","Confirmada",426.46,170.58,"Tarjeta Débito",76.84,"Traslado"
634,"RES000634","2025-02-07 10:00:00","2025-02-12","2025-02-17",2,0,0,1210.23,"Resort Pacífico Jacó","Resort","Jacó","Costa Rica","Miguel","Mendoza","miguel.mendoza@mail.com","60008806","Familiar","Visita Familiar","Familiar","239","Agencia Mayorista","Completada",1210.23,1210.23,"Efectivo",64.41,"Estacionamiento"
634,"RES000634","2025-02-07 10:00:00","2025-02-12","2025-02-17",2,0,0,1210.23,"Resort Pacífico Jacó","Resort","Jacó","Costa Rica","Miguel","Mendoza","miguel.mendoza@mail.com","60008806","Familiar","Visita Familiar","Familiar","239","Agencia Mayorista","Completada",1210.23,1210.23,"Efectivo",15.82,"Lavandería"
650,"RES000650","2025-02-23 10:00:00","2025-03-16","2025-03-19",1,0,0,402.11,"Resort Pacífico Jacó","Resort","Jacó","Costa Rica","Jorge","Flores","jorge.flores@mail.com","60001850","Turista","Vacaciones","Sencilla","203","Walk In","Completada",402.11,402.11,"Tarjeta Débito",85.43,"Tour"
650,"RES000650","2025-02-23 10:00:00","2025-03-16","2025-03-19",1,0,0,402.11,"Resort Pacífico Jacó","Resort","Jacó","Costa Rica","Jorge","Flores","jorge.flores@mail.com","60001850","Turista","Vacaciones","Sencilla","203","Walk In","Completada",402.11,402.11,"Tarjeta Débito",63.28,"Traslado"
650,"RES000650","2025-02-23 10:00:00","2025-03-16","2025-03-19",1,0,0,402.11,"Resort Pacífico Jacó","Resort","Jacó","Costa Rica","Jorge","Flores","jorge.flores@mail.com","60001850","Turista","Vacaciones","Sencilla","203","Walk In","Completada",402.11,402.11,"Tarjeta Débito",44.07,"Estacionamiento"
226,"RES000226","2026-02-24 10:00:00","2026-04-12","2026-04-17",3,0,0,612.46,"Resort Pacífico Jacó","Resort","Jacó","Costa Rica","Luis","Fernandez","luis.fernandez@mail.com","60003034","Turista","Vacaciones","Doble","217","Expedia","Confirmada",612.46,244.98,"Transferencia",64.41,"Estacionamiento"
210,"RES000210","2026-02-08 10:00:00","2026-03-11","2026-03-12",1,2,0,154.19,"Resort Pacífico Jacó","Resort","Jacó","Costa Rica","Jorge","Flores","jorge.flores@mail.com","60009990","Turista","Vacaciones","Doble","213","Convenio Empresa","Completada",154.19,154.19,"Efectivo",61.02,"Restaurante"
48,"RES000048","2025-03-17 10:00:00","2025-05-05","2025-05-06",3,2,1,165.88,"Boutique Manuel Antonio","Boutique","Manuel Antonio","Costa Rica","Ricardo","Rojas","ricardo.rojas@mail.com","60001332","Corporativo","Negocios","Doble","412","Walk In","Completada",165.88,165.88,"Efectivo",42.71,"Restaurante"
710,"RES000710","2025-04-24 10:00:00","2025-07-14","2025-07-17",1,0,0,514.66,"Resort Pacífico Jacó","Resort","Jacó","Costa Rica","Jorge","Flores","jorge.flores@mail.com","60006290","Turista","Vacaciones","Doble","218","Web Directa","Completada",514.66,514.66,"Efectivo",94.92,"Tour"
710,"RES000710","2025-04-24 10:00:00","2025-07-14","2025-07-17",1,0,0,514.66,"Resort Pacífico Jacó","Resort","Jacó","Costa Rica","Jorge","Flores","jorge.flores@mail.com","60006290","Turista","Vacaciones","Doble","218","Web Directa","Completada",514.66,514.66,"Efectivo",63.28,"Traslado"
710,"RES000710","2025-04-24 10:00:00","2025-07-14","2025-07-17",1,0,0,514.66,"Resort Pacífico Jacó","Resort","Jacó","Costa Rica","Jorge","Flores","jorge.flores@mail.com","60006290","Turista","Vacaciones","Doble","218","Web Directa","Completada",514.66,514.66,"Efectivo",44.07,"Estacionamiento"
447,"RES000447","2025-07-27 10:00:00","2025-10-23","2025-10-27",3,0,0,820.83,"Ecohotel Arenal","Ecohotel","La Fortuna","Costa Rica","Valeria","Torres","valeria.torres@mail.com","60004773","Grupo","Evento","Suite","332","Walk In","Completada",820.83,820.83,"Convenio Empresa",56.95,"Traslado"
298,"RES000298","2026-08-05 10:00:00","2026-09-03","2026-09-08",3,0,0,989.88,"Resort Pacífico Jacó","Resort","Jacó","Costa Rica","Andres","Perez","andres.perez@mail.com","60000582","Corporativo","Negocios","Suite","235","Agencia Mayorista","Completada",989.88,989.88,"Tarjeta Débito",64.41,"Estacionamiento"
298,"RES000298","2026-08-05 10:00:00","2026-09-03","2026-09-08",3,0,0,989.88,"Resort Pacífico Jacó","Resort","Jacó","Costa Rica","Andres","Perez","andres.perez@mail.com","60000582","Corporativo","Negocios","Suite","235","Agencia Mayorista","Completada",989.88,989.88,"Tarjeta Débito",15.82,"Lavandería"
800,"RES000800","2025-11-04 10:00:00","2026-01-24","2026-01-27",1,1,0,937.90,"Boutique Manuel Antonio","Boutique","Manuel Antonio","Costa Rica","Carlos","Rodriguez","carlos.rodriguez@mail.com","60007400","Turista","Vacaciones","Familiar","440","Expedia","Completada",937.90,937.90,"Convenio Empresa",88.14,"Tour"
800,"RES000800","2025-11-04 10:00:00","2026-01-24","2026-01-27",1,1,0,937.90,"Boutique Manuel Antonio","Boutique","Manuel Antonio","Costa Rica","Carlos","Rodriguez","carlos.rodriguez@mail.com","60007400","Turista","Vacaciones","Familiar","440","Expedia","Completada",937.90,937.90,"Convenio Empresa",76.84,"Traslado"
800,"RES000800","2025-11-04 10:00:00","2026-01-24","2026-01-27",1,1,0,937.90,"Boutique Manuel Antonio","Boutique","Manuel Antonio","Costa Rica","Carlos","Rodriguez","carlos.rodriguez@mail.com","60007400","Turista","Vacaciones","Familiar","440","Expedia","Completada",937.90,937.90,"Convenio Empresa",64.41,"Estacionamiento"
5,"RES000005","2025-01-12 10:00:00","2025-01-18","2025-01-24",2,0,0,409.06,"Hotel Central San José","Urbano","San José","Costa Rica","Paula","Vargas","paula.vargas@mail.com","60001295","Corporativo","Negocios","Sencilla","102","Call Center","Confirmada",409.06,163.62,"Tarjeta Crédito",22.60,"Lavandería"
456,"RES000456","2025-11-10 10:00:00","2025-11-17","2025-11-18",3,2,1,247.47,"Boutique Manuel Antonio","Boutique","Manuel Antonio","Costa Rica","Fernando","Morales","fernando.morales@mail.com","60007104","Turista","Vacaciones","Suite","434","Booking","Completada",247.47,247.47,"Transferencia",47.46,"Restaurante"
796,"RES000796","2025-10-31 10:00:00","2026-01-16","2026-01-21",3,1,0,1307.41,"Boutique Manuel Antonio","Boutique","Manuel Antonio","Costa Rica","Fernando","Morales","fernando.morales@mail.com","60006364","Turista","Vacaciones","Familiar","439","Call Center","Completada",1307.41,1307.41,"Efectivo",44.07,"Estacionamiento"
796,"RES000796","2025-10-31 10:00:00","2026-01-16","2026-01-21",3,1,0,1307.41,"Boutique Manuel Antonio","Boutique","Manuel Antonio","Costa Rica","Fernando","Morales","fernando.morales@mail.com","60006364","Turista","Vacaciones","Familiar","439","Call Center","Completada",1307.41,1307.41,"Efectivo",20.34,"Lavandería"
531,"RES000531","2026-01-17 10:00:00","2026-04-09","2026-04-13",1,0,0,475.95,"Ecohotel Arenal","Ecohotel","La Fortuna","Costa Rica","Elena","Navarro","elena.navarro@mail.com","60004329","Familiar","Visita Familiar","Doble","313","Walk In","Completada",475.95,475.95,"Tarjeta Débito",56.95,"Traslado"
807,"RES000807","2025-11-04 10:00:00","2026-01-31","2026-02-04",3,0,0,379.68,"Ecohotel Arenal","Ecohotel","La Fortuna","Costa Rica","Valeria","Torres","valeria.torres@mail.com","60009213","Grupo","Evento","Sencilla","302","Expedia","Completada",379.68,379.68,"Tarjeta Débito",63.28,"Traslado"
546,"RES000546","2026-04-25 10:00:00","2026-05-02","2026-05-03",3,2,0,170.63,"Resort Pacífico Jacó","Resort","Jacó","Costa Rica","Luis","Fernandez","luis.fernandez@mail.com","60008214","Turista","Vacaciones","Doble","217","Convenio Empresa","Confirmada",170.63,68.25,"Convenio Empresa",61.02,"Restaurante"
686,"RES000686","2025-03-31 10:00:00","2025-05-27","2025-05-30",3,0,0,423.75,"Resort Pacífico Jacó","Resort","Jacó","Costa Rica","Luis","Fernandez","luis.fernandez@mail.com","60000074","Turista","Vacaciones","Doble","212","Convenio Empresa","Confirmada",423.75,169.50,"Tarjeta Crédito",94.92,"Tour"
297,"RES000297","2026-07-28 10:00:00","2026-08-25","2026-08-29",3,0,0,699.24,"Hotel Central San José","Urbano","San José","Costa Rica","Lucia","Silva","lucia.silva@mail.com","60000323","Grupo","Evento","Suite","135","Web Directa","Completada",699.24,699.24,"Tarjeta Crédito",76.84,"Traslado"
829,"RES000829","2026-02-10 10:00:00","2026-03-02","2026-03-04",3,0,0,437.31,"Hotel Central San José","Urbano","San José","Costa Rica","Maria","Lopez","maria.lopez@mail.com","60003811","Turista","Vacaciones","Sencilla","108","Web Directa","Completada",437.31,437.31,"Efectivo",206.79,"Spa"
829,"RES000829","2026-02-10 10:00:00","2026-03-02","2026-03-04",3,0,0,437.31,"Hotel Central San José","Urbano","San José","Costa Rica","Maria","Lopez","maria.lopez@mail.com","60003811","Turista","Vacaciones","Sencilla","108","Web Directa","Completada",437.31,437.31,"Efectivo",94.92,"Tour"
785,"RES000785","2025-09-29 10:00:00","2025-12-04","2025-12-10",2,0,0,1246.39,"Hotel Central San José","Urbano","San José","Costa Rica","Paula","Vargas","paula.vargas@mail.com","60003515","Corporativo","Negocios","Familiar","137","Booking","Confirmada",1246.39,498.56,"Efectivo",22.60,"Lavandería"
472,"RES000472","2025-11-26 10:00:00","2025-12-19","2025-12-24",1,1,0,1309.67,"Boutique Manuel Antonio","Boutique","Manuel Antonio","Costa Rica","Jose","Martinez","jose.martinez@mail.com","60000148","Turista","Vacaciones","Familiar","438","Web Directa","Completada",1309.67,1309.67,"Efectivo",44.07,"Estacionamiento"
472,"RES000472","2025-11-26 10:00:00","2025-12-19","2025-12-24",1,1,0,1309.67,"Boutique Manuel Antonio","Boutique","Manuel Antonio","Costa Rica","Jose","Martinez","jose.martinez@mail.com","60000148","Turista","Vacaciones","Familiar","438","Web Directa","Completada",1309.67,1309.67,"Efectivo",22.60,"Lavandería"
537,"RES000537","2026-01-09 10:00:00","2026-04-07","2026-04-11",3,0,0,488.16,"Hotel Central San José","Urbano","San José","Costa Rica","Lucia","Silva","lucia.silva@mail.com","60005883","Grupo","Evento","Doble","115","Call Center","Completada",488.16,488.16,"Transferencia",76.84,"Traslado"
233,"RES000233","2026-02-24 10:00:00","2026-04-19","2026-04-25",2,0,0,887.05,"Hotel Central San José","Urbano","San José","Costa Rica","Camila","Rivera","camila.rivera@mail.com","60004847","Turista","Vacaciones","Doble","119","Expedia","Completada",887.05,887.05,"Convenio Empresa",22.60,"Lavandería"
233,"RES000233","2026-02-24 10:00:00","2026-04-19","2026-04-25",2,0,0,887.05,"Hotel Central San José","Urbano","San José","Costa Rica","Camila","Rivera","camila.rivera@mail.com","60004847","Turista","Vacaciones","Doble","119","Expedia","Completada",887.05,887.05,"Convenio Empresa",61.02,"Restaurante"
233,"RES000233","2026-02-24 10:00:00","2026-04-19","2026-04-25",2,0,0,887.05,"Hotel Central San José","Urbano","San José","Costa Rica","Camila","Rivera","camila.rivera@mail.com","60004847","Turista","Vacaciones","Doble","119","Expedia","Completada",887.05,887.05,"Convenio Empresa",186.45,"Spa"
93,"RES000093","2025-07-09 10:00:00","2025-07-13","2025-07-17",2,0,0,488.16,"Hotel Central San José","Urbano","San José","Costa Rica","Camila","Rivera","camila.rivera@mail.com","60001887","Turista","Vacaciones","Doble","124","Expedia","Completada",488.16,488.16,"Tarjeta Débito",76.84,"Traslado"
89,"RES000089","2025-04-06 10:00:00","2025-07-05","2025-07-11",3,0,0,880.95,"Hotel Central San José","Urbano","San José","Costa Rica","Maria","Lopez","maria.lopez@mail.com","60000851","Turista","Vacaciones","Doble","123","Call Center","Completada",880.95,880.95,"Transferencia",22.60,"Lavandería"
89,"RES000089","2025-04-06 10:00:00","2025-07-05","2025-07-11",3,0,0,880.95,"Hotel Central San José","Urbano","San José","Costa Rica","Maria","Lopez","maria.lopez@mail.com","60000851","Turista","Vacaciones","Doble","123","Call Center","Completada",880.95,880.95,"Transferencia",54.92,"Restaurante"
89,"RES000089","2025-04-06 10:00:00","2025-07-05","2025-07-11",3,0,0,880.95,"Hotel Central San José","Urbano","San José","Costa Rica","Maria","Lopez","maria.lopez@mail.com","60000851","Turista","Vacaciones","Doble","123","Call Center","Completada",880.95,880.95,"Transferencia",186.45,"Spa"
373,"RES000373","2025-04-30 10:00:00","2025-05-14","2025-05-16",2,0,0,507.37,"Hotel Central San José","Urbano","San José","Costa Rica","Camila","Rivera","camila.rivera@mail.com","60007807","Turista","Vacaciones","Doble","114","Expedia","Completada",507.37,507.37,"Tarjeta Crédito",206.79,"Spa"
373,"RES000373","2025-04-30 10:00:00","2025-05-14","2025-05-16",2,0,0,507.37,"Hotel Central San José","Urbano","San José","Costa Rica","Camila","Rivera","camila.rivera@mail.com","60007807","Turista","Vacaciones","Doble","114","Expedia","Completada",507.37,507.37,"Tarjeta Crédito",94.92,"Tour"
252,"RES000252","2026-04-05 10:00:00","2026-06-17","2026-06-18",1,2,1,158.31,"Boutique Manuel Antonio","Boutique","Manuel Antonio","Costa Rica","Jose","Martinez","jose.martinez@mail.com","60009768","Turista","Vacaciones","Doble","423","Convenio Empresa","Completada",158.31,158.31,"Convenio Empresa",47.46,"Restaurante"
31,"RES000031","2025-02-21 10:00:00","2025-03-25","2025-03-27",1,0,0,432.79,"Ecohotel Arenal","Ecohotel","La Fortuna","Costa Rica","Elena","Navarro","elena.navarro@mail.com","60008029","Familiar","Visita Familiar","Sencilla","308","Web Directa","Completada",432.79,432.79,"Tarjeta Débito",186.45,"Spa"
31,"RES000031","2025-02-21 10:00:00","2025-03-25","2025-03-27",1,0,0,432.79,"Ecohotel Arenal","Ecohotel","La Fortuna","Costa Rica","Elena","Navarro","elena.navarro@mail.com","60008029","Familiar","Visita Familiar","Sencilla","308","Web Directa","Completada",432.79,432.79,"Tarjeta Débito",88.14,"Tour"
497,"RES000497","2025-11-30 10:00:00","2026-01-17","2026-01-23",3,0,0,676.87,"Hotel Central San José","Urbano","San José","Costa Rica","Lucia","Silva","lucia.silva@mail.com","60006623","Grupo","Evento","Sencilla","105","Convenio Empresa","Completada",676.87,676.87,"Tarjeta Crédito",22.60,"Lavandería"
497,"RES000497","2025-11-30 10:00:00","2026-01-17","2026-01-23",3,0,0,676.87,"Hotel Central San José","Urbano","San José","Costa Rica","Lucia","Silva","lucia.silva@mail.com","60006623","Grupo","Evento","Sencilla","105","Convenio Empresa","Completada",676.87,676.87,"Tarjeta Crédito",61.02,"Restaurante"
497,"RES000497","2025-11-30 10:00:00","2026-01-17","2026-01-23",3,0,0,676.87,"Hotel Central San José","Urbano","San José","Costa Rica","Lucia","Silva","lucia.silva@mail.com","60006623","Grupo","Evento","Sencilla","105","Convenio Empresa","Completada",676.87,676.87,"Tarjeta Crédito",186.45,"Spa"
155,"RES000155","2025-09-23 10:00:00","2025-11-28","2025-12-04",2,0,0,1622.68,"Ecohotel Arenal","Ecohotel","La Fortuna","Costa Rica","Laura","Hernandez","laura.hernandez@mail.com","60006845","Corporativo","Negocios","Familiar","339","Booking","Completada",1622.68,1622.68,"Tarjeta Débito",15.82,"Lavandería"
155,"RES000155","2025-09-23 10:00:00","2025-11-28","2025-12-04",2,0,0,1622.68,"Ecohotel Arenal","Ecohotel","La Fortuna","Costa Rica","Laura","Hernandez","laura.hernandez@mail.com","60006845","Corporativo","Negocios","Familiar","339","Booking","Completada",1622.68,1622.68,"Tarjeta Débito",47.46,"Restaurante"
155,"RES000155","2025-09-23 10:00:00","2025-11-28","2025-12-04",2,0,0,1622.68,"Ecohotel Arenal","Ecohotel","La Fortuna","Costa Rica","Laura","Hernandez","laura.hernandez@mail.com","60006845","Corporativo","Negocios","Familiar","339","Booking","Completada",1622.68,1622.68,"Tarjeta Débito",206.79,"Spa"
609,"RES000609","2026-06-20 10:00:00","2026-08-29","2026-09-02",3,0,0,768.40,"Hotel Central San José","Urbano","San José","Costa Rica","Maria","Lopez","maria.lopez@mail.com","60002331","Turista","Vacaciones","Suite","133","Convenio Empresa","Completada",768.40,768.40,"Convenio Empresa",76.84,"Traslado"
416,"RES000416","2025-07-03 10:00:00","2025-08-29","2025-09-01",3,1,0,598.90,"Boutique Manuel Antonio","Boutique","Manuel Antonio","Costa Rica","Fernando","Morales","fernando.morales@mail.com","60007844","Turista","Vacaciones","Doble","424","Web Directa","Completada",598.90,598.90,"Tarjeta Crédito",88.14,"Tour"
416,"RES000416","2025-07-03 10:00:00","2025-08-29","2025-09-01",3,1,0,598.90,"Boutique Manuel Antonio","Boutique","Manuel Antonio","Costa Rica","Fernando","Morales","fernando.morales@mail.com","60007844","Turista","Vacaciones","Doble","424","Web Directa","Completada",598.90,598.90,"Tarjeta Crédito",76.84,"Traslado"
416,"RES000416","2025-07-03 10:00:00","2025-08-29","2025-09-01",3,1,0,598.90,"Boutique Manuel Antonio","Boutique","Manuel Antonio","Costa Rica","Fernando","Morales","fernando.morales@mail.com","60007844","Turista","Vacaciones","Doble","424","Web Directa","Completada",598.90,598.90,"Tarjeta Crédito",64.41,"Estacionamiento"
195,"RES000195","2026-01-31 10:00:00","2026-02-16","2026-02-20",2,0,0,325.89,"Ecohotel Arenal","Ecohotel","La Fortuna","Costa Rica","Laura","Hernandez","laura.hernandez@mail.com","60006105","Corporativo","Negocios","Sencilla","309","Walk In","Completada",325.89,325.89,"Convenio Empresa",56.95,"Traslado"
365,"RES000365","2025-04-22 10:00:00","2025-04-28","2025-05-04",2,0,0,608.73,"Hotel Central San José","Urbano","San José","Costa Rica","Paula","Vargas","paula.vargas@mail.com","60005735","Corporativo","Negocios","Doble","112","Booking","Confirmada",608.73,243.49,"Convenio Empresa",22.60,"Lavandería"
199,"RES000199","2026-02-04 10:00:00","2026-02-24","2026-02-26",3,0,0,432.79,"Ecohotel Arenal","Ecohotel","La Fortuna","Costa Rica","Gabriela","Ortiz","gabriela.ortiz@mail.com","60007141","Turista","Vacaciones","Sencilla","310","Web Directa","Completada",432.79,432.79,"Transferencia",186.45,"Spa"
199,"RES000199","2026-02-04 10:00:00","2026-02-24","2026-02-26",3,0,0,432.79,"Ecohotel Arenal","Ecohotel","La Fortuna","Costa Rica","Gabriela","Ortiz","gabriela.ortiz@mail.com","60007141","Turista","Vacaciones","Sencilla","310","Web Directa","Completada",432.79,432.79,"Transferencia",88.14,"Tour"
369,"RES000369","2025-04-26 10:00:00","2025-05-06","2025-05-10",3,0,0,447.03,"Hotel Central San José","Urbano","San José","Costa Rica","Maria","Lopez","maria.lopez@mail.com","60006771","Turista","Vacaciones","Doble","113","Call Center","Completada",447.03,447.03,"Tarjeta Débito",76.84,"Traslado"
740,"RES000740","2025-09-05 10:00:00","2025-09-26","2025-09-29",1,1,0,572.74,"Boutique Manuel Antonio","Boutique","Manuel Antonio","Costa Rica","Carlos","Rodriguez","carlos.rodriguez@mail.com","60002960","Turista","Vacaciones","Doble","425","Call Center","Completada",572.74,572.74,"Tarjeta Crédito",88.14,"Tour"
740,"RES000740","2025-09-05 10:00:00","2025-09-26","2025-09-29",1,1,0,572.74,"Boutique Manuel Antonio","Boutique","Manuel Antonio","Costa Rica","Carlos","Rodriguez","carlos.rodriguez@mail.com","60002960","Turista","Vacaciones","Doble","425","Call Center","Completada",572.74,572.74,"Tarjeta Crédito",69.16,"Traslado"
740,"RES000740","2025-09-05 10:00:00","2025-09-26","2025-09-29",1,1,0,572.74,"Boutique Manuel Antonio","Boutique","Manuel Antonio","Costa Rica","Carlos","Rodriguez","carlos.rodriguez@mail.com","60002960","Turista","Vacaciones","Doble","425","Call Center","Completada",572.74,572.74,"Tarjeta Crédito",64.41,"Estacionamiento"
892,"RES000892","2026-05-05 10:00:00","2026-07-27","2026-08-01",1,1,0,682.52,"Boutique Manuel Antonio","Boutique","Manuel Antonio","Costa Rica","Jose","Martinez","jose.martinez@mail.com","60009028","Turista","Vacaciones","Doble","423","Web Directa","Completada",682.52,682.52,"Tarjeta Crédito",44.07,"Estacionamiento"
892,"RES000892","2026-05-05 10:00:00","2026-07-27","2026-08-01",1,1,0,682.52,"Boutique Manuel Antonio","Boutique","Manuel Antonio","Costa Rica","Jose","Martinez","jose.martinez@mail.com","60009028","Turista","Vacaciones","Doble","423","Web Directa","Completada",682.52,682.52,"Tarjeta Crédito",22.60,"Lavandería"
856,"RES000856","2026-03-30 10:00:00","2026-05-16","2026-05-21",3,1,0,682.52,"Boutique Manuel Antonio","Boutique","Manuel Antonio","Costa Rica","Fernando","Morales","fernando.morales@mail.com","60000804","Turista","Vacaciones","Doble","414","Expedia","Completada",682.52,682.52,"Transferencia",44.07,"Estacionamiento"
856,"RES000856","2026-03-30 10:00:00","2026-05-16","2026-05-21",3,1,0,682.52,"Boutique Manuel Antonio","Boutique","Manuel Antonio","Costa Rica","Fernando","Morales","fernando.morales@mail.com","60000804","Turista","Vacaciones","Doble","414","Expedia","Completada",682.52,682.52,"Transferencia",22.60,"Lavandería"
230,"RES000230","2026-02-28 10:00:00","2026-04-20","2026-04-23",1,0,0,505.17,"Resort Pacífico Jacó","Resort","Jacó","Costa Rica","Jorge","Flores","jorge.flores@mail.com","60004070","Turista","Vacaciones","Doble","218","Walk In","Completada",505.17,505.17,"Tarjeta Crédito",85.43,"Tour"
230,"RES000230","2026-02-28 10:00:00","2026-04-20","2026-04-23",1,0,0,505.17,"Resort Pacífico Jacó","Resort","Jacó","Costa Rica","Jorge","Flores","jorge.flores@mail.com","60004070","Turista","Vacaciones","Doble","218","Walk In","Completada",505.17,505.17,"Tarjeta Crédito",63.28,"Traslado"
230,"RES000230","2026-02-28 10:00:00","2026-04-20","2026-04-23",1,0,0,505.17,"Resort Pacífico Jacó","Resort","Jacó","Costa Rica","Jorge","Flores","jorge.flores@mail.com","60004070","Turista","Vacaciones","Doble","218","Walk In","Completada",505.17,505.17,"Tarjeta Crédito",44.07,"Estacionamiento"
78,"RES000078","2025-04-02 10:00:00","2025-06-20","2025-06-21",3,2,0,170.63,"Resort Pacífico Jacó","Resort","Jacó","Costa Rica","Andres","Perez","andres.perez@mail.com","60009102","Corporativo","Negocios","Doble","220","Booking","Completada",170.63,170.63,"Tarjeta Crédito",61.02,"Restaurante"
573,"RES000573","2026-05-15 10:00:00","2026-06-18","2026-06-22",2,0,0,480.48,"Hotel Central San José","Urbano","San José","Costa Rica","Camila","Rivera","camila.rivera@mail.com","60004107","Turista","Vacaciones","Doble","124","Walk In","Completada",480.48,480.48,"Tarjeta Crédito",69.16,"Traslado"
852,"RES000852","2026-03-26 10:00:00","2026-05-08","2026-05-09",1,2,1,170.63,"Boutique Manuel Antonio","Boutique","Manuel Antonio","Costa Rica","Jose","Martinez","jose.martinez@mail.com","60009768","Turista","Vacaciones","Doble","413","Call Center","Completada",170.63,170.63,"Convenio Empresa",47.46,"Restaurante"
250,"RES000250","2026-03-20 10:00:00","2026-05-30","2026-06-04",1,0,0,599.30,"Resort Pacífico Jacó","Resort","Jacó","Costa Rica","Jorge","Flores","jorge.flores@mail.com","60009250","Turista","Vacaciones","Doble","223","Call Center","Completada",599.30,599.30,"Tarjeta Débito",64.41,"Estacionamiento"
250,"RES000250","2026-03-20 10:00:00","2026-05-30","2026-06-04",1,0,0,599.30,"Resort Pacífico Jacó","Resort","Jacó","Costa Rica","Jorge","Flores","jorge.flores@mail.com","60009250","Turista","Vacaciones","Doble","223","Call Center","Completada",599.30,599.30,"Tarjeta Débito",14.24,"Lavandería"
611,"RES000611","2024-10-24 10:00:00","2025-01-04","2025-01-10",1,0,0,1415.89,"Ecohotel Arenal","Ecohotel","La Fortuna","Costa Rica","Elena","Navarro","elena.navarro@mail.com","60002849","Familiar","Visita Familiar","Suite","333","Expedia","Completada",1415.89,1415.89,"Tarjeta Crédito",15.82,"Lavandería"
611,"RES000611","2024-10-24 10:00:00","2025-01-04","2025-01-10",1,0,0,1415.89,"Ecohotel Arenal","Ecohotel","La Fortuna","Costa Rica","Elena","Navarro","elena.navarro@mail.com","60002849","Familiar","Visita Familiar","Suite","333","Expedia","Completada",1415.89,1415.89,"Tarjeta Crédito",47.46,"Restaurante"
611,"RES000611","2024-10-24 10:00:00","2025-01-04","2025-01-10",1,0,0,1415.89,"Ecohotel Arenal","Ecohotel","La Fortuna","Costa Rica","Elena","Navarro","elena.navarro@mail.com","60002849","Familiar","Visita Familiar","Suite","333","Expedia","Completada",1415.89,1415.89,"Tarjeta Crédito",206.79,"Spa"
865,"RES000865","2026-03-18 10:00:00","2026-05-13","2026-05-15",2,0,0,402.17,"Hotel Central San José","Urbano","San José","Costa Rica","Paula","Vargas","paula.vargas@mail.com","60002035","Corporativo","Negocios","Doble","117","Agencia Mayorista","Confirmada",402.17,160.87,"Convenio Empresa",206.79,"Spa"
106,"RES000106","2025-07-29 10:00:00","2025-08-15","2025-08-20",3,0,0,974.06,"Resort Pacífico Jacó","Resort","Jacó","Costa Rica","Luis","Fernandez","luis.fernandez@mail.com","60005254","Turista","Vacaciones","Suite","227","Booking","Confirmada",974.06,389.62,"Tarjeta Débito",64.41,"Estacionamiento"
178,"RES000178","2025-10-09 10:00:00","2026-01-06","2026-01-11",3,0,0,447.48,"Resort Pacífico Jacó","Resort","Jacó","Costa Rica","Andres","Perez","andres.perez@mail.com","60001702","Corporativo","Negocios","Sencilla","205","Web Directa","Completada",447.48,447.48,"Tarjeta Crédito",64.41,"Estacionamiento"
178,"RES000178","2025-10-09 10:00:00","2026-01-06","2026-01-11",3,0,0,447.48,"Resort Pacífico Jacó","Resort","Jacó","Costa Rica","Andres","Perez","andres.perez@mail.com","60001702","Corporativo","Negocios","Sencilla","205","Web Directa","Completada",447.48,447.48,"Tarjeta Crédito",15.82,"Lavandería"
795,"RES000795","2025-10-23 10:00:00","2026-01-07","2026-01-11",2,0,0,870.10,"Ecohotel Arenal","Ecohotel","La Fortuna","Costa Rica","Laura","Hernandez","laura.hernandez@mail.com","60006105","Corporativo","Negocios","Familiar","339","Agencia Mayorista","Completada",870.10,870.10,"Convenio Empresa",63.28,"Traslado"
809,"RES000809","2025-10-23 10:00:00","2026-01-21","2026-01-27",3,0,0,658.23,"Hotel Central San José","Urbano","San José","Costa Rica","Maria","Lopez","maria.lopez@mail.com","60009731","Turista","Vacaciones","Sencilla","103","Agencia Mayorista","Completada",658.23,658.23,"Convenio Empresa",22.60,"Lavandería"
809,"RES000809","2025-10-23 10:00:00","2026-01-21","2026-01-27",3,0,0,658.23,"Hotel Central San José","Urbano","San José","Costa Rica","Maria","Lopez","maria.lopez@mail.com","60009731","Turista","Vacaciones","Sencilla","103","Agencia Mayorista","Completada",658.23,658.23,"Convenio Empresa",61.02,"Restaurante"
809,"RES000809","2025-10-23 10:00:00","2026-01-21","2026-01-27",3,0,0,658.23,"Hotel Central San José","Urbano","San José","Costa Rica","Maria","Lopez","maria.lopez@mail.com","60009731","Turista","Vacaciones","Sencilla","103","Agencia Mayorista","Completada",658.23,658.23,"Convenio Empresa",167.81,"Spa"
8,"RES000008","2025-02-05 10:00:00","2025-02-14","2025-02-17",3,1,0,483.64,"Boutique Manuel Antonio","Boutique","Manuel Antonio","Costa Rica","Ricardo","Rojas","ricardo.rojas@mail.com","60002072","Corporativo","Negocios","Sencilla","402","Booking","Completada",483.64,483.64,"Transferencia",88.14,"Tour"
8,"RES000008","2025-02-05 10:00:00","2025-02-14","2025-02-17",3,1,0,483.64,"Boutique Manuel Antonio","Boutique","Manuel Antonio","Costa Rica","Ricardo","Rojas","ricardo.rojas@mail.com","60002072","Corporativo","Negocios","Sencilla","402","Booking","Completada",483.64,483.64,"Transferencia",76.84,"Traslado"
8,"RES000008","2025-02-05 10:00:00","2025-02-14","2025-02-17",3,1,0,483.64,"Boutique Manuel Antonio","Boutique","Manuel Antonio","Costa Rica","Ricardo","Rojas","ricardo.rojas@mail.com","60002072","Corporativo","Negocios","Sencilla","402","Booking","Completada",483.64,483.64,"Transferencia",64.41,"Estacionamiento"
585,"RES000585","2026-05-27 10:00:00","2026-07-12","2026-07-16",2,0,0,664.67,"Hotel Central San José","Urbano","San José","Costa Rica","Paula","Vargas","paula.vargas@mail.com","60007215","Corporativo","Negocios","Suite","127","Agencia Mayorista","Confirmada",664.67,265.87,"Efectivo",76.84,"Traslado"
708,"RES000708","2025-05-06 10:00:00","2025-07-24","2025-07-25",3,2,1,170.63,"Boutique Manuel Antonio","Boutique","Manuel Antonio","Costa Rica","Ricardo","Rojas","ricardo.rojas@mail.com","60005772","Corporativo","Negocios","Doble","417","Booking","Completada",170.63,170.63,"Transferencia",47.46,"Restaurante"
455,"RES000455","2025-11-02 10:00:00","2025-11-08","2025-11-14",2,0,0,1358.60,"Ecohotel Arenal","Ecohotel","La Fortuna","Costa Rica","Laura","Hernandez","laura.hernandez@mail.com","60006845","Corporativo","Negocios","Suite","334","Convenio Empresa","Completada",1358.60,1358.60,"Tarjeta Débito",15.82,"Lavandería"
455,"RES000455","2025-11-02 10:00:00","2025-11-08","2025-11-14",2,0,0,1358.60,"Ecohotel Arenal","Ecohotel","La Fortuna","Costa Rica","Laura","Hernandez","laura.hernandez@mail.com","60006845","Corporativo","Negocios","Suite","334","Convenio Empresa","Completada",1358.60,1358.60,"Tarjeta Débito",47.46,"Restaurante"
455,"RES000455","2025-11-02 10:00:00","2025-11-08","2025-11-14",2,0,0,1358.60,"Ecohotel Arenal","Ecohotel","La Fortuna","Costa Rica","Laura","Hernandez","laura.hernandez@mail.com","60006845","Corporativo","Negocios","Suite","334","Convenio Empresa","Completada",1358.60,1358.60,"Tarjeta Débito",206.79,"Spa"
370,"RES000370","2025-05-04 10:00:00","2025-05-15","2025-05-20",1,0,0,594.44,"Resort Pacífico Jacó","Resort","Jacó","Costa Rica","Jorge","Flores","jorge.flores@mail.com","60007030","Turista","Vacaciones","Doble","213","Walk In","Completada",594.44,594.44,"Transferencia",57.97,"Estacionamiento"
370,"RES000370","2025-05-04 10:00:00","2025-05-15","2025-05-20",1,0,0,594.44,"Resort Pacífico Jacó","Resort","Jacó","Costa Rica","Jorge","Flores","jorge.flores@mail.com","60007030","Turista","Vacaciones","Doble","213","Walk In","Completada",594.44,594.44,"Transferencia",15.82,"Lavandería"
713,"RES000713","2025-04-20 10:00:00","2025-07-13","2025-07-19",2,0,0,884.79,"Hotel Central San José","Urbano","San José","Costa Rica","Camila","Rivera","camila.rivera@mail.com","60007067","Turista","Vacaciones","Doble","119","Walk In","Completada",884.79,884.79,"Transferencia",20.34,"Lavandería"
713,"RES000713","2025-04-20 10:00:00","2025-07-13","2025-07-19",2,0,0,884.79,"Hotel Central San José","Urbano","San José","Costa Rica","Camila","Rivera","camila.rivera@mail.com","60007067","Turista","Vacaciones","Doble","119","Walk In","Completada",884.79,884.79,"Transferencia",61.02,"Restaurante"
713,"RES000713","2025-04-20 10:00:00","2025-07-13","2025-07-19",2,0,0,884.79,"Hotel Central San José","Urbano","San José","Costa Rica","Camila","Rivera","camila.rivera@mail.com","60007067","Turista","Vacaciones","Doble","119","Walk In","Completada",884.79,884.79,"Transferencia",186.45,"Spa"
448,"RES000448","2025-08-04 10:00:00","2025-11-01","2025-11-06",3,1,0,1066.72,"Boutique Manuel Antonio","Boutique","Manuel Antonio","Costa Rica","Ricardo","Rojas","ricardo.rojas@mail.com","60005032","Corporativo","Negocios","Suite","432","Convenio Empresa","Completada",1066.72,1066.72,"Efectivo",44.07,"Estacionamiento"
448,"RES000448","2025-08-04 10:00:00","2025-11-01","2025-11-06",3,1,0,1066.72,"Boutique Manuel Antonio","Boutique","Manuel Antonio","Costa Rica","Ricardo","Rojas","ricardo.rojas@mail.com","60005032","Corporativo","Negocios","Suite","432","Convenio Empresa","Completada",1066.72,1066.72,"Efectivo",22.60,"Lavandería"
396,"RES000396","2025-06-13 10:00:00","2025-07-20","2025-07-21",3,2,1,158.31,"Boutique Manuel Antonio","Boutique","Manuel Antonio","Costa Rica","Fernando","Morales","fernando.morales@mail.com","60002664","Turista","Vacaciones","Doble","419","Agencia Mayorista","Completada",158.31,158.31,"Efectivo",47.46,"Restaurante"
132,"RES000132","2025-09-07 10:00:00","2025-10-20","2025-10-21",1,2,1,242.72,"Boutique Manuel Antonio","Boutique","Manuel Antonio","Costa Rica","Jose","Martinez","jose.martinez@mail.com","60000888","Turista","Vacaciones","Suite","433","Walk In","Completada",242.72,242.72,"Transferencia",42.71,"Restaurante"
514,"RES000514","2025-12-24 10:00:00","2026-02-27","2026-03-04",2,0,0,447.48,"Resort Pacífico Jacó","Resort","Jacó","Costa Rica","Miguel","Mendoza","miguel.mendoza@mail.com","60001026","Familiar","Visita Familiar","Sencilla","209","Web Directa","Completada",447.48,447.48,"Convenio Empresa",64.41,"Estacionamiento"
514,"RES000514","2025-12-24 10:00:00","2026-02-27","2026-03-04",2,0,0,447.48,"Resort Pacífico Jacó","Resort","Jacó","Costa Rica","Miguel","Mendoza","miguel.mendoza@mail.com","60001026","Familiar","Visita Familiar","Sencilla","209","Web Directa","Completada",447.48,447.48,"Convenio Empresa",15.82,"Lavandería"
854,"RES000854","2026-03-14 10:00:00","2026-04-28","2026-05-01",2,0,0,531.10,"Resort Pacífico Jacó","Resort","Jacó","Costa Rica","Miguel","Mendoza","miguel.mendoza@mail.com","60000286","Familiar","Visita Familiar","Doble","214","Convenio Empresa","Completada",531.10,531.10,"Tarjeta Crédito",94.92,"Tour"
854,"RES000854","2026-03-14 10:00:00","2026-04-28","2026-05-01",2,0,0,531.10,"Resort Pacífico Jacó","Resort","Jacó","Costa Rica","Miguel","Mendoza","miguel.mendoza@mail.com","60000286","Familiar","Visita Familiar","Doble","214","Convenio Empresa","Completada",531.10,531.10,"Tarjeta Crédito",63.28,"Traslado"
854,"RES000854","2026-03-14 10:00:00","2026-04-28","2026-05-01",2,0,0,531.10,"Resort Pacífico Jacó","Resort","Jacó","Costa Rica","Miguel","Mendoza","miguel.mendoza@mail.com","60000286","Familiar","Visita Familiar","Doble","214","Convenio Empresa","Completada",531.10,531.10,"Tarjeta Crédito",44.07,"Estacionamiento"
389,"RES000389","2025-05-16 10:00:00","2025-06-15","2025-06-21",3,0,0,868.41,"Hotel Central San José","Urbano","San José","Costa Rica","Maria","Lopez","maria.lopez@mail.com","60000851","Turista","Vacaciones","Doble","118","Agencia Mayorista","Completada",868.41,868.41,"Transferencia",22.60,"Lavandería"
389,"RES000389","2025-05-16 10:00:00","2025-06-15","2025-06-21",3,0,0,868.41,"Hotel Central San José","Urbano","San José","Costa Rica","Maria","Lopez","maria.lopez@mail.com","60000851","Turista","Vacaciones","Doble","118","Agencia Mayorista","Completada",868.41,868.41,"Transferencia",61.02,"Restaurante"
389,"RES000389","2025-05-16 10:00:00","2025-06-15","2025-06-21",3,0,0,868.41,"Hotel Central San José","Urbano","San José","Costa Rica","Maria","Lopez","maria.lopez@mail.com","60000851","Turista","Vacaciones","Doble","118","Agencia Mayorista","Completada",868.41,868.41,"Transferencia",167.81,"Spa"
114,"RES000114","2025-08-06 10:00:00","2025-08-31","2025-09-01",2,2,0,242.95,"Resort Pacífico Jacó","Resort","Jacó","Costa Rica","Miguel","Mendoza","miguel.mendoza@mail.com","60007326","Familiar","Visita Familiar","Suite","229","Expedia","Completada",242.95,242.95,"Convenio Empresa",61.02,"Restaurante"
60,"RES000060","2025-03-29 10:00:00","2025-05-29","2025-05-30",1,2,1,152.15,"Boutique Manuel Antonio","Boutique","Manuel Antonio","Costa Rica","Carlos","Rodriguez","carlos.rodriguez@mail.com","60004440","Turista","Vacaciones","Doble","415","Agencia Mayorista","Completada",152.15,152.15,"Tarjeta Débito",47.46,"Restaurante"
754,"RES000754","2025-09-05 10:00:00","2025-10-10","2025-10-15",2,0,0,988.30,"Resort Pacífico Jacó","Resort","Jacó","Costa Rica","Miguel","Mendoza","miguel.mendoza@mail.com","60006586","Familiar","Visita Familiar","Suite","229","Call Center","Completada",988.30,988.30,"Tarjeta Crédito",64.41,"Estacionamiento"
754,"RES000754","2025-09-05 10:00:00","2025-10-10","2025-10-15",2,0,0,988.30,"Resort Pacífico Jacó","Resort","Jacó","Costa Rica","Miguel","Mendoza","miguel.mendoza@mail.com","60006586","Familiar","Visita Familiar","Suite","229","Call Center","Completada",988.30,988.30,"Tarjeta Crédito",14.24,"Lavandería"
518,"RES000518","2025-12-28 10:00:00","2026-03-07","2026-03-10",3,0,0,422.62,"Resort Pacífico Jacó","Resort","Jacó","Costa Rica","Andres","Perez","andres.perez@mail.com","60000962","Corporativo","Negocios","Sencilla","210","Convenio Empresa","Completada",422.62,422.62,"Transferencia",94.92,"Tour"
518,"RES000518","2025-12-28 10:00:00","2026-03-07","2026-03-10",3,0,0,422.62,"Resort Pacífico Jacó","Resort","Jacó","Costa Rica","Andres","Perez","andres.perez@mail.com","60000962","Corporativo","Negocios","Sencilla","210","Convenio Empresa","Completada",422.62,422.62,"Transferencia",63.28,"Traslado"
518,"RES000518","2025-12-28 10:00:00","2026-03-07","2026-03-10",3,0,0,422.62,"Resort Pacífico Jacó","Resort","Jacó","Costa Rica","Andres","Perez","andres.perez@mail.com","60000962","Corporativo","Negocios","Sencilla","210","Convenio Empresa","Completada",422.62,422.62,"Transferencia",44.07,"Estacionamiento"
289,"RES000289","2026-07-20 10:00:00","2026-08-09","2026-08-11",3,0,0,647.49,"Hotel Central San José","Urbano","San José","Costa Rica","Maria","Lopez","maria.lopez@mail.com","60008251","Turista","Vacaciones","Suite","133","Expedia","Completada",647.49,647.49,"Transferencia",206.79,"Spa"
289,"RES000289","2026-07-20 10:00:00","2026-08-09","2026-08-11",3,0,0,647.49,"Hotel Central San José","Urbano","San José","Costa Rica","Maria","Lopez","maria.lopez@mail.com","60008251","Turista","Vacaciones","Suite","133","Expedia","Completada",647.49,647.49,"Transferencia",94.92,"Tour"
65,"RES000065","2025-03-13 10:00:00","2025-05-18","2025-05-24",2,0,0,608.73,"Hotel Central San José","Urbano","San José","Costa Rica","Paula","Vargas","paula.vargas@mail.com","60005735","Corporativo","Negocios","Doble","117","Expedia","Confirmada",608.73,243.49,"Convenio Empresa",22.60,"Lavandería"
693,"RES000693","2025-03-31 10:00:00","2025-06-03","2025-06-07",2,0,0,447.03,"Hotel Central San José","Urbano","San José","Costa Rica","Camila","Rivera","camila.rivera@mail.com","60001887","Turista","Vacaciones","Doble","114","Convenio Empresa","Completada",447.03,447.03,"Tarjeta Débito",76.84,"Traslado"
98,"RES000098","2025-07-21 10:00:00","2025-07-30","2025-08-02",3,0,0,531.10,"Resort Pacífico Jacó","Resort","Jacó","Costa Rica","Andres","Perez","andres.perez@mail.com","60003182","Corporativo","Negocios","Doble","225","Convenio Empresa","Completada",531.10,531.10,"Tarjeta Débito",94.92,"Tour"
98,"RES000098","2025-07-21 10:00:00","2025-07-30","2025-08-02",3,0,0,531.10,"Resort Pacífico Jacó","Resort","Jacó","Costa Rica","Andres","Perez","andres.perez@mail.com","60003182","Corporativo","Negocios","Doble","225","Convenio Empresa","Completada",531.10,531.10,"Tarjeta Débito",63.28,"Traslado"
98,"RES000098","2025-07-21 10:00:00","2025-07-30","2025-08-02",3,0,0,531.10,"Resort Pacífico Jacó","Resort","Jacó","Costa Rica","Andres","Perez","andres.perez@mail.com","60003182","Corporativo","Negocios","Doble","225","Convenio Empresa","Completada",531.10,531.10,"Tarjeta Débito",44.07,"Estacionamiento"
715,"RES000715","2025-05-06 10:00:00","2025-07-31","2025-08-02",2,0,0,495.73,"Ecohotel Arenal","Ecohotel","La Fortuna","Costa Rica","Laura","Hernandez","laura.hernandez@mail.com","60007585","Corporativo","Negocios","Doble","319","Booking","Completada",495.73,495.73,"Efectivo",186.45,"Spa"
715,"RES000715","2025-05-06 10:00:00","2025-07-31","2025-08-02",2,0,0,495.73,"Ecohotel Arenal","Ecohotel","La Fortuna","Costa Rica","Laura","Hernandez","laura.hernandez@mail.com","60007585","Corporativo","Negocios","Doble","319","Booking","Completada",495.73,495.73,"Efectivo",88.14,"Tour"
527,"RES000527","2026-01-13 10:00:00","2026-04-01","2026-04-07",3,0,0,968.41,"Ecohotel Arenal","Ecohotel","La Fortuna","Costa Rica","Valeria","Torres","valeria.torres@mail.com","60003293","Grupo","Evento","Doble","312","Expedia","Completada",968.41,968.41,"Transferencia",15.82,"Lavandería"
527,"RES000527","2026-01-13 10:00:00","2026-04-01","2026-04-07",3,0,0,968.41,"Ecohotel Arenal","Ecohotel","La Fortuna","Costa Rica","Valeria","Torres","valeria.torres@mail.com","60003293","Grupo","Evento","Doble","312","Expedia","Completada",968.41,968.41,"Transferencia",47.46,"Restaurante"
527,"RES000527","2026-01-13 10:00:00","2026-04-01","2026-04-07",3,0,0,968.41,"Ecohotel Arenal","Ecohotel","La Fortuna","Costa Rica","Valeria","Torres","valeria.torres@mail.com","60003293","Grupo","Evento","Doble","312","Expedia","Completada",968.41,968.41,"Transferencia",206.79,"Spa"
490,"RES000490","2025-11-30 10:00:00","2026-01-10","2026-01-15",1,0,0,429.12,"Resort Pacífico Jacó","Resort","Jacó","Costa Rica","Jorge","Flores","jorge.flores@mail.com","60004810","Turista","Vacaciones","Sencilla","203","Convenio Empresa","Completada",429.12,429.12,"Convenio Empresa",64.41,"Estacionamiento"
490,"RES000490","2025-11-30 10:00:00","2026-01-10","2026-01-15",1,0,0,429.12,"Resort Pacífico Jacó","Resort","Jacó","Costa Rica","Jorge","Flores","jorge.flores@mail.com","60004810","Turista","Vacaciones","Sencilla","203","Convenio Empresa","Completada",429.12,429.12,"Convenio Empresa",15.82,"Lavandería"
235,"RES000235","2026-03-12 10:00:00","2026-05-07","2026-05-09",2,0,0,495.73,"Ecohotel Arenal","Ecohotel","La Fortuna","Costa Rica","Laura","Hernandez","laura.hernandez@mail.com","60005365","Corporativo","Negocios","Doble","319","Agencia Mayorista","Completada",495.73,495.73,"Tarjeta Crédito",186.45,"Spa"
235,"RES000235","2026-03-12 10:00:00","2026-05-07","2026-05-09",2,0,0,495.73,"Ecohotel Arenal","Ecohotel","La Fortuna","Costa Rica","Laura","Hernandez","laura.hernandez@mail.com","60005365","Corporativo","Negocios","Doble","319","Agencia Mayorista","Completada",495.73,495.73,"Tarjeta Crédito",88.14,"Tour"
627,"RES000627","2024-11-09 10:00:00","2025-02-05","2025-02-09",3,0,0,1012.48,"Ecohotel Arenal","Ecohotel","La Fortuna","Costa Rica","Valeria","Torres","valeria.torres@mail.com","60006993","Grupo","Evento","Familiar","337","Agencia Mayorista","Completada",1012.48,1012.48,"Transferencia",63.28,"Traslado"
119,"RES000119","2025-08-18 10:00:00","2025-09-17","2025-09-23",3,0,0,1415.89,"Ecohotel Arenal","Ecohotel","La Fortuna","Costa Rica","Gabriela","Ortiz","gabriela.ortiz@mail.com","60008621","Turista","Vacaciones","Suite","330","Convenio Empresa","Completada",1415.89,1415.89,"Convenio Empresa",15.82,"Lavandería"
119,"RES000119","2025-08-18 10:00:00","2025-09-17","2025-09-23",3,0,0,1415.89,"Ecohotel Arenal","Ecohotel","La Fortuna","Costa Rica","Gabriela","Ortiz","gabriela.ortiz@mail.com","60008621","Turista","Vacaciones","Suite","330","Convenio Empresa","Completada",1415.89,1415.89,"Convenio Empresa",47.46,"Restaurante"
119,"RES000119","2025-08-18 10:00:00","2025-09-17","2025-09-23",3,0,0,1415.89,"Ecohotel Arenal","Ecohotel","La Fortuna","Costa Rica","Gabriela","Ortiz","gabriela.ortiz@mail.com","60008621","Turista","Vacaciones","Suite","330","Convenio Empresa","Completada",1415.89,1415.89,"Convenio Empresa",206.79,"Spa"
306,"RES000306","2024-12-01 10:00:00","2025-01-07","2025-01-08",3,2,0,264.42,"Resort Pacífico Jacó","Resort","Jacó","Costa Rica","Luis","Fernandez","luis.fernandez@mail.com","60001554","Turista","Vacaciones","Familiar","237","Call Center","Confirmada",264.42,105.77,"Tarjeta Débito",61.02,"Restaurante"
286,"RES000286","2026-07-24 10:00:00","2026-08-10","2026-08-15",3,0,0,967.62,"Resort Pacífico Jacó","Resort","Jacó","Costa Rica","Luis","Fernandez","luis.fernandez@mail.com","60007474","Turista","Vacaciones","Suite","232","Walk In","Confirmada",967.62,387.05,"Tarjeta Crédito",57.97,"Estacionamiento"
376,"RES000376","2025-05-24 10:00:00","2025-06-10","2025-06-15",3,1,0,680.26,"Boutique Manuel Antonio","Boutique","Manuel Antonio","Costa Rica","Fernando","Morales","fernando.morales@mail.com","60008584","Turista","Vacaciones","Doble","414","Call Center","Completada",680.26,680.26,"Convenio Empresa",44.07,"Estacionamiento"
376,"RES000376","2025-05-24 10:00:00","2025-06-10","2025-06-15",3,1,0,680.26,"Boutique Manuel Antonio","Boutique","Manuel Antonio","Costa Rica","Fernando","Morales","fernando.morales@mail.com","60008584","Turista","Vacaciones","Doble","414","Call Center","Completada",680.26,680.26,"Convenio Empresa",20.34,"Lavandería"
147,"RES000147","2025-09-15 10:00:00","2025-11-12","2025-11-16",3,0,0,1012.48,"Ecohotel Arenal","Ecohotel","La Fortuna","Costa Rica","Valeria","Torres","valeria.torres@mail.com","60004773","Grupo","Evento","Familiar","337","Convenio Empresa","Completada",1012.48,1012.48,"Convenio Empresa",63.28,"Traslado"
860,"RES000860","2026-04-03 10:00:00","2026-05-24","2026-05-27",1,1,0,571.61,"Boutique Manuel Antonio","Boutique","Manuel Antonio","Costa Rica","Carlos","Rodriguez","carlos.rodriguez@mail.com","60000740","Turista","Vacaciones","Doble","415","Walk In","Completada",571.61,571.61,"Tarjeta Débito",79.33,"Tour"
860,"RES000860","2026-04-03 10:00:00","2026-05-24","2026-05-27",1,1,0,571.61,"Boutique Manuel Antonio","Boutique","Manuel Antonio","Costa Rica","Carlos","Rodriguez","carlos.rodriguez@mail.com","60000740","Turista","Vacaciones","Doble","415","Walk In","Completada",571.61,571.61,"Tarjeta Débito",76.84,"Traslado"
860,"RES000860","2026-04-03 10:00:00","2026-05-24","2026-05-27",1,1,0,571.61,"Boutique Manuel Antonio","Boutique","Manuel Antonio","Costa Rica","Carlos","Rodriguez","carlos.rodriguez@mail.com","60000740","Turista","Vacaciones","Doble","415","Walk In","Completada",571.61,571.61,"Tarjeta Débito",64.41,"Estacionamiento"
480,"RES000480","2025-12-04 10:00:00","2026-01-04","2026-01-05",1,2,1,258.77,"Boutique Manuel Antonio","Boutique","Manuel Antonio","Costa Rica","Carlos","Rodriguez","carlos.rodriguez@mail.com","60002220","Turista","Vacaciones","Familiar","440","Agencia Mayorista","Completada",258.77,258.77,"Transferencia",47.46,"Restaurante"
338,"RES000338","2025-01-02 10:00:00","2025-03-12","2025-03-15",3,0,0,422.62,"Resort Pacífico Jacó","Resort","Jacó","Costa Rica","Andres","Perez","andres.perez@mail.com","60009842","Corporativo","Negocios","Sencilla","205","Expedia","Completada",422.62,422.62,"Convenio Empresa",94.92,"Tour"
338,"RES000338","2025-01-02 10:00:00","2025-03-12","2025-03-15",3,0,0,422.62,"Resort Pacífico Jacó","Resort","Jacó","Costa Rica","Andres","Perez","andres.perez@mail.com","60009842","Corporativo","Negocios","Sencilla","205","Expedia","Completada",422.62,422.62,"Convenio Empresa",63.28,"Traslado"
338,"RES000338","2025-01-02 10:00:00","2025-03-12","2025-03-15",3,0,0,422.62,"Resort Pacífico Jacó","Resort","Jacó","Costa Rica","Andres","Perez","andres.perez@mail.com","60009842","Corporativo","Negocios","Sencilla","205","Expedia","Completada",422.62,422.62,"Convenio Empresa",44.07,"Estacionamiento"
358,"RES000358","2025-01-22 10:00:00","2025-04-21","2025-04-26",3,0,0,447.48,"Resort Pacífico Jacó","Resort","Jacó","Costa Rica","Andres","Perez","andres.perez@mail.com","60003922","Corporativo","Negocios","Sencilla","210","Booking","Completada",447.48,447.48,"Efectivo",64.41,"Estacionamiento"
358,"RES000358","2025-01-22 10:00:00","2025-04-21","2025-04-26",3,0,0,447.48,"Resort Pacífico Jacó","Resort","Jacó","Costa Rica","Andres","Perez","andres.perez@mail.com","60003922","Corporativo","Negocios","Sencilla","210","Booking","Completada",447.48,447.48,"Efectivo",15.82,"Lavandería"
412,"RES000412","2025-06-29 10:00:00","2025-08-21","2025-08-26",1,1,0,678.11,"Boutique Manuel Antonio","Boutique","Manuel Antonio","Costa Rica","Jose","Martinez","jose.martinez@mail.com","60006808","Turista","Vacaciones","Doble","423","Walk In","Completada",678.11,678.11,"Tarjeta Débito",39.66,"Estacionamiento"
412,"RES000412","2025-06-29 10:00:00","2025-08-21","2025-08-26",1,1,0,678.11,"Boutique Manuel Antonio","Boutique","Manuel Antonio","Costa Rica","Jose","Martinez","jose.martinez@mail.com","60006808","Turista","Vacaciones","Doble","423","Walk In","Completada",678.11,678.11,"Tarjeta Débito",22.60,"Lavandería"
26,"RES000026","2025-02-09 10:00:00","2025-03-08","2025-03-11",3,0,0,315.27,"Resort Pacífico Jacó","Resort","Jacó","Costa Rica","Luis","Fernandez","luis.fernandez@mail.com","60006734","Turista","Vacaciones","Sencilla","207","Call Center","Confirmada",315.27,126.11,"Transferencia",94.92,"Tour"
72,"RES000072","2025-04-10 10:00:00","2025-06-22","2025-06-23",1,2,1,158.31,"Boutique Manuel Antonio","Boutique","Manuel Antonio","Costa Rica","Jose","Martinez","jose.martinez@mail.com","60007548","Turista","Vacaciones","Doble","418","Expedia","Completada",158.31,158.31,"Efectivo",47.46,"Restaurante"
535,"RES000535","2026-01-21 10:00:00","2026-04-17","2026-04-19",2,0,0,495.73,"Ecohotel Arenal","Ecohotel","La Fortuna","Costa Rica","Laura","Hernandez","laura.hernandez@mail.com","60005365","Corporativo","Negocios","Doble","314","Web Directa","Completada",495.73,495.73,"Tarjeta Crédito",186.45,"Spa"
535,"RES000535","2026-01-21 10:00:00","2026-04-17","2026-04-19",2,0,0,495.73,"Ecohotel Arenal","Ecohotel","La Fortuna","Costa Rica","Laura","Hernandez","laura.hernandez@mail.com","60005365","Corporativo","Negocios","Doble","314","Web Directa","Completada",495.73,495.73,"Tarjeta Crédito",88.14,"Tour"
232,"RES000232","2026-03-16 10:00:00","2026-05-08","2026-05-13",1,1,0,682.52,"Boutique Manuel Antonio","Boutique","Manuel Antonio","Costa Rica","Jose","Martinez","jose.martinez@mail.com","60004588","Turista","Vacaciones","Doble","418","Booking","Completada",682.52,682.52,"Transferencia",44.07,"Estacionamiento"
232,"RES000232","2026-03-16 10:00:00","2026-05-08","2026-05-13",1,1,0,682.52,"Boutique Manuel Antonio","Boutique","Manuel Antonio","Costa Rica","Jose","Martinez","jose.martinez@mail.com","60004588","Turista","Vacaciones","Doble","418","Booking","Completada",682.52,682.52,"Transferencia",22.60,"Lavandería"
77,"RES000077","2025-03-25 10:00:00","2025-06-11","2025-06-17",3,0,0,887.05,"Hotel Central San José","Urbano","San José","Costa Rica","Lucia","Silva","lucia.silva@mail.com","60008843","Grupo","Evento","Doble","120","Convenio Empresa","Completada",887.05,887.05,"Efectivo",22.60,"Lavandería"
77,"RES000077","2025-03-25 10:00:00","2025-06-11","2025-06-17",3,0,0,887.05,"Hotel Central San José","Urbano","San José","Costa Rica","Lucia","Silva","lucia.silva@mail.com","60008843","Grupo","Evento","Doble","120","Convenio Empresa","Completada",887.05,887.05,"Efectivo",61.02,"Restaurante"
77,"RES000077","2025-03-25 10:00:00","2025-06-11","2025-06-17",3,0,0,887.05,"Hotel Central San José","Urbano","San José","Costa Rica","Lucia","Silva","lucia.silva@mail.com","60008843","Grupo","Evento","Doble","120","Convenio Empresa","Completada",887.05,887.05,"Efectivo",186.45,"Spa"
725,"RES000725","2025-07-31 10:00:00","2025-08-06","2025-08-12",2,0,0,608.73,"Hotel Central San José","Urbano","San José","Costa Rica","Paula","Vargas","paula.vargas@mail.com","60000175","Corporativo","Negocios","Doble","122","Agencia Mayorista","Confirmada",608.73,243.49,"Tarjeta Débito",22.60,"Lavandería"
131,"RES000131","2025-08-30 10:00:00","2025-10-11","2025-10-17",1,0,0,1411.14,"Ecohotel Arenal","Ecohotel","La Fortuna","Costa Rica","Elena","Navarro","elena.navarro@mail.com","60000629","Familiar","Visita Familiar","Suite","333","Call Center","Completada",1411.14,1411.14,"Tarjeta Débito",15.82,"Lavandería"
131,"RES000131","2025-08-30 10:00:00","2025-10-11","2025-10-17",1,0,0,1411.14,"Ecohotel Arenal","Ecohotel","La Fortuna","Costa Rica","Elena","Navarro","elena.navarro@mail.com","60000629","Familiar","Visita Familiar","Suite","333","Call Center","Completada",1411.14,1411.14,"Tarjeta Débito",42.71,"Restaurante"
131,"RES000131","2025-08-30 10:00:00","2025-10-11","2025-10-17",1,0,0,1411.14,"Ecohotel Arenal","Ecohotel","La Fortuna","Costa Rica","Elena","Navarro","elena.navarro@mail.com","60000629","Familiar","Visita Familiar","Suite","333","Call Center","Completada",1411.14,1411.14,"Tarjeta Débito",206.79,"Spa"
310,"RES000310","2024-12-05 10:00:00","2025-01-15","2025-01-20",1,0,0,1153.73,"Resort Pacífico Jacó","Resort","Jacó","Costa Rica","Jorge","Flores","jorge.flores@mail.com","60002590","Turista","Vacaciones","Familiar","238","Expedia","Completada",1153.73,1153.73,"Efectivo",64.41,"Estacionamiento"
310,"RES000310","2024-12-05 10:00:00","2025-01-15","2025-01-20",1,0,0,1153.73,"Resort Pacífico Jacó","Resort","Jacó","Costa Rica","Jorge","Flores","jorge.flores@mail.com","60002590","Turista","Vacaciones","Familiar","238","Expedia","Completada",1153.73,1153.73,"Efectivo",15.82,"Lavandería"
37,"RES000037","2025-02-13 10:00:00","2025-03-23","2025-03-25",3,0,0,437.31,"Hotel Central San José","Urbano","San José","Costa Rica","Lucia","Silva","lucia.silva@mail.com","60009583","Grupo","Evento","Sencilla","110","Expedia","Completada",437.31,437.31,"Transferencia",206.79,"Spa"
37,"RES000037","2025-02-13 10:00:00","2025-03-23","2025-03-25",3,0,0,437.31,"Hotel Central San José","Urbano","San José","Costa Rica","Lucia","Silva","lucia.silva@mail.com","60009583","Grupo","Evento","Sencilla","110","Expedia","Completada",437.31,437.31,"Transferencia",94.92,"Tour"
832,"RES000832","2026-03-06 10:00:00","2026-03-29","2026-04-03",1,1,0,486.01,"Boutique Manuel Antonio","Boutique","Manuel Antonio","Costa Rica","Jose","Martinez","jose.martinez@mail.com","60004588","Turista","Vacaciones","Sencilla","408","Walk In","Completada",486.01,486.01,"Transferencia",39.66,"Estacionamiento"
832,"RES000832","2026-03-06 10:00:00","2026-03-29","2026-04-03",1,1,0,486.01,"Boutique Manuel Antonio","Boutique","Manuel Antonio","Costa Rica","Jose","Martinez","jose.martinez@mail.com","60004588","Turista","Vacaciones","Sencilla","408","Walk In","Completada",486.01,486.01,"Transferencia",22.60,"Lavandería"
746,"RES000746","2025-08-28 10:00:00","2025-09-24","2025-09-27",3,0,0,640.71,"Resort Pacífico Jacó","Resort","Jacó","Costa Rica","Luis","Fernandez","luis.fernandez@mail.com","60004514","Turista","Vacaciones","Suite","227","Agencia Mayorista","Confirmada",640.71,256.28,"Convenio Empresa",94.92,"Tour"
806,"RES000806","2025-10-27 10:00:00","2026-01-22","2026-01-25",3,0,0,315.27,"Resort Pacífico Jacó","Resort","Jacó","Costa Rica","Luis","Fernandez","luis.fernandez@mail.com","60008954","Turista","Vacaciones","Sencilla","202","Booking","Confirmada",315.27,126.11,"Tarjeta Débito",94.92,"Tour"
353,"RES000353","2025-01-10 10:00:00","2025-04-04","2025-04-10",2,0,0,676.87,"Hotel Central San José","Urbano","San José","Costa Rica","Camila","Rivera","camila.rivera@mail.com","60002627","Turista","Vacaciones","Sencilla","109","Web Directa","Completada",676.87,676.87,"Efectivo",22.60,"Lavandería"
353,"RES000353","2025-01-10 10:00:00","2025-04-04","2025-04-10",2,0,0,676.87,"Hotel Central San José","Urbano","San José","Costa Rica","Camila","Rivera","camila.rivera@mail.com","60002627","Turista","Vacaciones","Sencilla","109","Web Directa","Completada",676.87,676.87,"Efectivo",61.02,"Restaurante"
353,"RES000353","2025-01-10 10:00:00","2025-04-04","2025-04-10",2,0,0,676.87,"Hotel Central San José","Urbano","San José","Costa Rica","Camila","Rivera","camila.rivera@mail.com","60002627","Turista","Vacaciones","Sencilla","109","Web Directa","Completada",676.87,676.87,"Efectivo",186.45,"Spa"
834,"RES000834","2026-02-22 10:00:00","2026-03-19","2026-03-20",2,2,0,134.47,"Resort Pacífico Jacó","Resort","Jacó","Costa Rica","Miguel","Mendoza","miguel.mendoza@mail.com","60005106","Familiar","Visita Familiar","Sencilla","209","Booking","Completada",134.47,134.47,"Efectivo",61.02,"Restaurante"
831,"RES000831","2026-02-26 10:00:00","2026-03-20","2026-03-24",1,0,0,379.68,"Ecohotel Arenal","Ecohotel","La Fortuna","Costa Rica","Elena","Navarro","elena.navarro@mail.com","60004329","Familiar","Visita Familiar","Sencilla","308","Call Center","Completada",379.68,379.68,"Tarjeta Débito",63.28,"Traslado"
813,"RES000813","2026-01-25 10:00:00","2026-01-29","2026-02-02",2,0,0,348.04,"Hotel Central San José","Urbano","San José","Costa Rica","Camila","Rivera","camila.rivera@mail.com","60000767","Turista","Vacaciones","Sencilla","104","Booking","Completada",348.04,348.04,"Transferencia",76.84,"Traslado"
574,"RES000574","2026-05-23 10:00:00","2026-06-27","2026-07-02",2,0,0,628.28,"Resort Pacífico Jacó","Resort","Jacó","Costa Rica","Miguel","Mendoza","miguel.mendoza@mail.com","60004366","Familiar","Visita Familiar","Doble","224","Convenio Empresa","Completada",628.28,628.28,"Tarjeta Débito",64.41,"Estacionamiento"
574,"RES000574","2026-05-23 10:00:00","2026-06-27","2026-07-02",2,0,0,628.28,"Resort Pacífico Jacó","Resort","Jacó","Costa Rica","Miguel","Mendoza","miguel.mendoza@mail.com","60004366","Familiar","Visita Familiar","Doble","224","Convenio Empresa","Completada",628.28,628.28,"Tarjeta Débito",15.82,"Lavandería"
225,"RES000225","2026-02-16 10:00:00","2026-04-03","2026-04-07",2,0,0,426.46,"Hotel Central San José","Urbano","San José","Costa Rica","Paula","Vargas","paula.vargas@mail.com","60002775","Corporativo","Negocios","Doble","117","Booking","Confirmada",426.46,170.58,"Tarjeta Débito",76.84,"Traslado"
333,"RES000333","2024-12-21 10:00:00","2025-02-23","2025-02-27",2,0,0,320.92,"Hotel Central San José","Urbano","San José","Costa Rica","Camila","Rivera","camila.rivera@mail.com","60008547","Turista","Vacaciones","Sencilla","104","Agencia Mayorista","Completada",320.92,320.92,"Convenio Empresa",76.84,"Traslado"
174,"RES000174","2025-10-05 10:00:00","2025-12-29","2025-12-30",2,2,0,128.37,"Resort Pacífico Jacó","Resort","Jacó","Costa Rica","Miguel","Mendoza","miguel.mendoza@mail.com","60000666","Familiar","Visita Familiar","Sencilla","204","Walk In","Completada",128.37,128.37,"Tarjeta Débito",54.92,"Restaurante"
45,"RES000045","2025-02-21 10:00:00","2025-04-08","2025-04-12",2,0,0,426.46,"Hotel Central San José","Urbano","San José","Costa Rica","Paula","Vargas","paula.vargas@mail.com","60000555","Corporativo","Negocios","Doble","112","Web Directa","Confirmada",426.46,170.58,"Transferencia",76.84,"Traslado"
891,"RES000891","2026-04-27 10:00:00","2026-07-18","2026-07-22",1,0,0,482.28,"Ecohotel Arenal","Ecohotel","La Fortuna","Costa Rica","Elena","Navarro","elena.navarro@mail.com","60008769","Familiar","Visita Familiar","Doble","323","Expedia","Completada",482.28,482.28,"Efectivo",63.28,"Traslado"
134,"RES000134","2025-08-26 10:00:00","2025-10-10","2025-10-13",2,0,0,748.06,"Resort Pacífico Jacó","Resort","Jacó","Costa Rica","Miguel","Mendoza","miguel.mendoza@mail.com","60001406","Familiar","Visita Familiar","Suite","234","Booking","Completada",748.06,748.06,"Efectivo",94.92,"Tour"
134,"RES000134","2025-08-26 10:00:00","2025-10-10","2025-10-13",2,0,0,748.06,"Resort Pacífico Jacó","Resort","Jacó","Costa Rica","Miguel","Mendoza","miguel.mendoza@mail.com","60001406","Familiar","Visita Familiar","Suite","234","Booking","Completada",748.06,748.06,"Efectivo",63.28,"Traslado"
134,"RES000134","2025-08-26 10:00:00","2025-10-10","2025-10-13",2,0,0,748.06,"Resort Pacífico Jacó","Resort","Jacó","Costa Rica","Miguel","Mendoza","miguel.mendoza@mail.com","60001406","Familiar","Visita Familiar","Suite","234","Booking","Completada",748.06,748.06,"Efectivo",44.07,"Estacionamiento"
36,"RES000036","2025-03-05 10:00:00","2025-04-11","2025-04-12",3,2,1,123.74,"Boutique Manuel Antonio","Boutique","Manuel Antonio","Costa Rica","Fernando","Morales","fernando.morales@mail.com","60009324","Turista","Vacaciones","Sencilla","409","Booking","Completada",123.74,123.74,"Tarjeta Débito",47.46,"Restaurante"
848,"RES000848","2026-03-22 10:00:00","2026-04-30","2026-05-03",3,1,0,598.90,"Boutique Manuel Antonio","Boutique","Manuel Antonio","Costa Rica","Ricardo","Rojas","ricardo.rojas@mail.com","60008732","Corporativo","Negocios","Doble","412","Booking","Completada",598.90,598.90,"Efectivo",88.14,"Tour"
848,"RES000848","2026-03-22 10:00:00","2026-04-30","2026-05-03",3,1,0,598.90,"Boutique Manuel Antonio","Boutique","Manuel Antonio","Costa Rica","Ricardo","Rojas","ricardo.rojas@mail.com","60008732","Corporativo","Negocios","Doble","412","Booking","Completada",598.90,598.90,"Efectivo",76.84,"Traslado"
848,"RES000848","2026-03-22 10:00:00","2026-04-30","2026-05-03",3,1,0,598.90,"Boutique Manuel Antonio","Boutique","Manuel Antonio","Costa Rica","Ricardo","Rojas","ricardo.rojas@mail.com","60008732","Corporativo","Negocios","Doble","412","Booking","Completada",598.90,598.90,"Efectivo",64.41,"Estacionamiento"
430,"RES000430","2025-07-03 10:00:00","2025-09-12","2025-09-17",1,0,0,944.40,"Resort Pacífico Jacó","Resort","Jacó","Costa Rica","Jorge","Flores","jorge.flores@mail.com","60000370","Turista","Vacaciones","Suite","228","Web Directa","Completada",944.40,944.40,"Tarjeta Crédito",64.41,"Estacionamiento"
430,"RES000430","2025-07-03 10:00:00","2025-09-12","2025-09-17",1,0,0,944.40,"Resort Pacífico Jacó","Resort","Jacó","Costa Rica","Jorge","Flores","jorge.flores@mail.com","60000370","Turista","Vacaciones","Suite","228","Web Directa","Completada",944.40,944.40,"Tarjeta Crédito",15.82,"Lavandería"
158,"RES000158","2025-09-19 10:00:00","2025-11-27","2025-11-30",3,0,0,875.86,"Resort Pacífico Jacó","Resort","Jacó","Costa Rica","Andres","Perez","andres.perez@mail.com","60007622","Corporativo","Negocios","Familiar","240","Agencia Mayorista","Completada",875.86,875.86,"Efectivo",94.92,"Tour"
158,"RES000158","2025-09-19 10:00:00","2025-11-27","2025-11-30",3,0,0,875.86,"Resort Pacífico Jacó","Resort","Jacó","Costa Rica","Andres","Perez","andres.perez@mail.com","60007622","Corporativo","Negocios","Familiar","240","Agencia Mayorista","Completada",875.86,875.86,"Efectivo",63.28,"Traslado"
158,"RES000158","2025-09-19 10:00:00","2025-11-27","2025-11-30",3,0,0,875.86,"Resort Pacífico Jacó","Resort","Jacó","Costa Rica","Andres","Perez","andres.perez@mail.com","60007622","Corporativo","Negocios","Familiar","240","Agencia Mayorista","Completada",875.86,875.86,"Efectivo",39.66,"Estacionamiento"
533,"RES000533","2026-01-05 10:00:00","2026-03-30","2026-04-05",2,0,0,887.05,"Hotel Central San José","Urbano","San José","Costa Rica","Camila","Rivera","camila.rivera@mail.com","60004847","Turista","Vacaciones","Doble","114","Booking","Completada",887.05,887.05,"Convenio Empresa",22.60,"Lavandería"
533,"RES000533","2026-01-05 10:00:00","2026-03-30","2026-04-05",2,0,0,887.05,"Hotel Central San José","Urbano","San José","Costa Rica","Camila","Rivera","camila.rivera@mail.com","60004847","Turista","Vacaciones","Doble","114","Booking","Completada",887.05,887.05,"Convenio Empresa",61.02,"Restaurante"
533,"RES000533","2026-01-05 10:00:00","2026-03-30","2026-04-05",2,0,0,887.05,"Hotel Central San José","Urbano","San José","Costa Rica","Camila","Rivera","camila.rivera@mail.com","60004847","Turista","Vacaciones","Doble","114","Booking","Completada",887.05,887.05,"Convenio Empresa",186.45,"Spa"
459,"RES000459","2025-11-06 10:00:00","2025-11-16","2025-11-20",3,0,0,750.77,"Ecohotel Arenal","Ecohotel","La Fortuna","Costa Rica","Gabriela","Ortiz","gabriela.ortiz@mail.com","60007881","Turista","Vacaciones","Suite","335","Agencia Mayorista","Completada",750.77,750.77,"Tarjeta Crédito",63.28,"Traslado"
207,"RES000207","2026-02-12 10:00:00","2026-03-12","2026-03-16",3,0,0,482.28,"Ecohotel Arenal","Ecohotel","La Fortuna","Costa Rica","Valeria","Torres","valeria.torres@mail.com","60009213","Grupo","Evento","Doble","312","Agencia Mayorista","Completada",482.28,482.28,"Tarjeta Débito",63.28,"Traslado"
871,"RES000871","2026-04-07 10:00:00","2026-06-08","2026-06-10",1,0,0,507.37,"Ecohotel Arenal","Ecohotel","La Fortuna","Costa Rica","Elena","Navarro","elena.navarro@mail.com","60003589","Familiar","Visita Familiar","Doble","318","Web Directa","Completada",507.37,507.37,"Convenio Empresa",186.45,"Spa"
871,"RES000871","2026-04-07 10:00:00","2026-06-08","2026-06-10",1,0,0,507.37,"Ecohotel Arenal","Ecohotel","La Fortuna","Costa Rica","Elena","Navarro","elena.navarro@mail.com","60003589","Familiar","Visita Familiar","Doble","318","Web Directa","Completada",507.37,507.37,"Convenio Empresa",88.14,"Tour"
385,"RES000385","2025-05-12 10:00:00","2025-06-07","2025-06-09",2,0,0,402.17,"Hotel Central San José","Urbano","San José","Costa Rica","Paula","Vargas","paula.vargas@mail.com","60000915","Corporativo","Negocios","Doble","117","Convenio Empresa","Confirmada",402.17,160.87,"Efectivo",206.79,"Spa"
492,"RES000492","2025-12-16 10:00:00","2026-01-28","2026-01-29",1,2,1,132.21,"Boutique Manuel Antonio","Boutique","Manuel Antonio","Costa Rica","Jose","Martinez","jose.martinez@mail.com","60005328","Turista","Vacaciones","Sencilla","403","Expedia","Completada",132.21,132.21,"Tarjeta Crédito",47.46,"Restaurante"
157,"RES000157","2025-09-11 10:00:00","2025-11-18","2025-11-20",3,0,0,731.11,"Hotel Central San José","Urbano","San José","Costa Rica","Lucia","Silva","lucia.silva@mail.com","60007363","Grupo","Evento","Familiar","140","Web Directa","Completada",731.11,731.11,"Convenio Empresa",206.79,"Spa"
157,"RES000157","2025-09-11 10:00:00","2025-11-18","2025-11-20",3,0,0,731.11,"Hotel Central San José","Urbano","San José","Costa Rica","Lucia","Silva","lucia.silva@mail.com","60007363","Grupo","Evento","Familiar","140","Web Directa","Completada",731.11,731.11,"Convenio Empresa",94.92,"Tour"
606,"RES000606","2026-06-24 10:00:00","2026-08-30","2026-08-31",3,2,0,242.95,"Resort Pacífico Jacó","Resort","Jacó","Costa Rica","Luis","Fernandez","luis.fernandez@mail.com","60001554","Turista","Vacaciones","Suite","232","Agencia Mayorista","Confirmada",242.95,97.18,"Tarjeta Débito",61.02,"Restaurante"
308,"RES000308","2024-12-17 10:00:00","2025-01-25","2025-01-28",3,1,0,975.19,"Boutique Manuel Antonio","Boutique","Manuel Antonio","Costa Rica","Ricardo","Rojas","ricardo.rojas@mail.com","60002072","Corporativo","Negocios","Familiar","437","Convenio Empresa","Completada",975.19,975.19,"Transferencia",88.14,"Tour"
308,"RES000308","2024-12-17 10:00:00","2025-01-25","2025-01-28",3,1,0,975.19,"Boutique Manuel Antonio","Boutique","Manuel Antonio","Costa Rica","Ricardo","Rojas","ricardo.rojas@mail.com","60002072","Corporativo","Negocios","Familiar","437","Convenio Empresa","Completada",975.19,975.19,"Transferencia",76.84,"Traslado"
308,"RES000308","2024-12-17 10:00:00","2025-01-25","2025-01-28",3,1,0,975.19,"Boutique Manuel Antonio","Boutique","Manuel Antonio","Costa Rica","Ricardo","Rojas","ricardo.rojas@mail.com","60002072","Corporativo","Negocios","Familiar","437","Convenio Empresa","Completada",975.19,975.19,"Transferencia",64.41,"Estacionamiento"
618,"RES000618","2024-10-24 10:00:00","2025-01-11","2025-01-12",3,2,0,242.95,"Resort Pacífico Jacó","Resort","Jacó","Costa Rica","Andres","Perez","andres.perez@mail.com","60004662","Corporativo","Negocios","Suite","235","Expedia","Completada",242.95,242.95,"Transferencia",61.02,"Restaurante"
880,"RES000880","2026-04-23 10:00:00","2026-07-03","2026-07-08",1,1,0,649.47,"Boutique Manuel Antonio","Boutique","Manuel Antonio","Costa Rica","Carlos","Rodriguez","carlos.rodriguez@mail.com","60005920","Turista","Vacaciones","Doble","420","Call Center","Completada",649.47,649.47,"Transferencia",44.07,"Estacionamiento"
880,"RES000880","2026-04-23 10:00:00","2026-07-03","2026-07-08",1,1,0,649.47,"Boutique Manuel Antonio","Boutique","Manuel Antonio","Costa Rica","Carlos","Rodriguez","carlos.rodriguez@mail.com","60005920","Turista","Vacaciones","Doble","420","Call Center","Completada",649.47,649.47,"Transferencia",20.34,"Lavandería"
313,"RES000313","2024-12-01 10:00:00","2025-01-14","2025-01-16",2,0,0,721.62,"Hotel Central San José","Urbano","San José","Costa Rica","Camila","Rivera","camila.rivera@mail.com","60003367","Turista","Vacaciones","Familiar","139","Call Center","Completada",721.62,721.62,"Transferencia",206.79,"Spa"
313,"RES000313","2024-12-01 10:00:00","2025-01-14","2025-01-16",2,0,0,721.62,"Hotel Central San José","Urbano","San José","Costa Rica","Camila","Rivera","camila.rivera@mail.com","60003367","Turista","Vacaciones","Familiar","139","Call Center","Completada",721.62,721.62,"Transferencia",85.43,"Tour"
140,"RES000140","2025-09-15 10:00:00","2025-11-05","2025-11-08",1,1,0,799.42,"Boutique Manuel Antonio","Boutique","Manuel Antonio","Costa Rica","Carlos","Rodriguez","carlos.rodriguez@mail.com","60002960","Turista","Vacaciones","Suite","435","Convenio Empresa","Completada",799.42,799.42,"Tarjeta Crédito",88.14,"Tour"
140,"RES000140","2025-09-15 10:00:00","2025-11-05","2025-11-08",1,1,0,799.42,"Boutique Manuel Antonio","Boutique","Manuel Antonio","Costa Rica","Carlos","Rodriguez","carlos.rodriguez@mail.com","60002960","Turista","Vacaciones","Suite","435","Convenio Empresa","Completada",799.42,799.42,"Tarjeta Crédito",76.84,"Traslado"
140,"RES000140","2025-09-15 10:00:00","2025-11-05","2025-11-08",1,1,0,799.42,"Boutique Manuel Antonio","Boutique","Manuel Antonio","Costa Rica","Carlos","Rodriguez","carlos.rodriguez@mail.com","60002960","Turista","Vacaciones","Suite","435","Convenio Empresa","Completada",799.42,799.42,"Tarjeta Crédito",64.41,"Estacionamiento"
248,"RES000248","2026-04-01 10:00:00","2026-06-09","2026-06-12",3,1,0,598.90,"Boutique Manuel Antonio","Boutique","Manuel Antonio","Costa Rica","Ricardo","Rojas","ricardo.rojas@mail.com","60008732","Corporativo","Negocios","Doble","422","Web Directa","Completada",598.90,598.90,"Efectivo",88.14,"Tour"
248,"RES000248","2026-04-01 10:00:00","2026-06-09","2026-06-12",3,1,0,598.90,"Boutique Manuel Antonio","Boutique","Manuel Antonio","Costa Rica","Ricardo","Rojas","ricardo.rojas@mail.com","60008732","Corporativo","Negocios","Doble","422","Web Directa","Completada",598.90,598.90,"Efectivo",76.84,"Traslado"
248,"RES000248","2026-04-01 10:00:00","2026-06-09","2026-06-12",3,1,0,598.90,"Boutique Manuel Antonio","Boutique","Manuel Antonio","Costa Rica","Ricardo","Rojas","ricardo.rojas@mail.com","60008732","Corporativo","Negocios","Doble","422","Web Directa","Completada",598.90,598.90,"Efectivo",64.41,"Estacionamiento"
137,"RES000137","2025-08-22 10:00:00","2025-10-09","2025-10-15",3,0,0,1288.77,"Hotel Central San José","Urbano","San José","Costa Rica","Lucia","Silva","lucia.silva@mail.com","60002183","Grupo","Evento","Suite","135","Agencia Mayorista","Completada",1288.77,1288.77,"Transferencia",22.60,"Lavandería"
137,"RES000137","2025-08-22 10:00:00","2025-10-09","2025-10-15",3,0,0,1288.77,"Hotel Central San José","Urbano","San José","Costa Rica","Lucia","Silva","lucia.silva@mail.com","60002183","Grupo","Evento","Suite","135","Agencia Mayorista","Completada",1288.77,1288.77,"Transferencia",61.02,"Restaurante"
137,"RES000137","2025-08-22 10:00:00","2025-10-09","2025-10-15",3,0,0,1288.77,"Hotel Central San José","Urbano","San José","Costa Rica","Lucia","Silva","lucia.silva@mail.com","60002183","Grupo","Evento","Suite","135","Agencia Mayorista","Completada",1288.77,1288.77,"Transferencia",167.81,"Spa"
208,"RES000208","2026-02-20 10:00:00","2026-03-21","2026-03-26",3,1,0,680.26,"Boutique Manuel Antonio","Boutique","Manuel Antonio","Costa Rica","Ricardo","Rojas","ricardo.rojas@mail.com","60009472","Corporativo","Negocios","Doble","412","Call Center","Completada",680.26,680.26,"Transferencia",44.07,"Estacionamiento"
208,"RES000208","2026-02-20 10:00:00","2026-03-21","2026-03-26",3,1,0,680.26,"Boutique Manuel Antonio","Boutique","Manuel Antonio","Costa Rica","Ricardo","Rojas","ricardo.rojas@mail.com","60009472","Corporativo","Negocios","Doble","412","Call Center","Completada",680.26,680.26,"Transferencia",20.34,"Lavandería"
392,"RES000392","2025-06-09 10:00:00","2025-07-12","2025-07-15",1,1,0,598.90,"Boutique Manuel Antonio","Boutique","Manuel Antonio","Costa Rica","Jose","Martinez","jose.martinez@mail.com","60001628","Turista","Vacaciones","Doble","418","Convenio Empresa","Completada",598.90,598.90,"Tarjeta Crédito",88.14,"Tour"
392,"RES000392","2025-06-09 10:00:00","2025-07-12","2025-07-15",1,1,0,598.90,"Boutique Manuel Antonio","Boutique","Manuel Antonio","Costa Rica","Jose","Martinez","jose.martinez@mail.com","60001628","Turista","Vacaciones","Doble","418","Convenio Empresa","Completada",598.90,598.90,"Tarjeta Crédito",76.84,"Traslado"
392,"RES000392","2025-06-09 10:00:00","2025-07-12","2025-07-15",1,1,0,598.90,"Boutique Manuel Antonio","Boutique","Manuel Antonio","Costa Rica","Jose","Martinez","jose.martinez@mail.com","60001628","Turista","Vacaciones","Doble","418","Convenio Empresa","Completada",598.90,598.90,"Tarjeta Crédito",64.41,"Estacionamiento"
614,"RES000614","2024-10-20 10:00:00","2025-01-03","2025-01-06",2,0,0,741.73,"Resort Pacífico Jacó","Resort","Jacó","Costa Rica","Miguel","Mendoza","miguel.mendoza@mail.com","60003626","Familiar","Visita Familiar","Suite","234","Call Center","Completada",741.73,741.73,"Convenio Empresa",94.92,"Tour"
614,"RES000614","2024-10-20 10:00:00","2025-01-03","2025-01-06",2,0,0,741.73,"Resort Pacífico Jacó","Resort","Jacó","Costa Rica","Miguel","Mendoza","miguel.mendoza@mail.com","60003626","Familiar","Visita Familiar","Suite","234","Call Center","Completada",741.73,741.73,"Convenio Empresa",56.95,"Traslado"
614,"RES000614","2024-10-20 10:00:00","2025-01-03","2025-01-06",2,0,0,741.73,"Resort Pacífico Jacó","Resort","Jacó","Costa Rica","Miguel","Mendoza","miguel.mendoza@mail.com","60003626","Familiar","Visita Familiar","Suite","234","Call Center","Completada",741.73,741.73,"Convenio Empresa",44.07,"Estacionamiento"
191,"RES000191","2026-01-27 10:00:00","2026-02-08","2026-02-14",1,0,0,744.67,"Ecohotel Arenal","Ecohotel","La Fortuna","Costa Rica","Elena","Navarro","elena.navarro@mail.com","60005069","Familiar","Visita Familiar","Sencilla","308","Expedia","Completada",744.67,744.67,"Efectivo",15.82,"Lavandería"
191,"RES000191","2026-01-27 10:00:00","2026-02-08","2026-02-14",1,0,0,744.67,"Ecohotel Arenal","Ecohotel","La Fortuna","Costa Rica","Elena","Navarro","elena.navarro@mail.com","60005069","Familiar","Visita Familiar","Sencilla","308","Expedia","Completada",744.67,744.67,"Efectivo",47.46,"Restaurante"
191,"RES000191","2026-01-27 10:00:00","2026-02-08","2026-02-14",1,0,0,744.67,"Ecohotel Arenal","Ecohotel","La Fortuna","Costa Rica","Elena","Navarro","elena.navarro@mail.com","60005069","Familiar","Visita Familiar","Sencilla","308","Expedia","Completada",744.67,744.67,"Efectivo",206.79,"Spa"
760,"RES000760","2025-09-25 10:00:00","2025-11-05","2025-11-10",1,1,0,1016.72,"Boutique Manuel Antonio","Boutique","Manuel Antonio","Costa Rica","Carlos","Rodriguez","carlos.rodriguez@mail.com","60008140","Turista","Vacaciones","Suite","430","Agencia Mayorista","Completada",1016.72,1016.72,"Tarjeta Débito",44.07,"Estacionamiento"
760,"RES000760","2025-09-25 10:00:00","2025-11-05","2025-11-10",1,1,0,1016.72,"Boutique Manuel Antonio","Boutique","Manuel Antonio","Costa Rica","Carlos","Rodriguez","carlos.rodriguez@mail.com","60008140","Turista","Vacaciones","Suite","430","Agencia Mayorista","Completada",1016.72,1016.72,"Tarjeta Débito",22.60,"Lavandería"
94,"RES000094","2025-07-17 10:00:00","2025-07-22","2025-07-27",2,0,0,628.28,"Resort Pacífico Jacó","Resort","Jacó","Costa Rica","Miguel","Mendoza","miguel.mendoza@mail.com","60002146","Familiar","Visita Familiar","Doble","224","Web Directa","Completada",628.28,628.28,"Transferencia",64.41,"Estacionamiento"
94,"RES000094","2025-07-17 10:00:00","2025-07-22","2025-07-27",2,0,0,628.28,"Resort Pacífico Jacó","Resort","Jacó","Costa Rica","Miguel","Mendoza","miguel.mendoza@mail.com","60002146","Familiar","Visita Familiar","Doble","224","Web Directa","Completada",628.28,628.28,"Transferencia",15.82,"Lavandería"
218,"RES000218","2026-02-16 10:00:00","2026-03-27","2026-03-30",3,0,0,531.10,"Resort Pacífico Jacó","Resort","Jacó","Costa Rica","Andres","Perez","andres.perez@mail.com","60000962","Corporativo","Negocios","Doble","215","Booking","Completada",531.10,531.10,"Transferencia",94.92,"Tour"
218,"RES000218","2026-02-16 10:00:00","2026-03-27","2026-03-30",3,0,0,531.10,"Resort Pacífico Jacó","Resort","Jacó","Costa Rica","Andres","Perez","andres.perez@mail.com","60000962","Corporativo","Negocios","Doble","215","Booking","Completada",531.10,531.10,"Transferencia",63.28,"Traslado"
218,"RES000218","2026-02-16 10:00:00","2026-03-27","2026-03-30",3,0,0,531.10,"Resort Pacífico Jacó","Resort","Jacó","Costa Rica","Andres","Perez","andres.perez@mail.com","60000962","Corporativo","Negocios","Doble","215","Booking","Completada",531.10,531.10,"Transferencia",44.07,"Estacionamiento"
49,"RES000049","2025-02-25 10:00:00","2025-04-16","2025-04-18",3,0,0,507.37,"Hotel Central San José","Urbano","San José","Costa Rica","Maria","Lopez","maria.lopez@mail.com","60001591","Turista","Vacaciones","Doble","113","Convenio Empresa","Completada",507.37,507.37,"Tarjeta Crédito",206.79,"Spa"
49,"RES000049","2025-02-25 10:00:00","2025-04-16","2025-04-18",3,0,0,507.37,"Hotel Central San José","Urbano","San José","Costa Rica","Maria","Lopez","maria.lopez@mail.com","60001591","Turista","Vacaciones","Doble","113","Convenio Empresa","Completada",507.37,507.37,"Tarjeta Crédito",94.92,"Tour"
671,"RES000671","2025-03-23 10:00:00","2025-05-04","2025-05-10",1,0,0,743.09,"Ecohotel Arenal","Ecohotel","La Fortuna","Costa Rica","Elena","Navarro","elena.navarro@mail.com","60007289","Familiar","Visita Familiar","Sencilla","308","Walk In","Completada",743.09,743.09,"Convenio Empresa",14.24,"Lavandería"
671,"RES000671","2025-03-23 10:00:00","2025-05-04","2025-05-10",1,0,0,743.09,"Ecohotel Arenal","Ecohotel","La Fortuna","Costa Rica","Elena","Navarro","elena.navarro@mail.com","60007289","Familiar","Visita Familiar","Sencilla","308","Walk In","Completada",743.09,743.09,"Convenio Empresa",47.46,"Restaurante"
671,"RES000671","2025-03-23 10:00:00","2025-05-04","2025-05-10",1,0,0,743.09,"Ecohotel Arenal","Ecohotel","La Fortuna","Costa Rica","Elena","Navarro","elena.navarro@mail.com","60007289","Familiar","Visita Familiar","Sencilla","308","Walk In","Completada",743.09,743.09,"Convenio Empresa",206.79,"Spa"
580,"RES000580","2026-06-12 10:00:00","2026-07-23","2026-07-28",1,1,0,647.32,"Boutique Manuel Antonio","Boutique","Manuel Antonio","Costa Rica","Carlos","Rodriguez","carlos.rodriguez@mail.com","60005920","Turista","Vacaciones","Doble","425","Walk In","Completada",647.32,647.32,"Transferencia",39.66,"Estacionamiento"
580,"RES000580","2026-06-12 10:00:00","2026-07-23","2026-07-28",1,1,0,647.32,"Boutique Manuel Antonio","Boutique","Manuel Antonio","Costa Rica","Carlos","Rodriguez","carlos.rodriguez@mail.com","60005920","Turista","Vacaciones","Doble","425","Walk In","Completada",647.32,647.32,"Transferencia",22.60,"Lavandería"
846,"RES000846","2026-03-06 10:00:00","2026-04-12","2026-04-13",3,2,0,153.57,"Resort Pacífico Jacó","Resort","Jacó","Costa Rica","Luis","Fernandez","luis.fernandez@mail.com","60008214","Turista","Vacaciones","Doble","212","Walk In","Confirmada",153.57,61.43,"Convenio Empresa",54.92,"Restaurante"
87,"RES000087","2025-04-18 10:00:00","2025-07-15","2025-07-19",3,0,0,528.84,"Ecohotel Arenal","Ecohotel","La Fortuna","Costa Rica","Valeria","Torres","valeria.torres@mail.com","60000333","Grupo","Evento","Doble","322","Web Directa","Completada",528.84,528.84,"Tarjeta Crédito",63.28,"Traslado"
753,"RES000753","2025-08-28 10:00:00","2025-10-01","2025-10-05",2,0,0,768.40,"Hotel Central San José","Urbano","San José","Costa Rica","Camila","Rivera","camila.rivera@mail.com","60006327","Turista","Vacaciones","Suite","129","Agencia Mayorista","Completada",768.40,768.40,"Efectivo",76.84,"Traslado"
477,"RES000477","2025-11-10 10:00:00","2025-12-08","2025-12-12",3,0,0,849.76,"Hotel Central San José","Urbano","San José","Costa Rica","Lucia","Silva","lucia.silva@mail.com","60001443","Grupo","Evento","Familiar","140","Booking","Completada",849.76,849.76,"Efectivo",76.84,"Traslado"
550,"RES000550","2026-04-29 10:00:00","2026-05-10","2026-05-15",1,0,0,600.88,"Resort Pacífico Jacó","Resort","Jacó","Costa Rica","Jorge","Flores","jorge.flores@mail.com","60009250","Turista","Vacaciones","Doble","218","Agencia Mayorista","Completada",600.88,600.88,"Tarjeta Débito",64.41,"Estacionamiento"
550,"RES000550","2026-04-29 10:00:00","2026-05-10","2026-05-15",1,0,0,600.88,"Resort Pacífico Jacó","Resort","Jacó","Costa Rica","Jorge","Flores","jorge.flores@mail.com","60009250","Turista","Vacaciones","Doble","218","Agencia Mayorista","Completada",600.88,600.88,"Tarjeta Débito",15.82,"Lavandería"
394,"RES000394","2025-05-28 10:00:00","2025-07-02","2025-07-07",2,0,0,628.28,"Resort Pacífico Jacó","Resort","Jacó","Costa Rica","Miguel","Mendoza","miguel.mendoza@mail.com","60002146","Familiar","Visita Familiar","Doble","219","Expedia","Completada",628.28,628.28,"Transferencia",64.41,"Estacionamiento"
394,"RES000394","2025-05-28 10:00:00","2025-07-02","2025-07-07",2,0,0,628.28,"Resort Pacífico Jacó","Resort","Jacó","Costa Rica","Miguel","Mendoza","miguel.mendoza@mail.com","60002146","Familiar","Visita Familiar","Doble","219","Expedia","Completada",628.28,628.28,"Transferencia",15.82,"Lavandería"
272,"RES000272","2026-07-24 10:00:00","2026-07-27","2026-07-30",1,1,0,820.61,"Boutique Manuel Antonio","Boutique","Manuel Antonio","Costa Rica","Jose","Martinez","jose.martinez@mail.com","60003848","Turista","Vacaciones","Suite","428","Walk In","Completada",820.61,820.61,"Efectivo",79.33,"Tour"
272,"RES000272","2026-07-24 10:00:00","2026-07-27","2026-07-30",1,1,0,820.61,"Boutique Manuel Antonio","Boutique","Manuel Antonio","Costa Rica","Jose","Martinez","jose.martinez@mail.com","60003848","Turista","Vacaciones","Suite","428","Walk In","Completada",820.61,820.61,"Efectivo",76.84,"Traslado"
272,"RES000272","2026-07-24 10:00:00","2026-07-27","2026-07-30",1,1,0,820.61,"Boutique Manuel Antonio","Boutique","Manuel Antonio","Costa Rica","Jose","Martinez","jose.martinez@mail.com","60003848","Turista","Vacaciones","Suite","428","Walk In","Completada",820.61,820.61,"Efectivo",64.41,"Estacionamiento"
867,"RES000867","2026-04-03 10:00:00","2026-05-31","2026-06-04",3,0,0,522.51,"Ecohotel Arenal","Ecohotel","La Fortuna","Costa Rica","Valeria","Torres","valeria.torres@mail.com","60002553","Grupo","Evento","Doble","317","Walk In","Completada",522.51,522.51,"Efectivo",56.95,"Traslado"
190,"RES000190","2026-01-19 10:00:00","2026-01-30","2026-02-04",1,0,0,429.12,"Resort Pacífico Jacó","Resort","Jacó","Costa Rica","Jorge","Flores","jorge.flores@mail.com","60004810","Turista","Vacaciones","Sencilla","208","Booking","Completada",429.12,429.12,"Convenio Empresa",64.41,"Estacionamiento"
190,"RES000190","2026-01-19 10:00:00","2026-01-30","2026-02-04",1,0,0,429.12,"Resort Pacífico Jacó","Resort","Jacó","Costa Rica","Jorge","Flores","jorge.flores@mail.com","60004810","Turista","Vacaciones","Sencilla","208","Booking","Completada",429.12,429.12,"Convenio Empresa",15.82,"Lavandería"
858,"RES000858","2026-03-18 10:00:00","2026-05-06","2026-05-07",3,2,0,170.63,"Resort Pacífico Jacó","Resort","Jacó","Costa Rica","Andres","Perez","andres.perez@mail.com","60000222","Corporativo","Negocios","Doble","215","Agencia Mayorista","Completada",170.63,170.63,"Efectivo",61.02,"Restaurante"
554,"RES000554","2026-05-03 10:00:00","2026-05-18","2026-05-21",2,0,0,531.10,"Resort Pacífico Jacó","Resort","Jacó","Costa Rica","Miguel","Mendoza","miguel.mendoza@mail.com","60000286","Familiar","Visita Familiar","Doble","219","Booking","Completada",531.10,531.10,"Tarjeta Crédito",94.92,"Tour"
554,"RES000554","2026-05-03 10:00:00","2026-05-18","2026-05-21",2,0,0,531.10,"Resort Pacífico Jacó","Resort","Jacó","Costa Rica","Miguel","Mendoza","miguel.mendoza@mail.com","60000286","Familiar","Visita Familiar","Doble","219","Booking","Completada",531.10,531.10,"Tarjeta Crédito",63.28,"Traslado"
554,"RES000554","2026-05-03 10:00:00","2026-05-18","2026-05-21",2,0,0,531.10,"Resort Pacífico Jacó","Resort","Jacó","Costa Rica","Miguel","Mendoza","miguel.mendoza@mail.com","60000286","Familiar","Visita Familiar","Doble","219","Booking","Completada",531.10,531.10,"Tarjeta Crédito",44.07,"Estacionamiento"
406,"RES000406","2025-06-09 10:00:00","2025-07-26","2025-07-31",3,0,0,612.46,"Resort Pacífico Jacó","Resort","Jacó","Costa Rica","Luis","Fernandez","luis.fernandez@mail.com","60005254","Turista","Vacaciones","Doble","222","Convenio Empresa","Confirmada",612.46,244.98,"Tarjeta Débito",64.41,"Estacionamiento"
670,"RES000670","2025-03-15 10:00:00","2025-04-25","2025-04-30",1,0,0,427.54,"Resort Pacífico Jacó","Resort","Jacó","Costa Rica","Jorge","Flores","jorge.flores@mail.com","60007030","Turista","Vacaciones","Sencilla","208","Call Center","Completada",427.54,427.54,"Transferencia",64.41,"Estacionamiento"
670,"RES000670","2025-03-15 10:00:00","2025-04-25","2025-04-30",1,0,0,427.54,"Resort Pacífico Jacó","Resort","Jacó","Costa Rica","Jorge","Flores","jorge.flores@mail.com","60007030","Turista","Vacaciones","Sencilla","208","Call Center","Completada",427.54,427.54,"Transferencia",14.24,"Lavandería"
309,"RES000309","2024-11-27 10:00:00","2025-01-06","2025-01-10",3,0,0,935.64,"Hotel Central San José","Urbano","San José","Costa Rica","Maria","Lopez","maria.lopez@mail.com","60002331","Turista","Vacaciones","Familiar","138","Booking","Completada",935.64,935.64,"Convenio Empresa",76.84,"Traslado"
849,"RES000849","2026-03-02 10:00:00","2026-04-11","2026-04-15",3,0,0,488.16,"Hotel Central San José","Urbano","San José","Costa Rica","Maria","Lopez","maria.lopez@mail.com","60008991","Turista","Vacaciones","Doble","113","Expedia","Completada",488.16,488.16,"Tarjeta Crédito",76.84,"Traslado"
509,"RES000509","2025-12-12 10:00:00","2026-02-10","2026-02-16",3,0,0,670.77,"Hotel Central San José","Urbano","San José","Costa Rica","Maria","Lopez","maria.lopez@mail.com","60009731","Turista","Vacaciones","Sencilla","108","Call Center","Completada",670.77,670.77,"Convenio Empresa",22.60,"Lavandería"
509,"RES000509","2025-12-12 10:00:00","2026-02-10","2026-02-16",3,0,0,670.77,"Hotel Central San José","Urbano","San José","Costa Rica","Maria","Lopez","maria.lopez@mail.com","60009731","Turista","Vacaciones","Sencilla","108","Call Center","Completada",670.77,670.77,"Convenio Empresa",54.92,"Restaurante"
509,"RES000509","2025-12-12 10:00:00","2026-02-10","2026-02-16",3,0,0,670.77,"Hotel Central San José","Urbano","San José","Costa Rica","Maria","Lopez","maria.lopez@mail.com","60009731","Turista","Vacaciones","Sencilla","108","Call Center","Completada",670.77,670.77,"Convenio Empresa",186.45,"Spa"
156,"RES000156","2025-10-01 10:00:00","2025-12-07","2025-12-08",3,2,1,296.06,"Boutique Manuel Antonio","Boutique","Manuel Antonio","Costa Rica","Fernando","Morales","fernando.morales@mail.com","60007104","Turista","Vacaciones","Familiar","439","Expedia","Completada",296.06,296.06,"Transferencia",47.46,"Restaurante"
475,"RES000475","2025-11-22 10:00:00","2025-12-18","2025-12-20",2,0,0,706.82,"Ecohotel Arenal","Ecohotel","La Fortuna","Costa Rica","Laura","Hernandez","laura.hernandez@mail.com","60000925","Corporativo","Negocios","Familiar","339","Walk In","Completada",706.82,706.82,"Transferencia",167.81,"Spa"
475,"RES000475","2025-11-22 10:00:00","2025-12-18","2025-12-20",2,0,0,706.82,"Ecohotel Arenal","Ecohotel","La Fortuna","Costa Rica","Laura","Hernandez","laura.hernandez@mail.com","60000925","Corporativo","Negocios","Familiar","339","Walk In","Completada",706.82,706.82,"Transferencia",88.14,"Tour"
888,"RES000888","2026-05-01 10:00:00","2026-07-19","2026-07-20",3,2,1,165.88,"Boutique Manuel Antonio","Boutique","Manuel Antonio","Costa Rica","Ricardo","Rojas","ricardo.rojas@mail.com","60007992","Corporativo","Negocios","Doble","422","Walk In","Completada",165.88,165.88,"Tarjeta Débito",42.71,"Restaurante"
733,"RES000733","2025-08-08 10:00:00","2025-08-22","2025-08-24",2,0,0,497.88,"Hotel Central San José","Urbano","San José","Costa Rica","Camila","Rivera","camila.rivera@mail.com","60001147","Turista","Vacaciones","Doble","124","Call Center","Completada",497.88,497.88,"Convenio Empresa",206.79,"Spa"
733,"RES000733","2025-08-08 10:00:00","2025-08-22","2025-08-24",2,0,0,497.88,"Hotel Central San José","Urbano","San José","Costa Rica","Camila","Rivera","camila.rivera@mail.com","60001147","Turista","Vacaciones","Doble","124","Call Center","Completada",497.88,497.88,"Convenio Empresa",85.43,"Tour"
269,"RES000269","2026-04-01 10:00:00","2026-06-30","2026-07-06",3,0,0,1307.41,"Hotel Central San José","Urbano","San José","Costa Rica","Maria","Lopez","maria.lopez@mail.com","60003071","Turista","Vacaciones","Suite","128","Web Directa","Completada",1307.41,1307.41,"Tarjeta Débito",22.60,"Lavandería"
269,"RES000269","2026-04-01 10:00:00","2026-06-30","2026-07-06",3,0,0,1307.41,"Hotel Central San José","Urbano","San José","Costa Rica","Maria","Lopez","maria.lopez@mail.com","60003071","Turista","Vacaciones","Suite","128","Web Directa","Completada",1307.41,1307.41,"Tarjeta Débito",61.02,"Restaurante"
269,"RES000269","2026-04-01 10:00:00","2026-06-30","2026-07-06",3,0,0,1307.41,"Hotel Central San José","Urbano","San José","Costa Rica","Maria","Lopez","maria.lopez@mail.com","60003071","Turista","Vacaciones","Suite","128","Web Directa","Completada",1307.41,1307.41,"Tarjeta Débito",186.45,"Spa"
117,"RES000117","2025-08-02 10:00:00","2025-08-30","2025-09-03",3,0,0,699.24,"Hotel Central San José","Urbano","San José","Costa Rica","Lucia","Silva","lucia.silva@mail.com","60008103","Grupo","Evento","Suite","130","Call Center","Completada",699.24,699.24,"Tarjeta Débito",76.84,"Traslado"
40,"RES000040","2025-03-09 10:00:00","2025-04-19","2025-04-24",1,1,0,466.97,"Boutique Manuel Antonio","Boutique","Manuel Antonio","Costa Rica","Carlos","Rodriguez","carlos.rodriguez@mail.com","60000360","Turista","Vacaciones","Sencilla","410","Call Center","Completada",466.97,466.97,"Tarjeta Crédito",44.07,"Estacionamiento"
40,"RES000040","2025-03-09 10:00:00","2025-04-19","2025-04-24",1,1,0,466.97,"Boutique Manuel Antonio","Boutique","Manuel Antonio","Costa Rica","Carlos","Rodriguez","carlos.rodriguez@mail.com","60000360","Turista","Vacaciones","Sencilla","410","Call Center","Completada",466.97,466.97,"Tarjeta Crédito",20.34,"Lavandería"
257,"RES000257","2026-03-20 10:00:00","2026-06-06","2026-06-12",3,0,0,880.95,"Hotel Central San José","Urbano","San José","Costa Rica","Lucia","Silva","lucia.silva@mail.com","60001063","Grupo","Evento","Doble","125","Call Center","Completada",880.95,880.95,"Convenio Empresa",22.60,"Lavandería"
257,"RES000257","2026-03-20 10:00:00","2026-06-06","2026-06-12",3,0,0,880.95,"Hotel Central San José","Urbano","San José","Costa Rica","Lucia","Silva","lucia.silva@mail.com","60001063","Grupo","Evento","Doble","125","Call Center","Completada",880.95,880.95,"Convenio Empresa",54.92,"Restaurante"
257,"RES000257","2026-03-20 10:00:00","2026-06-06","2026-06-12",3,0,0,880.95,"Hotel Central San José","Urbano","San José","Costa Rica","Lucia","Silva","lucia.silva@mail.com","60001063","Grupo","Evento","Doble","125","Call Center","Completada",880.95,880.95,"Convenio Empresa",186.45,"Spa"
125,"RES000125","2025-08-10 10:00:00","2025-09-15","2025-09-21",2,0,0,1005.81,"Hotel Central San José","Urbano","San José","Costa Rica","Paula","Vargas","paula.vargas@mail.com","60000175","Corporativo","Negocios","Suite","132","Walk In","Confirmada",1005.81,402.32,"Tarjeta Débito",20.34,"Lavandería"
700,"RES000700","2025-04-28 10:00:00","2025-07-08","2025-07-13",1,1,0,651.73,"Boutique Manuel Antonio","Boutique","Manuel Antonio","Costa Rica","Carlos","Rodriguez","carlos.rodriguez@mail.com","60003700","Turista","Vacaciones","Doble","415","Convenio Empresa","Completada",651.73,651.73,"Convenio Empresa",44.07,"Estacionamiento"
700,"RES000700","2025-04-28 10:00:00","2025-07-08","2025-07-13",1,1,0,651.73,"Boutique Manuel Antonio","Boutique","Manuel Antonio","Costa Rica","Carlos","Rodriguez","carlos.rodriguez@mail.com","60003700","Turista","Vacaciones","Doble","415","Convenio Empresa","Completada",651.73,651.73,"Convenio Empresa",22.60,"Lavandería"
587,"RES000587","2026-06-12 10:00:00","2026-07-30","2026-08-05",3,0,0,1414.31,"Ecohotel Arenal","Ecohotel","La Fortuna","Costa Rica","Valeria","Torres","valeria.torres@mail.com","60007733","Grupo","Evento","Suite","327","Walk In","Completada",1414.31,1414.31,"Tarjeta Crédito",14.24,"Lavandería"
587,"RES000587","2026-06-12 10:00:00","2026-07-30","2026-08-05",3,0,0,1414.31,"Ecohotel Arenal","Ecohotel","La Fortuna","Costa Rica","Valeria","Torres","valeria.torres@mail.com","60007733","Grupo","Evento","Suite","327","Walk In","Completada",1414.31,1414.31,"Tarjeta Crédito",47.46,"Restaurante"
587,"RES000587","2026-06-12 10:00:00","2026-07-30","2026-08-05",3,0,0,1414.31,"Ecohotel Arenal","Ecohotel","La Fortuna","Costa Rica","Valeria","Torres","valeria.torres@mail.com","60007733","Grupo","Evento","Suite","327","Walk In","Completada",1414.31,1414.31,"Tarjeta Crédito",206.79,"Spa"
187,"RES000187","2026-01-23 10:00:00","2026-01-31","2026-02-02",3,0,0,423.98,"Ecohotel Arenal","Ecohotel","La Fortuna","Costa Rica","Valeria","Torres","valeria.torres@mail.com","60004033","Grupo","Evento","Sencilla","307","Call Center","Completada",423.98,423.98,"Tarjeta Crédito",186.45,"Spa"
187,"RES000187","2026-01-23 10:00:00","2026-01-31","2026-02-02",3,0,0,423.98,"Ecohotel Arenal","Ecohotel","La Fortuna","Costa Rica","Valeria","Torres","valeria.torres@mail.com","60004033","Grupo","Evento","Sencilla","307","Call Center","Completada",423.98,423.98,"Tarjeta Crédito",79.33,"Tour"
349,"RES000349","2025-01-06 10:00:00","2025-03-27","2025-03-29",3,0,0,416.63,"Hotel Central San José","Urbano","San José","Costa Rica","Maria","Lopez","maria.lopez@mail.com","60001591","Turista","Vacaciones","Sencilla","108","Walk In","Completada",416.63,416.63,"Tarjeta Crédito",186.11,"Spa"
349,"RES000349","2025-01-06 10:00:00","2025-03-27","2025-03-29",3,0,0,416.63,"Hotel Central San José","Urbano","San José","Costa Rica","Maria","Lopez","maria.lopez@mail.com","60001591","Turista","Vacaciones","Sencilla","108","Walk In","Completada",416.63,416.63,"Tarjeta Crédito",94.92,"Tour"
728,"RES000728","2025-08-24 10:00:00","2025-09-02","2025-09-05",3,1,0,598.90,"Boutique Manuel Antonio","Boutique","Manuel Antonio","Costa Rica","Ricardo","Rojas","ricardo.rojas@mail.com","60000952","Corporativo","Negocios","Doble","422","Convenio Empresa","Completada",598.90,598.90,"Convenio Empresa",88.14,"Tour"
728,"RES000728","2025-08-24 10:00:00","2025-09-02","2025-09-05",3,1,0,598.90,"Boutique Manuel Antonio","Boutique","Manuel Antonio","Costa Rica","Ricardo","Rojas","ricardo.rojas@mail.com","60000952","Corporativo","Negocios","Doble","422","Convenio Empresa","Completada",598.90,598.90,"Convenio Empresa",76.84,"Traslado"
728,"RES000728","2025-08-24 10:00:00","2025-09-02","2025-09-05",3,1,0,598.90,"Boutique Manuel Antonio","Boutique","Manuel Antonio","Costa Rica","Ricardo","Rojas","ricardo.rojas@mail.com","60000952","Corporativo","Negocios","Doble","422","Convenio Empresa","Completada",598.90,598.90,"Convenio Empresa",64.41,"Estacionamiento"
766,"RES000766","2025-09-17 10:00:00","2025-11-03","2025-11-08",3,0,0,974.06,"Resort Pacífico Jacó","Resort","Jacó","Costa Rica","Luis","Fernandez","luis.fernandez@mail.com","60009694","Turista","Vacaciones","Suite","232","Web Directa","Confirmada",974.06,389.62,"Efectivo",64.41,"Estacionamiento"
506,"RES000506","2025-12-16 10:00:00","2026-02-11","2026-02-14",3,0,0,315.27,"Resort Pacífico Jacó","Resort","Jacó","Costa Rica","Luis","Fernandez","luis.fernandez@mail.com","60008954","Turista","Vacaciones","Sencilla","207","Expedia","Confirmada",315.27,126.11,"Tarjeta Débito",94.92,"Tour"
331,"RES000331","2025-01-02 10:00:00","2025-03-05","2025-03-07",1,0,0,432.79,"Ecohotel Arenal","Ecohotel","La Fortuna","Costa Rica","Elena","Navarro","elena.navarro@mail.com","60008029","Familiar","Visita Familiar","Sencilla","303","Expedia","Completada",432.79,432.79,"Tarjeta Débito",186.45,"Spa"
331,"RES000331","2025-01-02 10:00:00","2025-03-05","2025-03-07",1,0,0,432.79,"Ecohotel Arenal","Ecohotel","La Fortuna","Costa Rica","Elena","Navarro","elena.navarro@mail.com","60008029","Familiar","Visita Familiar","Sencilla","303","Expedia","Completada",432.79,432.79,"Tarjeta Débito",88.14,"Tour"
599,"RES000599","2026-06-24 10:00:00","2026-08-23","2026-08-29",3,0,0,1395.21,"Ecohotel Arenal","Ecohotel","La Fortuna","Costa Rica","Gabriela","Ortiz","gabriela.ortiz@mail.com","60000841","Turista","Vacaciones","Suite","330","Agencia Mayorista","Completada",1395.21,1395.21,"Transferencia",15.82,"Lavandería"
599,"RES000599","2026-06-24 10:00:00","2026-08-23","2026-08-29",3,0,0,1395.21,"Ecohotel Arenal","Ecohotel","La Fortuna","Costa Rica","Gabriela","Ortiz","gabriela.ortiz@mail.com","60000841","Turista","Vacaciones","Suite","330","Agencia Mayorista","Completada",1395.21,1395.21,"Transferencia",47.46,"Restaurante"
599,"RES000599","2026-06-24 10:00:00","2026-08-23","2026-08-29",3,0,0,1395.21,"Ecohotel Arenal","Ecohotel","La Fortuna","Costa Rica","Gabriela","Ortiz","gabriela.ortiz@mail.com","60000841","Turista","Vacaciones","Suite","330","Agencia Mayorista","Completada",1395.21,1395.21,"Transferencia",186.11,"Spa"
677,"RES000677","2025-03-15 10:00:00","2025-05-02","2025-05-08",3,0,0,670.77,"Hotel Central San José","Urbano","San José","Costa Rica","Lucia","Silva","lucia.silva@mail.com","60008843","Grupo","Evento","Sencilla","110","Call Center","Completada",670.77,670.77,"Efectivo",22.60,"Lavandería"
677,"RES000677","2025-03-15 10:00:00","2025-05-02","2025-05-08",3,0,0,670.77,"Hotel Central San José","Urbano","San José","Costa Rica","Lucia","Silva","lucia.silva@mail.com","60008843","Grupo","Evento","Sencilla","110","Call Center","Completada",670.77,670.77,"Efectivo",54.92,"Restaurante"
677,"RES000677","2025-03-15 10:00:00","2025-05-02","2025-05-08",3,0,0,670.77,"Hotel Central San José","Urbano","San José","Costa Rica","Lucia","Silva","lucia.silva@mail.com","60008843","Grupo","Evento","Sencilla","110","Call Center","Completada",670.77,670.77,"Efectivo",186.45,"Spa"
29,"RES000029","2025-02-05 10:00:00","2025-03-07","2025-03-13",3,0,0,676.87,"Hotel Central San José","Urbano","San José","Costa Rica","Maria","Lopez","maria.lopez@mail.com","60007511","Turista","Vacaciones","Sencilla","108","Booking","Completada",676.87,676.87,"Efectivo",22.60,"Lavandería"
29,"RES000029","2025-02-05 10:00:00","2025-03-07","2025-03-13",3,0,0,676.87,"Hotel Central San José","Urbano","San José","Costa Rica","Maria","Lopez","maria.lopez@mail.com","60007511","Turista","Vacaciones","Sencilla","108","Booking","Completada",676.87,676.87,"Efectivo",61.02,"Restaurante"
29,"RES000029","2025-02-05 10:00:00","2025-03-07","2025-03-13",3,0,0,676.87,"Hotel Central San José","Urbano","San José","Costa Rica","Maria","Lopez","maria.lopez@mail.com","60007511","Turista","Vacaciones","Sencilla","108","Booking","Completada",676.87,676.87,"Efectivo",186.45,"Spa"
698,"RES000698","2025-04-12 10:00:00","2025-06-20","2025-06-23",3,0,0,524.77,"Resort Pacífico Jacó","Resort","Jacó","Costa Rica","Andres","Perez","andres.perez@mail.com","60003182","Corporativo","Negocios","Doble","215","Call Center","Completada",524.77,524.77,"Tarjeta Débito",94.92,"Tour"
698,"RES000698","2025-04-12 10:00:00","2025-06-20","2025-06-23",3,0,0,524.77,"Resort Pacífico Jacó","Resort","Jacó","Costa Rica","Andres","Perez","andres.perez@mail.com","60003182","Corporativo","Negocios","Doble","215","Call Center","Completada",524.77,524.77,"Tarjeta Débito",56.95,"Traslado"
698,"RES000698","2025-04-12 10:00:00","2025-06-20","2025-06-23",3,0,0,524.77,"Resort Pacífico Jacó","Resort","Jacó","Costa Rica","Andres","Perez","andres.perez@mail.com","60003182","Corporativo","Negocios","Doble","215","Call Center","Completada",524.77,524.77,"Tarjeta Débito",44.07,"Estacionamiento"
96,"RES000096","2025-08-02 10:00:00","2025-08-09","2025-08-10",3,2,1,170.63,"Boutique Manuel Antonio","Boutique","Manuel Antonio","Costa Rica","Fernando","Morales","fernando.morales@mail.com","60002664","Turista","Vacaciones","Doble","424","Call Center","Completada",170.63,170.63,"Efectivo",47.46,"Restaurante"
466,"RES000466","2025-11-06 10:00:00","2025-11-23","2025-11-28",3,0,0,1194.41,"Resort Pacífico Jacó","Resort","Jacó","Costa Rica","Luis","Fernandez","luis.fernandez@mail.com","60009694","Turista","Vacaciones","Familiar","237","Agencia Mayorista","Confirmada",1194.41,477.76,"Efectivo",64.41,"Estacionamiento"
631,"RES000631","2025-02-11 10:00:00","2025-02-13","2025-02-15",1,0,0,749.19,"Ecohotel Arenal","Ecohotel","La Fortuna","Costa Rica","Elena","Navarro","elena.navarro@mail.com","60008029","Familiar","Visita Familiar","Familiar","338","Booking","Completada",749.19,749.19,"Tarjeta Débito",186.45,"Spa"
631,"RES000631","2025-02-11 10:00:00","2025-02-13","2025-02-15",1,0,0,749.19,"Ecohotel Arenal","Ecohotel","La Fortuna","Costa Rica","Elena","Navarro","elena.navarro@mail.com","60008029","Familiar","Visita Familiar","Familiar","338","Booking","Completada",749.19,749.19,"Tarjeta Débito",88.14,"Tour"
107,"RES000107","2025-08-06 10:00:00","2025-08-24","2025-08-30",3,0,0,1415.89,"Ecohotel Arenal","Ecohotel","La Fortuna","Costa Rica","Valeria","Torres","valeria.torres@mail.com","60005513","Grupo","Evento","Suite","327","Expedia","Completada",1415.89,1415.89,"Tarjeta Débito",15.82,"Lavandería"
107,"RES000107","2025-08-06 10:00:00","2025-08-24","2025-08-30",3,0,0,1415.89,"Ecohotel Arenal","Ecohotel","La Fortuna","Costa Rica","Valeria","Torres","valeria.torres@mail.com","60005513","Grupo","Evento","Suite","327","Expedia","Completada",1415.89,1415.89,"Tarjeta Débito",47.46,"Restaurante"
107,"RES000107","2025-08-06 10:00:00","2025-08-24","2025-08-30",3,0,0,1415.89,"Ecohotel Arenal","Ecohotel","La Fortuna","Costa Rica","Valeria","Torres","valeria.torres@mail.com","60005513","Grupo","Evento","Suite","327","Expedia","Completada",1415.89,1415.89,"Tarjeta Débito",206.79,"Spa"
6,"RES000006","2025-01-20 10:00:00","2025-01-27","2025-01-28",3,2,0,128.37,"Resort Pacífico Jacó","Resort","Jacó","Costa Rica","Luis","Fernandez","luis.fernandez@mail.com","60001554","Turista","Vacaciones","Sencilla","202","Walk In","Confirmada",128.37,51.35,"Tarjeta Débito",54.92,"Restaurante"
446,"RES000446","2025-07-19 10:00:00","2025-10-14","2025-10-17",3,0,0,640.71,"Resort Pacífico Jacó","Resort","Jacó","Costa Rica","Luis","Fernandez","luis.fernandez@mail.com","60004514","Turista","Vacaciones","Suite","232","Call Center","Confirmada",640.71,256.28,"Convenio Empresa",94.92,"Tour"
86,"RES000086","2025-04-10 10:00:00","2025-07-06","2025-07-09",3,0,0,423.75,"Resort Pacífico Jacó","Resort","Jacó","Costa Rica","Luis","Fernandez","luis.fernandez@mail.com","60000074","Turista","Vacaciones","Doble","222","Expedia","Confirmada",423.75,169.50,"Tarjeta Crédito",94.92,"Tour"
749,"RES000749","2025-08-24 10:00:00","2025-09-23","2025-09-29",3,0,0,1307.41,"Hotel Central San José","Urbano","San José","Costa Rica","Maria","Lopez","maria.lopez@mail.com","60005291","Turista","Vacaciones","Suite","128","Convenio Empresa","Completada",1307.41,1307.41,"Tarjeta Crédito",22.60,"Lavandería"
749,"RES000749","2025-08-24 10:00:00","2025-09-23","2025-09-29",3,0,0,1307.41,"Hotel Central San José","Urbano","San José","Costa Rica","Maria","Lopez","maria.lopez@mail.com","60005291","Turista","Vacaciones","Suite","128","Convenio Empresa","Completada",1307.41,1307.41,"Tarjeta Crédito",61.02,"Restaurante"
749,"RES000749","2025-08-24 10:00:00","2025-09-23","2025-09-29",3,0,0,1307.41,"Hotel Central San José","Urbano","San José","Costa Rica","Maria","Lopez","maria.lopez@mail.com","60005291","Turista","Vacaciones","Suite","128","Convenio Empresa","Completada",1307.41,1307.41,"Tarjeta Crédito",186.45,"Spa"
219,"RES000219","2026-02-24 10:00:00","2026-04-05","2026-04-09",3,0,0,528.84,"Ecohotel Arenal","Ecohotel","La Fortuna","Costa Rica","Gabriela","Ortiz","gabriela.ortiz@mail.com","60001221","Turista","Vacaciones","Doble","315","Expedia","Completada",528.84,528.84,"Convenio Empresa",63.28,"Traslado"
231,"RES000231","2026-03-08 10:00:00","2026-04-29","2026-05-03",1,0,0,528.84,"Ecohotel Arenal","Ecohotel","La Fortuna","Costa Rica","Elena","Navarro","elena.navarro@mail.com","60004329","Familiar","Visita Familiar","Doble","318","Convenio Empresa","Completada",528.84,528.84,"Tarjeta Débito",63.28,"Traslado"
66,"RES000066","2025-03-21 10:00:00","2025-05-27","2025-05-28",3,2,0,170.63,"Resort Pacífico Jacó","Resort","Jacó","Costa Rica","Luis","Fernandez","luis.fernandez@mail.com","60005994","Turista","Vacaciones","Doble","217","Web Directa","Confirmada",170.63,68.25,"Efectivo",61.02,"Restaurante"
512,"RES000512","2026-01-05 10:00:00","2026-03-09","2026-03-12",1,1,0,483.64,"Boutique Manuel Antonio","Boutique","Manuel Antonio","Costa Rica","Jose","Martinez","jose.martinez@mail.com","60000508","Turista","Vacaciones","Sencilla","408","Booking","Completada",483.64,483.64,"Tarjeta Débito",88.14,"Tour"
512,"RES000512","2026-01-05 10:00:00","2026-03-09","2026-03-12",1,1,0,483.64,"Boutique Manuel Antonio","Boutique","Manuel Antonio","Costa Rica","Jose","Martinez","jose.martinez@mail.com","60000508","Turista","Vacaciones","Sencilla","408","Booking","Completada",483.64,483.64,"Tarjeta Débito",76.84,"Traslado"
512,"RES000512","2026-01-05 10:00:00","2026-03-09","2026-03-12",1,1,0,483.64,"Boutique Manuel Antonio","Boutique","Manuel Antonio","Costa Rica","Jose","Martinez","jose.martinez@mail.com","60000508","Turista","Vacaciones","Sencilla","408","Booking","Completada",483.64,483.64,"Tarjeta Débito",64.41,"Estacionamiento"
340,"RES000340","2025-01-18 10:00:00","2025-03-30","2025-04-04",1,1,0,469.23,"Boutique Manuel Antonio","Boutique","Manuel Antonio","Costa Rica","Carlos","Rodriguez","carlos.rodriguez@mail.com","60000360","Turista","Vacaciones","Sencilla","405","Agencia Mayorista","Completada",469.23,469.23,"Tarjeta Crédito",44.07,"Estacionamiento"
340,"RES000340","2025-01-18 10:00:00","2025-03-30","2025-04-04",1,1,0,469.23,"Boutique Manuel Antonio","Boutique","Manuel Antonio","Costa Rica","Carlos","Rodriguez","carlos.rodriguez@mail.com","60000360","Turista","Vacaciones","Sencilla","405","Agencia Mayorista","Completada",469.23,469.23,"Tarjeta Crédito",22.60,"Lavandería"
873,"RES000873","2026-03-26 10:00:00","2026-05-29","2026-06-02",2,0,0,447.03,"Hotel Central San José","Urbano","San José","Costa Rica","Camila","Rivera","camila.rivera@mail.com","60004107","Turista","Vacaciones","Doble","119","Call Center","Completada",447.03,447.03,"Tarjeta Crédito",76.84,"Traslado"
356,"RES000356","2025-02-03 10:00:00","2025-05-01","2025-05-04",3,1,0,474.83,"Boutique Manuel Antonio","Boutique","Manuel Antonio","Costa Rica","Fernando","Morales","fernando.morales@mail.com","60003404","Turista","Vacaciones","Sencilla","409","Walk In","Completada",474.83,474.83,"Transferencia",79.33,"Tour"
356,"RES000356","2025-02-03 10:00:00","2025-05-01","2025-05-04",3,1,0,474.83,"Boutique Manuel Antonio","Boutique","Manuel Antonio","Costa Rica","Fernando","Morales","fernando.morales@mail.com","60003404","Turista","Vacaciones","Sencilla","409","Walk In","Completada",474.83,474.83,"Transferencia",76.84,"Traslado"
356,"RES000356","2025-02-03 10:00:00","2025-05-01","2025-05-04",3,1,0,474.83,"Boutique Manuel Antonio","Boutique","Manuel Antonio","Costa Rica","Fernando","Morales","fernando.morales@mail.com","60003404","Turista","Vacaciones","Sencilla","409","Walk In","Completada",474.83,474.83,"Transferencia",64.41,"Estacionamiento"
458,"RES000458","2025-10-29 10:00:00","2025-11-07","2025-11-10",3,0,0,748.06,"Resort Pacífico Jacó","Resort","Jacó","Costa Rica","Andres","Perez","andres.perez@mail.com","60007622","Corporativo","Negocios","Suite","235","Web Directa","Completada",748.06,748.06,"Efectivo",94.92,"Tour"
458,"RES000458","2025-10-29 10:00:00","2025-11-07","2025-11-10",3,0,0,748.06,"Resort Pacífico Jacó","Resort","Jacó","Costa Rica","Andres","Perez","andres.perez@mail.com","60007622","Corporativo","Negocios","Suite","235","Web Directa","Completada",748.06,748.06,"Efectivo",63.28,"Traslado"
458,"RES000458","2025-10-29 10:00:00","2025-11-07","2025-11-10",3,0,0,748.06,"Resort Pacífico Jacó","Resort","Jacó","Costa Rica","Andres","Perez","andres.perez@mail.com","60007622","Corporativo","Negocios","Suite","235","Web Directa","Completada",748.06,748.06,"Efectivo",44.07,"Estacionamiento"
414,"RES000414","2025-06-17 10:00:00","2025-08-11","2025-08-12",2,2,0,159.67,"Resort Pacífico Jacó","Resort","Jacó","Costa Rica","Miguel","Mendoza","miguel.mendoza@mail.com","60007326","Familiar","Visita Familiar","Doble","224","Booking","Completada",159.67,159.67,"Convenio Empresa",61.02,"Restaurante"
640,"RES000640","2025-02-27 10:00:00","2025-03-10","2025-03-15",1,1,0,1247.52,"Boutique Manuel Antonio","Boutique","Manuel Antonio","Costa Rica","Carlos","Rodriguez","carlos.rodriguez@mail.com","60000360","Turista","Vacaciones","Familiar","440","Web Directa","Completada",1247.52,1247.52,"Tarjeta Crédito",44.07,"Estacionamiento"
640,"RES000640","2025-02-27 10:00:00","2025-03-10","2025-03-15",1,1,0,1247.52,"Boutique Manuel Antonio","Boutique","Manuel Antonio","Costa Rica","Carlos","Rodriguez","carlos.rodriguez@mail.com","60000360","Turista","Vacaciones","Familiar","440","Web Directa","Completada",1247.52,1247.52,"Tarjeta Crédito",22.60,"Lavandería"
368,"RES000368","2025-05-16 10:00:00","2025-05-25","2025-05-28",3,1,0,592.46,"Boutique Manuel Antonio","Boutique","Manuel Antonio","Costa Rica","Ricardo","Rojas","ricardo.rojas@mail.com","60006512","Corporativo","Negocios","Doble","412","Agencia Mayorista","Completada",592.46,592.46,"Tarjeta Crédito",88.14,"Tour"
368,"RES000368","2025-05-16 10:00:00","2025-05-25","2025-05-28",3,1,0,592.46,"Boutique Manuel Antonio","Boutique","Manuel Antonio","Costa Rica","Ricardo","Rojas","ricardo.rojas@mail.com","60006512","Corporativo","Negocios","Doble","412","Agencia Mayorista","Completada",592.46,592.46,"Tarjeta Crédito",76.84,"Traslado"
368,"RES000368","2025-05-16 10:00:00","2025-05-25","2025-05-28",3,1,0,592.46,"Boutique Manuel Antonio","Boutique","Manuel Antonio","Costa Rica","Ricardo","Rojas","ricardo.rojas@mail.com","60006512","Corporativo","Negocios","Doble","412","Agencia Mayorista","Completada",592.46,592.46,"Tarjeta Crédito",57.97,"Estacionamiento"
735,"RES000735","2025-08-24 10:00:00","2025-09-09","2025-09-13",2,0,0,459.01,"Ecohotel Arenal","Ecohotel","La Fortuna","Costa Rica","Laura","Hernandez","laura.hernandez@mail.com","60001665","Corporativo","Negocios","Doble","324","Convenio Empresa","Completada",459.01,459.01,"Tarjeta Crédito",63.28,"Traslado"
538,"RES000538","2026-01-17 10:00:00","2026-04-16","2026-04-21",3,0,0,621.84,"Resort Pacífico Jacó","Resort","Jacó","Costa Rica","Andres","Perez","andres.perez@mail.com","60006142","Corporativo","Negocios","Doble","215","Walk In","Completada",621.84,621.84,"Convenio Empresa",57.97,"Estacionamiento"
538,"RES000538","2026-01-17 10:00:00","2026-04-16","2026-04-21",3,0,0,621.84,"Resort Pacífico Jacó","Resort","Jacó","Costa Rica","Andres","Perez","andres.perez@mail.com","60006142","Corporativo","Negocios","Doble","215","Walk In","Completada",621.84,621.84,"Convenio Empresa",15.82,"Lavandería"
166,"RES000166","2025-09-27 10:00:00","2025-12-13","2025-12-18",3,0,0,431.66,"Resort Pacífico Jacó","Resort","Jacó","Costa Rica","Luis","Fernandez","luis.fernandez@mail.com","60009694","Turista","Vacaciones","Sencilla","202","Call Center","Confirmada",431.66,172.66,"Efectivo",64.41,"Estacionamiento"
595,"RES000595","2026-06-20 10:00:00","2026-08-15","2026-08-17",2,0,0,637.43,"Ecohotel Arenal","Ecohotel","La Fortuna","Costa Rica","Laura","Hernandez","laura.hernandez@mail.com","60009805","Corporativo","Negocios","Suite","329","Convenio Empresa","Completada",637.43,637.43,"Convenio Empresa",186.45,"Spa"
595,"RES000595","2026-06-20 10:00:00","2026-08-15","2026-08-17",2,0,0,637.43,"Ecohotel Arenal","Ecohotel","La Fortuna","Costa Rica","Laura","Hernandez","laura.hernandez@mail.com","60009805","Corporativo","Negocios","Suite","329","Convenio Empresa","Completada",637.43,637.43,"Convenio Empresa",88.14,"Tour"
872,"RES000872","2026-04-15 10:00:00","2026-06-17","2026-06-20",1,1,0,592.46,"Boutique Manuel Antonio","Boutique","Manuel Antonio","Costa Rica","Jose","Martinez","jose.martinez@mail.com","60003848","Turista","Vacaciones","Doble","418","Agencia Mayorista","Completada",592.46,592.46,"Efectivo",88.14,"Tour"
872,"RES000872","2026-04-15 10:00:00","2026-06-17","2026-06-20",1,1,0,592.46,"Boutique Manuel Antonio","Boutique","Manuel Antonio","Costa Rica","Jose","Martinez","jose.martinez@mail.com","60003848","Turista","Vacaciones","Doble","418","Agencia Mayorista","Completada",592.46,592.46,"Efectivo",76.84,"Traslado"
872,"RES000872","2026-04-15 10:00:00","2026-06-17","2026-06-20",1,1,0,592.46,"Boutique Manuel Antonio","Boutique","Manuel Antonio","Costa Rica","Jose","Martinez","jose.martinez@mail.com","60003848","Turista","Vacaciones","Doble","418","Agencia Mayorista","Completada",592.46,592.46,"Efectivo",57.97,"Estacionamiento"
410,"RES000410","2025-06-13 10:00:00","2025-08-03","2025-08-06",1,0,0,510.25,"Resort Pacífico Jacó","Resort","Jacó","Costa Rica","Jorge","Flores","jorge.flores@mail.com","60006290","Turista","Vacaciones","Doble","223","Agencia Mayorista","Completada",510.25,510.25,"Efectivo",94.92,"Tour"
410,"RES000410","2025-06-13 10:00:00","2025-08-03","2025-08-06",1,0,0,510.25,"Resort Pacífico Jacó","Resort","Jacó","Costa Rica","Jorge","Flores","jorge.flores@mail.com","60006290","Turista","Vacaciones","Doble","223","Agencia Mayorista","Completada",510.25,510.25,"Efectivo",63.28,"Traslado"
410,"RES000410","2025-06-13 10:00:00","2025-08-03","2025-08-06",1,0,0,510.25,"Resort Pacífico Jacó","Resort","Jacó","Costa Rica","Jorge","Flores","jorge.flores@mail.com","60006290","Turista","Vacaciones","Doble","223","Agencia Mayorista","Completada",510.25,510.25,"Efectivo",39.66,"Estacionamiento"
792,"RES000792","2025-10-27 10:00:00","2026-01-08","2026-01-09",1,2,1,271.20,"Boutique Manuel Antonio","Boutique","Manuel Antonio","Costa Rica","Jose","Martinez","jose.martinez@mail.com","60005328","Turista","Vacaciones","Familiar","438","Booking","Completada",271.20,271.20,"Tarjeta Crédito",47.46,"Restaurante"
896,"RES000896","2026-05-09 10:00:00","2026-08-04","2026-08-07",3,1,0,598.90,"Boutique Manuel Antonio","Boutique","Manuel Antonio","Costa Rica","Fernando","Morales","fernando.morales@mail.com","60000064","Turista","Vacaciones","Doble","424","Convenio Empresa","Completada",598.90,598.90,"Efectivo",88.14,"Tour"
896,"RES000896","2026-05-09 10:00:00","2026-08-04","2026-08-07",3,1,0,598.90,"Boutique Manuel Antonio","Boutique","Manuel Antonio","Costa Rica","Fernando","Morales","fernando.morales@mail.com","60000064","Turista","Vacaciones","Doble","424","Convenio Empresa","Completada",598.90,598.90,"Efectivo",76.84,"Traslado"
896,"RES000896","2026-05-09 10:00:00","2026-08-04","2026-08-07",3,1,0,598.90,"Boutique Manuel Antonio","Boutique","Manuel Antonio","Costa Rica","Fernando","Morales","fernando.morales@mail.com","60000064","Turista","Vacaciones","Doble","424","Convenio Empresa","Completada",598.90,598.90,"Efectivo",64.41,"Estacionamiento"
651,"RES000651","2025-03-03 10:00:00","2025-03-25","2025-03-29",1,0,0,379.68,"Ecohotel Arenal","Ecohotel","La Fortuna","Costa Rica","Elena","Navarro","elena.navarro@mail.com","60002109","Familiar","Visita Familiar","Sencilla","303","Convenio Empresa","Completada",379.68,379.68,"Transferencia",63.28,"Traslado"
38,"RES000038","2025-02-21 10:00:00","2025-04-01","2025-04-04",3,0,0,422.62,"Resort Pacífico Jacó","Resort","Jacó","Costa Rica","Andres","Perez","andres.perez@mail.com","60009842","Corporativo","Negocios","Sencilla","210","Web Directa","Completada",422.62,422.62,"Convenio Empresa",94.92,"Tour"
38,"RES000038","2025-02-21 10:00:00","2025-04-01","2025-04-04",3,0,0,422.62,"Resort Pacífico Jacó","Resort","Jacó","Costa Rica","Andres","Perez","andres.perez@mail.com","60009842","Corporativo","Negocios","Sencilla","210","Web Directa","Completada",422.62,422.62,"Convenio Empresa",63.28,"Traslado"
38,"RES000038","2025-02-21 10:00:00","2025-04-01","2025-04-04",3,0,0,422.62,"Resort Pacífico Jacó","Resort","Jacó","Costa Rica","Andres","Perez","andres.perez@mail.com","60009842","Corporativo","Negocios","Sencilla","210","Web Directa","Completada",422.62,422.62,"Convenio Empresa",44.07,"Estacionamiento"
359,"RES000359","2025-01-30 10:00:00","2025-04-30","2025-05-06",3,0,0,744.67,"Ecohotel Arenal","Ecohotel","La Fortuna","Costa Rica","Gabriela","Ortiz","gabriela.ortiz@mail.com","60004181","Turista","Vacaciones","Sencilla","310","Expedia","Completada",744.67,744.67,"Tarjeta Crédito",15.82,"Lavandería"
359,"RES000359","2025-01-30 10:00:00","2025-04-30","2025-05-06",3,0,0,744.67,"Ecohotel Arenal","Ecohotel","La Fortuna","Costa Rica","Gabriela","Ortiz","gabriela.ortiz@mail.com","60004181","Turista","Vacaciones","Sencilla","310","Expedia","Completada",744.67,744.67,"Tarjeta Crédito",47.46,"Restaurante"
359,"RES000359","2025-01-30 10:00:00","2025-04-30","2025-05-06",3,0,0,744.67,"Ecohotel Arenal","Ecohotel","La Fortuna","Costa Rica","Gabriela","Ortiz","gabriela.ortiz@mail.com","60004181","Turista","Vacaciones","Sencilla","310","Expedia","Completada",744.67,744.67,"Tarjeta Crédito",206.79,"Spa"
597,"RES000597","2026-06-08 10:00:00","2026-08-05","2026-08-09",3,0,0,768.40,"Hotel Central San José","Urbano","San José","Costa Rica","Lucia","Silva","lucia.silva@mail.com","60000323","Grupo","Evento","Suite","130","Expedia","Completada",768.40,768.40,"Tarjeta Crédito",76.84,"Traslado"
193,"RES000193","2026-01-15 10:00:00","2026-01-29","2026-01-31",2,0,0,437.31,"Hotel Central San José","Urbano","San José","Costa Rica","Camila","Rivera","camila.rivera@mail.com","60005587","Turista","Vacaciones","Sencilla","109","Agencia Mayorista","Completada",437.31,437.31,"Tarjeta Débito",206.79,"Spa"
193,"RES000193","2026-01-15 10:00:00","2026-01-29","2026-01-31",2,0,0,437.31,"Hotel Central San José","Urbano","San José","Costa Rica","Camila","Rivera","camila.rivera@mail.com","60005587","Turista","Vacaciones","Sencilla","109","Agencia Mayorista","Completada",437.31,437.31,"Tarjeta Débito",94.92,"Tour"
548,"RES000548","2026-05-11 10:00:00","2026-05-20","2026-05-23",3,1,0,598.90,"Boutique Manuel Antonio","Boutique","Manuel Antonio","Costa Rica","Ricardo","Rojas","ricardo.rojas@mail.com","60008732","Corporativo","Negocios","Doble","417","Expedia","Completada",598.90,598.90,"Efectivo",88.14,"Tour"
548,"RES000548","2026-05-11 10:00:00","2026-05-20","2026-05-23",3,1,0,598.90,"Boutique Manuel Antonio","Boutique","Manuel Antonio","Costa Rica","Ricardo","Rojas","ricardo.rojas@mail.com","60008732","Corporativo","Negocios","Doble","417","Expedia","Completada",598.90,598.90,"Efectivo",76.84,"Traslado"
548,"RES000548","2026-05-11 10:00:00","2026-05-20","2026-05-23",3,1,0,598.90,"Boutique Manuel Antonio","Boutique","Manuel Antonio","Costa Rica","Ricardo","Rojas","ricardo.rojas@mail.com","60008732","Corporativo","Negocios","Doble","417","Expedia","Completada",598.90,598.90,"Efectivo",64.41,"Estacionamiento"
730,"RES000730","2025-08-12 10:00:00","2025-08-23","2025-08-28",1,0,0,600.88,"Resort Pacífico Jacó","Resort","Jacó","Costa Rica","Jorge","Flores","jorge.flores@mail.com","60000370","Turista","Vacaciones","Doble","223","Expedia","Completada",600.88,600.88,"Tarjeta Crédito",64.41,"Estacionamiento"
730,"RES000730","2025-08-12 10:00:00","2025-08-23","2025-08-28",1,0,0,600.88,"Resort Pacífico Jacó","Resort","Jacó","Costa Rica","Jorge","Flores","jorge.flores@mail.com","60000370","Turista","Vacaciones","Doble","223","Expedia","Completada",600.88,600.88,"Tarjeta Crédito",15.82,"Lavandería"
217,"RES000217","2026-02-08 10:00:00","2026-03-18","2026-03-20",3,0,0,507.37,"Hotel Central San José","Urbano","San José","Costa Rica","Lucia","Silva","lucia.silva@mail.com","60000703","Grupo","Evento","Doble","115","Convenio Empresa","Completada",507.37,507.37,"Tarjeta Débito",206.79,"Spa"
217,"RES000217","2026-02-08 10:00:00","2026-03-18","2026-03-20",3,0,0,507.37,"Hotel Central San José","Urbano","San José","Costa Rica","Lucia","Silva","lucia.silva@mail.com","60000703","Grupo","Evento","Doble","115","Convenio Empresa","Completada",507.37,507.37,"Tarjeta Débito",94.92,"Tour"
47,"RES000047","2025-03-09 10:00:00","2025-04-26","2025-05-02",3,0,0,963.66,"Ecohotel Arenal","Ecohotel","La Fortuna","Costa Rica","Valeria","Torres","valeria.torres@mail.com","60001073","Grupo","Evento","Doble","312","Call Center","Completada",963.66,963.66,"Convenio Empresa",15.82,"Lavandería"
47,"RES000047","2025-03-09 10:00:00","2025-04-26","2025-05-02",3,0,0,963.66,"Ecohotel Arenal","Ecohotel","La Fortuna","Costa Rica","Valeria","Torres","valeria.torres@mail.com","60001073","Grupo","Evento","Doble","312","Call Center","Completada",963.66,963.66,"Convenio Empresa",42.71,"Restaurante"
47,"RES000047","2025-03-09 10:00:00","2025-04-26","2025-05-02",3,0,0,963.66,"Ecohotel Arenal","Ecohotel","La Fortuna","Costa Rica","Valeria","Torres","valeria.torres@mail.com","60001073","Grupo","Evento","Doble","312","Call Center","Completada",963.66,963.66,"Convenio Empresa",206.79,"Spa"
709,"RES000709","2025-04-16 10:00:00","2025-07-05","2025-07-07",3,0,0,507.37,"Hotel Central San José","Urbano","San José","Costa Rica","Maria","Lopez","maria.lopez@mail.com","60006031","Turista","Vacaciones","Doble","118","Expedia","Completada",507.37,507.37,"Convenio Empresa",206.79,"Spa"
709,"RES000709","2025-04-16 10:00:00","2025-07-05","2025-07-07",3,0,0,507.37,"Hotel Central San José","Urbano","San José","Costa Rica","Maria","Lopez","maria.lopez@mail.com","60006031","Turista","Vacaciones","Doble","118","Expedia","Completada",507.37,507.37,"Convenio Empresa",94.92,"Tour"
886,"RES000886","2026-04-15 10:00:00","2026-07-01","2026-07-06",3,0,0,612.46,"Resort Pacífico Jacó","Resort","Jacó","Costa Rica","Luis","Fernandez","luis.fernandez@mail.com","60007474","Turista","Vacaciones","Doble","222","Agencia Mayorista","Confirmada",612.46,244.98,"Tarjeta Crédito",64.41,"Estacionamiento"
177,"RES000177","2025-10-01 10:00:00","2025-12-28","2026-01-01",3,0,0,348.04,"Hotel Central San José","Urbano","San José","Costa Rica","Lucia","Silva","lucia.silva@mail.com","60001443","Grupo","Evento","Sencilla","105","Expedia","Completada",348.04,348.04,"Efectivo",76.84,"Traslado"
727,"RES000727","2025-08-16 10:00:00","2025-08-24","2025-08-26",3,0,0,488.73,"Ecohotel Arenal","Ecohotel","La Fortuna","Costa Rica","Valeria","Torres","valeria.torres@mail.com","60000693","Grupo","Evento","Doble","322","Walk In","Completada",488.73,488.73,"Transferencia",167.81,"Spa"
727,"RES000727","2025-08-16 10:00:00","2025-08-24","2025-08-26",3,0,0,488.73,"Ecohotel Arenal","Ecohotel","La Fortuna","Costa Rica","Valeria","Torres","valeria.torres@mail.com","60000693","Grupo","Evento","Doble","322","Walk In","Completada",488.73,488.73,"Transferencia",88.14,"Tour"
810,"RES000810","2026-01-29 10:00:00","2026-01-30","2026-01-31",1,2,0,123.45,"Resort Pacífico Jacó","Resort","Jacó","Costa Rica","Jorge","Flores","jorge.flores@mail.com","60009990","Turista","Vacaciones","Sencilla","203","Call Center","Completada",123.45,123.45,"Efectivo",61.02,"Restaurante"
779,"RES000779","2025-10-07 10:00:00","2025-12-06","2025-12-12",3,0,0,1415.89,"Ecohotel Arenal","Ecohotel","La Fortuna","Costa Rica","Gabriela","Ortiz","gabriela.ortiz@mail.com","60001961","Turista","Vacaciones","Suite","335","Expedia","Completada",1415.89,1415.89,"Tarjeta Débito",15.82,"Lavandería"
779,"RES000779","2025-10-07 10:00:00","2025-12-06","2025-12-12",3,0,0,1415.89,"Ecohotel Arenal","Ecohotel","La Fortuna","Costa Rica","Gabriela","Ortiz","gabriela.ortiz@mail.com","60001961","Turista","Vacaciones","Suite","335","Expedia","Completada",1415.89,1415.89,"Tarjeta Débito",47.46,"Restaurante"
779,"RES000779","2025-10-07 10:00:00","2025-12-06","2025-12-12",3,0,0,1415.89,"Ecohotel Arenal","Ecohotel","La Fortuna","Costa Rica","Gabriela","Ortiz","gabriela.ortiz@mail.com","60001961","Turista","Vacaciones","Suite","335","Expedia","Completada",1415.89,1415.89,"Tarjeta Débito",206.79,"Spa"
110,"RES000110","2025-08-02 10:00:00","2025-08-23","2025-08-26",1,0,0,714.44,"Resort Pacífico Jacó","Resort","Jacó","Costa Rica","Jorge","Flores","jorge.flores@mail.com","60006290","Turista","Vacaciones","Suite","228","Call Center","Completada",714.44,714.44,"Efectivo",94.92,"Tour"
110,"RES000110","2025-08-02 10:00:00","2025-08-23","2025-08-26",1,0,0,714.44,"Resort Pacífico Jacó","Resort","Jacó","Costa Rica","Jorge","Flores","jorge.flores@mail.com","60006290","Turista","Vacaciones","Suite","228","Call Center","Completada",714.44,714.44,"Efectivo",56.95,"Traslado"
110,"RES000110","2025-08-02 10:00:00","2025-08-23","2025-08-26",1,0,0,714.44,"Resort Pacífico Jacó","Resort","Jacó","Costa Rica","Jorge","Flores","jorge.flores@mail.com","60006290","Turista","Vacaciones","Suite","228","Call Center","Completada",714.44,714.44,"Efectivo",44.07,"Estacionamiento"
145,"RES000145","2025-08-30 10:00:00","2025-10-25","2025-10-27",2,0,0,614.72,"Hotel Central San José","Urbano","San José","Costa Rica","Paula","Vargas","paula.vargas@mail.com","60004255","Corporativo","Negocios","Familiar","137","Call Center","Confirmada",614.72,245.89,"Transferencia",206.79,"Spa"
557,"RES000557","2026-04-29 10:00:00","2026-05-17","2026-05-23",3,0,0,868.41,"Hotel Central San José","Urbano","San José","Costa Rica","Lucia","Silva","lucia.silva@mail.com","60001063","Grupo","Evento","Doble","120","Agencia Mayorista","Completada",868.41,868.41,"Convenio Empresa",22.60,"Lavandería"
557,"RES000557","2026-04-29 10:00:00","2026-05-17","2026-05-23",3,0,0,868.41,"Hotel Central San José","Urbano","San José","Costa Rica","Lucia","Silva","lucia.silva@mail.com","60001063","Grupo","Evento","Doble","120","Agencia Mayorista","Completada",868.41,868.41,"Convenio Empresa",61.02,"Restaurante"
557,"RES000557","2026-04-29 10:00:00","2026-05-17","2026-05-23",3,0,0,868.41,"Hotel Central San José","Urbano","San José","Costa Rica","Lucia","Silva","lucia.silva@mail.com","60001063","Grupo","Evento","Doble","120","Agencia Mayorista","Completada",868.41,868.41,"Convenio Empresa",167.81,"Spa"
718,"RES000718","2025-05-02 10:00:00","2025-07-30","2025-08-04",3,0,0,628.28,"Resort Pacífico Jacó","Resort","Jacó","Costa Rica","Andres","Perez","andres.perez@mail.com","60008362","Corporativo","Negocios","Doble","220","Agencia Mayorista","Completada",628.28,628.28,"Transferencia",64.41,"Estacionamiento"
718,"RES000718","2025-05-02 10:00:00","2025-07-30","2025-08-04",3,0,0,628.28,"Resort Pacífico Jacó","Resort","Jacó","Costa Rica","Andres","Perez","andres.perez@mail.com","60008362","Corporativo","Negocios","Doble","220","Agencia Mayorista","Completada",628.28,628.28,"Transferencia",15.82,"Lavandería"
485,"RES000485","2025-11-18 10:00:00","2025-12-24","2025-12-30",2,0,0,409.06,"Hotel Central San José","Urbano","San José","Costa Rica","Paula","Vargas","paula.vargas@mail.com","60003515","Corporativo","Negocios","Sencilla","102","Expedia","Confirmada",409.06,163.62,"Efectivo",22.60,"Lavandería"
229,"RES000229","2026-02-20 10:00:00","2026-04-11","2026-04-13",3,0,0,497.88,"Hotel Central San José","Urbano","San José","Costa Rica","Maria","Lopez","maria.lopez@mail.com","60003811","Turista","Vacaciones","Doble","118","Call Center","Completada",497.88,497.88,"Efectivo",206.79,"Spa"
229,"RES000229","2026-02-20 10:00:00","2026-04-11","2026-04-13",3,0,0,497.88,"Hotel Central San José","Urbano","San José","Costa Rica","Maria","Lopez","maria.lopez@mail.com","60003811","Turista","Vacaciones","Doble","118","Call Center","Completada",497.88,497.88,"Efectivo",85.43,"Tour"
559,"RES000559","2026-05-15 10:00:00","2026-06-04","2026-06-06",3,0,0,488.73,"Ecohotel Arenal","Ecohotel","La Fortuna","Costa Rica","Gabriela","Ortiz","gabriela.ortiz@mail.com","60000481","Turista","Vacaciones","Doble","320","Walk In","Completada",488.73,488.73,"Tarjeta Crédito",167.81,"Spa"
559,"RES000559","2026-05-15 10:00:00","2026-06-04","2026-06-06",3,0,0,488.73,"Ecohotel Arenal","Ecohotel","La Fortuna","Costa Rica","Gabriela","Ortiz","gabriela.ortiz@mail.com","60000481","Turista","Vacaciones","Doble","320","Walk In","Completada",488.73,488.73,"Tarjeta Crédito",88.14,"Tour"
788,"RES000788","2025-10-23 10:00:00","2025-12-31","2026-01-03",3,1,0,968.75,"Boutique Manuel Antonio","Boutique","Manuel Antonio","Costa Rica","Ricardo","Rojas","ricardo.rojas@mail.com","60004292","Corporativo","Negocios","Familiar","437","Agencia Mayorista","Completada",968.75,968.75,"Tarjeta Débito",88.14,"Tour"
788,"RES000788","2025-10-23 10:00:00","2025-12-31","2026-01-03",3,1,0,968.75,"Boutique Manuel Antonio","Boutique","Manuel Antonio","Costa Rica","Ricardo","Rojas","ricardo.rojas@mail.com","60004292","Corporativo","Negocios","Familiar","437","Agencia Mayorista","Completada",968.75,968.75,"Tarjeta Débito",76.84,"Traslado"
788,"RES000788","2025-10-23 10:00:00","2025-12-31","2026-01-03",3,1,0,968.75,"Boutique Manuel Antonio","Boutique","Manuel Antonio","Costa Rica","Ricardo","Rojas","ricardo.rojas@mail.com","60004292","Corporativo","Negocios","Familiar","437","Agencia Mayorista","Completada",968.75,968.75,"Tarjeta Débito",57.97,"Estacionamiento"
52,"RES000052","2025-03-21 10:00:00","2025-05-13","2025-05-18",1,1,0,682.52,"Boutique Manuel Antonio","Boutique","Manuel Antonio","Costa Rica","Jose","Martinez","jose.martinez@mail.com","60002368","Turista","Vacaciones","Doble","413","Web Directa","Completada",682.52,682.52,"Convenio Empresa",44.07,"Estacionamiento"
52,"RES000052","2025-03-21 10:00:00","2025-05-13","2025-05-18",1,1,0,682.52,"Boutique Manuel Antonio","Boutique","Manuel Antonio","Costa Rica","Jose","Martinez","jose.martinez@mail.com","60002368","Turista","Vacaciones","Doble","413","Web Directa","Completada",682.52,682.52,"Convenio Empresa",22.60,"Lavandería"
633,"RES000633","2025-01-30 10:00:00","2025-02-03","2025-02-07",2,0,0,935.64,"Hotel Central San José","Urbano","San José","Costa Rica","Camila","Rivera","camila.rivera@mail.com","60008547","Turista","Vacaciones","Familiar","139","Web Directa","Completada",935.64,935.64,"Convenio Empresa",76.84,"Traslado"
450,"RES000450","2025-10-21 10:00:00","2025-10-22","2025-10-23",1,2,0,215.66,"Resort Pacífico Jacó","Resort","Jacó","Costa Rica","Jorge","Flores","jorge.flores@mail.com","60005550","Turista","Vacaciones","Suite","233","Expedia","Completada",215.66,215.66,"Tarjeta Débito",61.02,"Restaurante"
900,"RES000900","2026-08-11 10:00:00","2026-08-12","2026-08-13",1,2,1,152.15,"Boutique Manuel Antonio","Boutique","Manuel Antonio","Costa Rica","Carlos","Rodriguez","carlos.rodriguez@mail.com","60001100","Turista","Vacaciones","Doble","425","Agencia Mayorista","Completada",152.15,152.15,"Convenio Empresa",47.46,"Restaurante"
405,"RES000405","2025-06-01 10:00:00","2025-07-17","2025-07-21",2,0,0,418.78,"Hotel Central San José","Urbano","San José","Costa Rica","Paula","Vargas","paula.vargas@mail.com","60004995","Corporativo","Negocios","Doble","122","Walk In","Confirmada",418.78,167.51,"Tarjeta Crédito",69.16,"Traslado"
170,"RES000170","2025-10-01 10:00:00","2025-12-21","2025-12-24",1,0,0,411.60,"Resort Pacífico Jacó","Resort","Jacó","Costa Rica","Jorge","Flores","jorge.flores@mail.com","60000730","Turista","Vacaciones","Sencilla","203","Expedia","Completada",411.60,411.60,"Transferencia",94.92,"Tour"
170,"RES000170","2025-10-01 10:00:00","2025-12-21","2025-12-24",1,0,0,411.60,"Resort Pacífico Jacó","Resort","Jacó","Costa Rica","Jorge","Flores","jorge.flores@mail.com","60000730","Turista","Vacaciones","Sencilla","203","Expedia","Completada",411.60,411.60,"Transferencia",63.28,"Traslado"
170,"RES000170","2025-10-01 10:00:00","2025-12-21","2025-12-24",1,0,0,411.60,"Resort Pacífico Jacó","Resort","Jacó","Costa Rica","Jorge","Flores","jorge.flores@mail.com","60000730","Turista","Vacaciones","Sencilla","203","Expedia","Completada",411.60,411.60,"Transferencia",44.07,"Estacionamiento"
712,"RES000712","2025-05-10 10:00:00","2025-08-01","2025-08-06",1,1,0,680.26,"Boutique Manuel Antonio","Boutique","Manuel Antonio","Costa Rica","Jose","Martinez","jose.martinez@mail.com","60006808","Turista","Vacaciones","Doble","418","Call Center","Completada",680.26,680.26,"Tarjeta Débito",44.07,"Estacionamiento"
712,"RES000712","2025-05-10 10:00:00","2025-08-01","2025-08-06",1,1,0,680.26,"Boutique Manuel Antonio","Boutique","Manuel Antonio","Costa Rica","Jose","Martinez","jose.martinez@mail.com","60006808","Turista","Vacaciones","Doble","418","Call Center","Completada",680.26,680.26,"Tarjeta Débito",20.34,"Lavandería"
192,"RES000192","2026-02-04 10:00:00","2026-02-17","2026-02-18",1,2,1,132.21,"Boutique Manuel Antonio","Boutique","Manuel Antonio","Costa Rica","Jose","Martinez","jose.martinez@mail.com","60005328","Turista","Vacaciones","Sencilla","408","Web Directa","Completada",132.21,132.21,"Tarjeta Crédito",47.46,"Restaurante"
513,"RES000513","2025-12-16 10:00:00","2026-02-18","2026-02-22",2,0,0,320.92,"Hotel Central San José","Urbano","San José","Costa Rica","Camila","Rivera","camila.rivera@mail.com","60000767","Turista","Vacaciones","Sencilla","109","Expedia","Completada",320.92,320.92,"Transferencia",76.84,"Traslado"
473,"RES000473","2025-11-06 10:00:00","2025-11-30","2025-12-06",2,0,0,1539.63,"Hotel Central San José","Urbano","San José","Costa Rica","Camila","Rivera","camila.rivera@mail.com","60000407","Turista","Vacaciones","Familiar","139","Agencia Mayorista","Completada",1539.63,1539.63,"Tarjeta Crédito",22.60,"Lavandería"
473,"RES000473","2025-11-06 10:00:00","2025-11-30","2025-12-06",2,0,0,1539.63,"Hotel Central San José","Urbano","San José","Costa Rica","Camila","Rivera","camila.rivera@mail.com","60000407","Turista","Vacaciones","Familiar","139","Agencia Mayorista","Completada",1539.63,1539.63,"Tarjeta Crédito",61.02,"Restaurante"
473,"RES000473","2025-11-06 10:00:00","2025-11-30","2025-12-06",2,0,0,1539.63,"Hotel Central San José","Urbano","San José","Costa Rica","Camila","Rivera","camila.rivera@mail.com","60000407","Turista","Vacaciones","Familiar","139","Agencia Mayorista","Completada",1539.63,1539.63,"Tarjeta Crédito",167.81,"Spa"
69,"RES000069","2025-03-17 10:00:00","2025-05-26","2025-05-30",3,0,0,480.48,"Hotel Central San José","Urbano","San José","Costa Rica","Maria","Lopez","maria.lopez@mail.com","60006771","Turista","Vacaciones","Doble","118","Walk In","Completada",480.48,480.48,"Tarjeta Débito",69.16,"Traslado"
878,"RES000878","2026-04-07 10:00:00","2026-06-15","2026-06-18",3,0,0,531.10,"Resort Pacífico Jacó","Resort","Jacó","Costa Rica","Andres","Perez","andres.perez@mail.com","60005402","Corporativo","Negocios","Doble","220","Web Directa","Completada",531.10,531.10,"Tarjeta Crédito",94.92,"Tour"
878,"RES000878","2026-04-07 10:00:00","2026-06-15","2026-06-18",3,0,0,531.10,"Resort Pacífico Jacó","Resort","Jacó","Costa Rica","Andres","Perez","andres.perez@mail.com","60005402","Corporativo","Negocios","Doble","220","Web Directa","Completada",531.10,531.10,"Tarjeta Crédito",63.28,"Traslado"
878,"RES000878","2026-04-07 10:00:00","2026-06-15","2026-06-18",3,0,0,531.10,"Resort Pacífico Jacó","Resort","Jacó","Costa Rica","Andres","Perez","andres.perez@mail.com","60005402","Corporativo","Negocios","Doble","220","Web Directa","Completada",531.10,531.10,"Tarjeta Crédito",44.07,"Estacionamiento"
679,"RES000679","2025-03-31 10:00:00","2025-05-20","2025-05-22",3,0,0,432.79,"Ecohotel Arenal","Ecohotel","La Fortuna","Costa Rica","Gabriela","Ortiz","gabriela.ortiz@mail.com","60009361","Turista","Vacaciones","Sencilla","310","Convenio Empresa","Completada",432.79,432.79,"Tarjeta Débito",186.45,"Spa"
679,"RES000679","2025-03-31 10:00:00","2025-05-20","2025-05-22",3,0,0,432.79,"Ecohotel Arenal","Ecohotel","La Fortuna","Costa Rica","Gabriela","Ortiz","gabriela.ortiz@mail.com","60009361","Turista","Vacaciones","Sencilla","310","Convenio Empresa","Completada",432.79,432.79,"Tarjeta Débito",88.14,"Tour"
375,"RES000375","2025-05-16 10:00:00","2025-06-01","2025-06-05",2,0,0,459.01,"Ecohotel Arenal","Ecohotel","La Fortuna","Costa Rica","Laura","Hernandez","laura.hernandez@mail.com","60008325","Corporativo","Negocios","Doble","314","Agencia Mayorista","Completada",459.01,459.01,"Transferencia",63.28,"Traslado"
415,"RES000415","2025-06-25 10:00:00","2025-08-20","2025-08-22",2,0,0,495.73,"Ecohotel Arenal","Ecohotel","La Fortuna","Costa Rica","Laura","Hernandez","laura.hernandez@mail.com","60007585","Corporativo","Negocios","Doble","324","Expedia","Completada",495.73,495.73,"Efectivo",186.45,"Spa"
415,"RES000415","2025-06-25 10:00:00","2025-08-20","2025-08-22",2,0,0,495.73,"Ecohotel Arenal","Ecohotel","La Fortuna","Costa Rica","Laura","Hernandez","laura.hernandez@mail.com","60007585","Corporativo","Negocios","Doble","324","Expedia","Completada",495.73,495.73,"Efectivo",88.14,"Tour"
729,"RES000729","2025-08-04 10:00:00","2025-08-14","2025-08-18",3,0,0,447.03,"Hotel Central San José","Urbano","San José","Costa Rica","Maria","Lopez","maria.lopez@mail.com","60000111","Turista","Vacaciones","Doble","123","Booking","Completada",447.03,447.03,"Efectivo",76.84,"Traslado"
680,"RES000680","2025-04-08 10:00:00","2025-05-29","2025-06-01",1,1,0,470.93,"Boutique Manuel Antonio","Boutique","Manuel Antonio","Costa Rica","Carlos","Rodriguez","carlos.rodriguez@mail.com","60009620","Turista","Vacaciones","Sencilla","410","Booking","Completada",470.93,470.93,"Transferencia",88.14,"Tour"
680,"RES000680","2025-04-08 10:00:00","2025-05-29","2025-06-01",1,1,0,470.93,"Boutique Manuel Antonio","Boutique","Manuel Antonio","Costa Rica","Carlos","Rodriguez","carlos.rodriguez@mail.com","60009620","Turista","Vacaciones","Sencilla","410","Booking","Completada",470.93,470.93,"Transferencia",76.84,"Traslado"
680,"RES000680","2025-04-08 10:00:00","2025-05-29","2025-06-01",1,1,0,470.93,"Boutique Manuel Antonio","Boutique","Manuel Antonio","Costa Rica","Carlos","Rodriguez","carlos.rodriguez@mail.com","60009620","Turista","Vacaciones","Sencilla","410","Booking","Completada",470.93,470.93,"Transferencia",64.41,"Estacionamiento"
408,"RES000408","2025-06-25 10:00:00","2025-08-13","2025-08-14",3,2,1,170.63,"Boutique Manuel Antonio","Boutique","Manuel Antonio","Costa Rica","Ricardo","Rojas","ricardo.rojas@mail.com","60005772","Corporativo","Negocios","Doble","422","Expedia","Completada",170.63,170.63,"Transferencia",47.46,"Restaurante"
689,"RES000689","2025-03-27 10:00:00","2025-05-26","2025-06-01",3,0,0,887.05,"Hotel Central San José","Urbano","San José","Costa Rica","Maria","Lopez","maria.lopez@mail.com","60000851","Turista","Vacaciones","Doble","113","Web Directa","Completada",887.05,887.05,"Transferencia",22.60,"Lavandería"
689,"RES000689","2025-03-27 10:00:00","2025-05-26","2025-06-01",3,0,0,887.05,"Hotel Central San José","Urbano","San José","Costa Rica","Maria","Lopez","maria.lopez@mail.com","60000851","Turista","Vacaciones","Doble","113","Web Directa","Completada",887.05,887.05,"Transferencia",61.02,"Restaurante"
689,"RES000689","2025-03-27 10:00:00","2025-05-26","2025-06-01",3,0,0,887.05,"Hotel Central San José","Urbano","San José","Costa Rica","Maria","Lopez","maria.lopez@mail.com","60000851","Turista","Vacaciones","Doble","113","Web Directa","Completada",887.05,887.05,"Transferencia",186.45,"Spa"
674,"RES000674","2025-03-19 10:00:00","2025-05-03","2025-05-06",2,0,0,422.62,"Resort Pacífico Jacó","Resort","Jacó","Costa Rica","Miguel","Mendoza","miguel.mendoza@mail.com","60008066","Familiar","Visita Familiar","Sencilla","209","Expedia","Completada",422.62,422.62,"Tarjeta Débito",94.92,"Tour"
674,"RES000674","2025-03-19 10:00:00","2025-05-03","2025-05-06",2,0,0,422.62,"Resort Pacífico Jacó","Resort","Jacó","Costa Rica","Miguel","Mendoza","miguel.mendoza@mail.com","60008066","Familiar","Visita Familiar","Sencilla","209","Expedia","Completada",422.62,422.62,"Tarjeta Débito",63.28,"Traslado"
674,"RES000674","2025-03-19 10:00:00","2025-05-03","2025-05-06",2,0,0,422.62,"Resort Pacífico Jacó","Resort","Jacó","Costa Rica","Miguel","Mendoza","miguel.mendoza@mail.com","60008066","Familiar","Visita Familiar","Sencilla","209","Expedia","Completada",422.62,422.62,"Tarjeta Débito",44.07,"Estacionamiento"
11,"RES000011","2025-02-01 10:00:00","2025-02-13","2025-02-19",1,0,0,723.99,"Ecohotel Arenal","Ecohotel","La Fortuna","Costa Rica","Elena","Navarro","elena.navarro@mail.com","60002849","Familiar","Visita Familiar","Sencilla","303","Agencia Mayorista","Completada",723.99,723.99,"Tarjeta Crédito",15.82,"Lavandería"
11,"RES000011","2025-02-01 10:00:00","2025-02-13","2025-02-19",1,0,0,723.99,"Ecohotel Arenal","Ecohotel","La Fortuna","Costa Rica","Elena","Navarro","elena.navarro@mail.com","60002849","Familiar","Visita Familiar","Sencilla","303","Agencia Mayorista","Completada",723.99,723.99,"Tarjeta Crédito",47.46,"Restaurante"
11,"RES000011","2025-02-01 10:00:00","2025-02-13","2025-02-19",1,0,0,723.99,"Ecohotel Arenal","Ecohotel","La Fortuna","Costa Rica","Elena","Navarro","elena.navarro@mail.com","60002849","Familiar","Visita Familiar","Sencilla","303","Agencia Mayorista","Completada",723.99,723.99,"Tarjeta Crédito",186.11,"Spa"
630,"RES000630","2025-02-03 10:00:00","2025-02-04","2025-02-05",1,2,0,253.12,"Resort Pacífico Jacó","Resort","Jacó","Costa Rica","Jorge","Flores","jorge.flores@mail.com","60007770","Turista","Vacaciones","Familiar","238","Convenio Empresa","Completada",253.12,253.12,"Tarjeta Crédito",61.02,"Restaurante"
575,"RES000575","2026-05-31 10:00:00","2026-07-06","2026-07-12",2,0,0,933.49,"Ecohotel Arenal","Ecohotel","La Fortuna","Costa Rica","Laura","Hernandez","laura.hernandez@mail.com","60004625","Corporativo","Negocios","Doble","324","Booking","Completada",933.49,933.49,"Transferencia",15.82,"Lavandería"
575,"RES000575","2026-05-31 10:00:00","2026-07-06","2026-07-12",2,0,0,933.49,"Ecohotel Arenal","Ecohotel","La Fortuna","Costa Rica","Laura","Hernandez","laura.hernandez@mail.com","60004625","Corporativo","Negocios","Doble","324","Booking","Completada",933.49,933.49,"Transferencia",47.46,"Restaurante"
575,"RES000575","2026-05-31 10:00:00","2026-07-06","2026-07-12",2,0,0,933.49,"Ecohotel Arenal","Ecohotel","La Fortuna","Costa Rica","Laura","Hernandez","laura.hernandez@mail.com","60004625","Corporativo","Negocios","Doble","324","Booking","Completada",933.49,933.49,"Transferencia",206.79,"Spa"
659,"RES000659","2025-03-11 10:00:00","2025-04-10","2025-04-16",3,0,0,744.67,"Ecohotel Arenal","Ecohotel","La Fortuna","Costa Rica","Gabriela","Ortiz","gabriela.ortiz@mail.com","60004181","Turista","Vacaciones","Sencilla","305","Booking","Completada",744.67,744.67,"Tarjeta Crédito",15.82,"Lavandería"
659,"RES000659","2025-03-11 10:00:00","2025-04-10","2025-04-16",3,0,0,744.67,"Ecohotel Arenal","Ecohotel","La Fortuna","Costa Rica","Gabriela","Ortiz","gabriela.ortiz@mail.com","60004181","Turista","Vacaciones","Sencilla","305","Booking","Completada",744.67,744.67,"Tarjeta Crédito",47.46,"Restaurante"
659,"RES000659","2025-03-11 10:00:00","2025-04-10","2025-04-16",3,0,0,744.67,"Ecohotel Arenal","Ecohotel","La Fortuna","Costa Rica","Gabriela","Ortiz","gabriela.ortiz@mail.com","60004181","Turista","Vacaciones","Sencilla","305","Booking","Completada",744.67,744.67,"Tarjeta Crédito",206.79,"Spa"
739,"RES000739","2025-08-28 10:00:00","2025-09-17","2025-09-19",3,0,0,507.37,"Ecohotel Arenal","Ecohotel","La Fortuna","Costa Rica","Gabriela","Ortiz","gabriela.ortiz@mail.com","60002701","Turista","Vacaciones","Doble","325","Agencia Mayorista","Completada",507.37,507.37,"Efectivo",186.45,"Spa"
739,"RES000739","2025-08-28 10:00:00","2025-09-17","2025-09-19",3,0,0,507.37,"Ecohotel Arenal","Ecohotel","La Fortuna","Costa Rica","Gabriela","Ortiz","gabriela.ortiz@mail.com","60002701","Turista","Vacaciones","Doble","325","Agencia Mayorista","Completada",507.37,507.37,"Efectivo",88.14,"Tour"
279,"RES000279","2026-07-24 10:00:00","2026-08-03","2026-08-07",3,0,0,744.44,"Ecohotel Arenal","Ecohotel","La Fortuna","Costa Rica","Gabriela","Ortiz","gabriela.ortiz@mail.com","60005661","Turista","Vacaciones","Suite","330","Walk In","Completada",744.44,744.44,"Tarjeta Débito",56.95,"Traslado"
9,"RES000009","2025-01-16 10:00:00","2025-01-26","2025-01-30",3,0,0,320.92,"Hotel Central San José","Urbano","San José","Costa Rica","Maria","Lopez","maria.lopez@mail.com","60002331","Turista","Vacaciones","Sencilla","103","Expedia","Completada",320.92,320.92,"Convenio Empresa",76.84,"Traslado"
716,"RES000716","2025-05-14 10:00:00","2025-08-09","2025-08-12",3,1,0,598.90,"Boutique Manuel Antonio","Boutique","Manuel Antonio","Costa Rica","Fernando","Morales","fernando.morales@mail.com","60007844","Turista","Vacaciones","Doble","419","Expedia","Completada",598.90,598.90,"Tarjeta Crédito",88.14,"Tour"
716,"RES000716","2025-05-14 10:00:00","2025-08-09","2025-08-12",3,1,0,598.90,"Boutique Manuel Antonio","Boutique","Manuel Antonio","Costa Rica","Fernando","Morales","fernando.morales@mail.com","60007844","Turista","Vacaciones","Doble","419","Expedia","Completada",598.90,598.90,"Tarjeta Crédito",76.84,"Traslado"
716,"RES000716","2025-05-14 10:00:00","2025-08-09","2025-08-12",3,1,0,598.90,"Boutique Manuel Antonio","Boutique","Manuel Antonio","Costa Rica","Fernando","Morales","fernando.morales@mail.com","60007844","Turista","Vacaciones","Doble","419","Expedia","Completada",598.90,598.90,"Tarjeta Crédito",64.41,"Estacionamiento"
897,"RES000897","2026-04-19 10:00:00","2026-07-16","2026-07-20",3,0,0,488.16,"Hotel Central San José","Urbano","San José","Costa Rica","Lucia","Silva","lucia.silva@mail.com","60000323","Grupo","Evento","Doble","125","Booking","Completada",488.16,488.16,"Tarjeta Crédito",76.84,"Traslado"
736,"RES000736","2025-09-01 10:00:00","2025-09-18","2025-09-23",3,1,0,682.52,"Boutique Manuel Antonio","Boutique","Manuel Antonio","Costa Rica","Fernando","Morales","fernando.morales@mail.com","60001924","Turista","Vacaciones","Doble","424","Booking","Completada",682.52,682.52,"Tarjeta Débito",44.07,"Estacionamiento"
736,"RES000736","2025-09-01 10:00:00","2025-09-18","2025-09-23",3,1,0,682.52,"Boutique Manuel Antonio","Boutique","Manuel Antonio","Costa Rica","Fernando","Morales","fernando.morales@mail.com","60001924","Turista","Vacaciones","Doble","424","Booking","Completada",682.52,682.52,"Tarjeta Débito",22.60,"Lavandería"
565,"RES000565","2026-05-07 10:00:00","2026-06-02","2026-06-04",2,0,0,402.17,"Hotel Central San José","Urbano","San José","Costa Rica","Paula","Vargas","paula.vargas@mail.com","60002035","Corporativo","Negocios","Doble","122","Call Center","Confirmada",402.17,160.87,"Convenio Empresa",206.79,"Spa"
566,"RES000566","2026-05-15 10:00:00","2026-06-11","2026-06-14",3,0,0,414.26,"Resort Pacífico Jacó","Resort","Jacó","Costa Rica","Luis","Fernandez","luis.fernandez@mail.com","60002294","Turista","Vacaciones","Doble","222","Walk In","Confirmada",414.26,165.70,"Efectivo",85.43,"Tour"
457,"RES000457","2025-10-21 10:00:00","2025-10-29","2025-10-31",3,0,0,647.49,"Hotel Central San José","Urbano","San José","Costa Rica","Lucia","Silva","lucia.silva@mail.com","60007363","Grupo","Evento","Suite","135","Expedia","Completada",647.49,647.49,"Convenio Empresa",206.79,"Spa"
457,"RES000457","2025-10-21 10:00:00","2025-10-29","2025-10-31",3,0,0,647.49,"Hotel Central San José","Urbano","San José","Costa Rica","Lucia","Silva","lucia.silva@mail.com","60007363","Grupo","Evento","Suite","135","Expedia","Completada",647.49,647.49,"Convenio Empresa",94.92,"Tour"
85,"RES000085","2025-04-02 10:00:00","2025-06-27","2025-06-29",2,0,0,402.17,"Hotel Central San José","Urbano","San José","Costa Rica","Paula","Vargas","paula.vargas@mail.com","60000915","Corporativo","Negocios","Doble","122","Booking","Confirmada",402.17,160.87,"Efectivo",206.79,"Spa"
592,"RES000592","2026-06-24 10:00:00","2026-08-16","2026-08-21",1,1,0,1066.72,"Boutique Manuel Antonio","Boutique","Manuel Antonio","Costa Rica","Jose","Martinez","jose.martinez@mail.com","60009028","Turista","Vacaciones","Suite","428","Agencia Mayorista","Completada",1066.72,1066.72,"Tarjeta Crédito",44.07,"Estacionamiento"
592,"RES000592","2026-06-24 10:00:00","2026-08-16","2026-08-21",1,1,0,1066.72,"Boutique Manuel Antonio","Boutique","Manuel Antonio","Costa Rica","Jose","Martinez","jose.martinez@mail.com","60009028","Turista","Vacaciones","Suite","428","Agencia Mayorista","Completada",1066.72,1066.72,"Tarjeta Crédito",22.60,"Lavandería"
687,"RES000687","2025-04-08 10:00:00","2025-06-05","2025-06-09",3,0,0,528.84,"Ecohotel Arenal","Ecohotel","La Fortuna","Costa Rica","Valeria","Torres","valeria.torres@mail.com","60000333","Grupo","Evento","Doble","312","Booking","Completada",528.84,528.84,"Tarjeta Crédito",63.28,"Traslado"
553,"RES000553","2026-04-25 10:00:00","2026-05-09","2026-05-11",2,0,0,507.37,"Hotel Central San José","Urbano","San José","Costa Rica","Camila","Rivera","camila.rivera@mail.com","60000027","Turista","Vacaciones","Doble","119","Convenio Empresa","Completada",507.37,507.37,"Efectivo",206.79,"Spa"
553,"RES000553","2026-04-25 10:00:00","2026-05-09","2026-05-11",2,0,0,507.37,"Hotel Central San José","Urbano","San José","Costa Rica","Camila","Rivera","camila.rivera@mail.com","60000027","Turista","Vacaciones","Doble","119","Convenio Empresa","Completada",507.37,507.37,"Efectivo",94.92,"Tour"
288,"RES000288","2026-08-09 10:00:00","2026-08-28","2026-08-29",3,2,1,227.47,"Boutique Manuel Antonio","Boutique","Manuel Antonio","Costa Rica","Ricardo","Rojas","ricardo.rojas@mail.com","60007992","Corporativo","Negocios","Suite","432","Booking","Completada",227.47,227.47,"Tarjeta Débito",47.46,"Restaurante"
774,"RES000774","2025-09-25 10:00:00","2025-11-19","2025-11-20",2,2,0,224.76,"Resort Pacífico Jacó","Resort","Jacó","Costa Rica","Miguel","Mendoza","miguel.mendoza@mail.com","60000666","Familiar","Visita Familiar","Suite","234","Agencia Mayorista","Completada",224.76,224.76,"Tarjeta Débito",61.02,"Restaurante"
398,"RES000398","2025-06-01 10:00:00","2025-07-10","2025-07-13",3,0,0,521.61,"Resort Pacífico Jacó","Resort","Jacó","Costa Rica","Andres","Perez","andres.perez@mail.com","60003182","Corporativo","Negocios","Doble","220","Walk In","Completada",521.61,521.61,"Tarjeta Débito",85.43,"Tour"
398,"RES000398","2025-06-01 10:00:00","2025-07-10","2025-07-13",3,0,0,521.61,"Resort Pacífico Jacó","Resort","Jacó","Costa Rica","Andres","Perez","andres.perez@mail.com","60003182","Corporativo","Negocios","Doble","220","Walk In","Completada",521.61,521.61,"Tarjeta Débito",63.28,"Traslado"
398,"RES000398","2025-06-01 10:00:00","2025-07-10","2025-07-13",3,0,0,521.61,"Resort Pacífico Jacó","Resort","Jacó","Costa Rica","Andres","Perez","andres.perez@mail.com","60003182","Corporativo","Negocios","Doble","220","Walk In","Completada",521.61,521.61,"Tarjeta Débito",44.07,"Estacionamiento"
635,"RES000635","2025-02-15 10:00:00","2025-02-21","2025-02-27",2,0,0,1617.93,"Ecohotel Arenal","Ecohotel","La Fortuna","Costa Rica","Laura","Hernandez","laura.hernandez@mail.com","60009065","Corporativo","Negocios","Familiar","339","Call Center","Completada",1617.93,1617.93,"Tarjeta Crédito",15.82,"Lavandería"
635,"RES000635","2025-02-15 10:00:00","2025-02-21","2025-02-27",2,0,0,1617.93,"Ecohotel Arenal","Ecohotel","La Fortuna","Costa Rica","Laura","Hernandez","laura.hernandez@mail.com","60009065","Corporativo","Negocios","Familiar","339","Call Center","Completada",1617.93,1617.93,"Tarjeta Crédito",42.71,"Restaurante"
635,"RES000635","2025-02-15 10:00:00","2025-02-21","2025-02-27",2,0,0,1617.93,"Ecohotel Arenal","Ecohotel","La Fortuna","Costa Rica","Laura","Hernandez","laura.hernandez@mail.com","60009065","Corporativo","Negocios","Familiar","339","Call Center","Completada",1617.93,1617.93,"Tarjeta Crédito",206.79,"Spa"
388,"RES000388","2025-06-05 10:00:00","2025-07-04","2025-07-09",3,1,0,682.52,"Boutique Manuel Antonio","Boutique","Manuel Antonio","Costa Rica","Ricardo","Rojas","ricardo.rojas@mail.com","60000592","Corporativo","Negocios","Doble","417","Web Directa","Completada",682.52,682.52,"Tarjeta Débito",44.07,"Estacionamiento"
388,"RES000388","2025-06-05 10:00:00","2025-07-04","2025-07-09",3,1,0,682.52,"Boutique Manuel Antonio","Boutique","Manuel Antonio","Costa Rica","Ricardo","Rojas","ricardo.rojas@mail.com","60000592","Corporativo","Negocios","Doble","417","Web Directa","Completada",682.52,682.52,"Tarjeta Débito",22.60,"Lavandería"
165,"RES000165","2025-09-19 10:00:00","2025-12-04","2025-12-08",2,0,0,307.36,"Hotel Central San José","Urbano","San José","Costa Rica","Paula","Vargas","paula.vargas@mail.com","60009435","Corporativo","Negocios","Sencilla","102","Agencia Mayorista","Confirmada",307.36,122.94,"Convenio Empresa",76.84,"Traslado"
56,"RES000056","2025-03-25 10:00:00","2025-05-21","2025-05-24",3,1,0,598.90,"Boutique Manuel Antonio","Boutique","Manuel Antonio","Costa Rica","Fernando","Morales","fernando.morales@mail.com","60003404","Turista","Vacaciones","Doble","414","Convenio Empresa","Completada",598.90,598.90,"Transferencia",88.14,"Tour"
56,"RES000056","2025-03-25 10:00:00","2025-05-21","2025-05-24",3,1,0,598.90,"Boutique Manuel Antonio","Boutique","Manuel Antonio","Costa Rica","Fernando","Morales","fernando.morales@mail.com","60003404","Turista","Vacaciones","Doble","414","Convenio Empresa","Completada",598.90,598.90,"Transferencia",76.84,"Traslado"
56,"RES000056","2025-03-25 10:00:00","2025-05-21","2025-05-24",3,1,0,598.90,"Boutique Manuel Antonio","Boutique","Manuel Antonio","Costa Rica","Fernando","Morales","fernando.morales@mail.com","60003404","Turista","Vacaciones","Doble","414","Convenio Empresa","Completada",598.90,598.90,"Transferencia",64.41,"Estacionamiento"
151,"RES000151","2025-09-19 10:00:00","2025-11-20","2025-11-22",1,0,0,749.19,"Ecohotel Arenal","Ecohotel","La Fortuna","Costa Rica","Elena","Navarro","elena.navarro@mail.com","60005809","Familiar","Visita Familiar","Familiar","338","Agencia Mayorista","Completada",749.19,749.19,"Transferencia",186.45,"Spa"
151,"RES000151","2025-09-19 10:00:00","2025-11-20","2025-11-22",1,0,0,749.19,"Ecohotel Arenal","Ecohotel","La Fortuna","Costa Rica","Elena","Navarro","elena.navarro@mail.com","60005809","Familiar","Visita Familiar","Familiar","338","Agencia Mayorista","Completada",749.19,749.19,"Transferencia",88.14,"Tour"
820,"RES000820","2026-02-22 10:00:00","2026-03-05","2026-03-10",1,1,0,469.23,"Boutique Manuel Antonio","Boutique","Manuel Antonio","Costa Rica","Carlos","Rodriguez","carlos.rodriguez@mail.com","60001480","Turista","Vacaciones","Sencilla","405","Booking","Completada",469.23,469.23,"Efectivo",44.07,"Estacionamiento"
820,"RES000820","2026-02-22 10:00:00","2026-03-05","2026-03-10",1,1,0,469.23,"Boutique Manuel Antonio","Boutique","Manuel Antonio","Costa Rica","Carlos","Rodriguez","carlos.rodriguez@mail.com","60001480","Turista","Vacaciones","Sencilla","405","Booking","Completada",469.23,469.23,"Efectivo",22.60,"Lavandería"
620,"RES000620","2024-11-09 10:00:00","2025-01-29","2025-02-01",1,1,0,792.98,"Boutique Manuel Antonio","Boutique","Manuel Antonio","Costa Rica","Carlos","Rodriguez","carlos.rodriguez@mail.com","60005180","Turista","Vacaciones","Suite","435","Agencia Mayorista","Completada",792.98,792.98,"Efectivo",88.14,"Tour"
620,"RES000620","2024-11-09 10:00:00","2025-01-29","2025-02-01",1,1,0,792.98,"Boutique Manuel Antonio","Boutique","Manuel Antonio","Costa Rica","Carlos","Rodriguez","carlos.rodriguez@mail.com","60005180","Turista","Vacaciones","Suite","435","Agencia Mayorista","Completada",792.98,792.98,"Efectivo",76.84,"Traslado"
620,"RES000620","2024-11-09 10:00:00","2025-01-29","2025-02-01",1,1,0,792.98,"Boutique Manuel Antonio","Boutique","Manuel Antonio","Costa Rica","Carlos","Rodriguez","carlos.rodriguez@mail.com","60005180","Turista","Vacaciones","Suite","435","Agencia Mayorista","Completada",792.98,792.98,"Efectivo",57.97,"Estacionamiento"
894,"RES000894","2026-04-23 10:00:00","2026-07-17","2026-07-18",2,2,0,170.63,"Resort Pacífico Jacó","Resort","Jacó","Costa Rica","Miguel","Mendoza","miguel.mendoza@mail.com","60009546","Familiar","Visita Familiar","Doble","224","Call Center","Completada",170.63,170.63,"Transferencia",61.02,"Restaurante"
245,"RES000245","2026-03-08 10:00:00","2026-05-13","2026-05-19",2,0,0,608.73,"Hotel Central San José","Urbano","San José","Costa Rica","Paula","Vargas","paula.vargas@mail.com","60007955","Corporativo","Negocios","Doble","122","Convenio Empresa","Confirmada",608.73,243.49,"Transferencia",22.60,"Lavandería"
205,"RES000205","2026-01-27 10:00:00","2026-02-22","2026-02-24",2,0,0,402.17,"Hotel Central San José","Urbano","San José","Costa Rica","Paula","Vargas","paula.vargas@mail.com","60008695","Corporativo","Negocios","Doble","112","Expedia","Confirmada",402.17,160.87,"Tarjeta Crédito",206.79,"Spa"
67,"RES000067","2025-03-29 10:00:00","2025-06-05","2025-06-07",3,0,0,507.37,"Ecohotel Arenal","Ecohotel","La Fortuna","Costa Rica","Valeria","Torres","valeria.torres@mail.com","60006253","Grupo","Evento","Doble","317","Agencia Mayorista","Completada",507.37,507.37,"Efectivo",186.45,"Spa"
67,"RES000067","2025-03-29 10:00:00","2025-06-05","2025-06-07",3,0,0,507.37,"Ecohotel Arenal","Ecohotel","La Fortuna","Costa Rica","Valeria","Torres","valeria.torres@mail.com","60006253","Grupo","Evento","Doble","317","Agencia Mayorista","Completada",507.37,507.37,"Efectivo",88.14,"Tour"
325,"RES000325","2024-12-13 10:00:00","2025-02-07","2025-02-09",2,0,0,335.61,"Hotel Central San José","Urbano","San José","Costa Rica","Paula","Vargas","paula.vargas@mail.com","60006475","Corporativo","Negocios","Sencilla","102","Web Directa","Confirmada",335.61,134.24,"Tarjeta Débito",206.79,"Spa"
895,"RES000895","2026-05-01 10:00:00","2026-07-26","2026-07-28",2,0,0,477.09,"Ecohotel Arenal","Ecohotel","La Fortuna","Costa Rica","Laura","Hernandez","laura.hernandez@mail.com","60009805","Corporativo","Negocios","Doble","324","Walk In","Completada",477.09,477.09,"Convenio Empresa",167.81,"Spa"
895,"RES000895","2026-05-01 10:00:00","2026-07-26","2026-07-28",2,0,0,477.09,"Ecohotel Arenal","Ecohotel","La Fortuna","Costa Rica","Laura","Hernandez","laura.hernandez@mail.com","60009805","Corporativo","Negocios","Doble","324","Walk In","Completada",477.09,477.09,"Convenio Empresa",88.14,"Tour"
673,"RES000673","2025-03-11 10:00:00","2025-04-24","2025-04-26",2,0,0,437.31,"Hotel Central San José","Urbano","San José","Costa Rica","Camila","Rivera","camila.rivera@mail.com","60007807","Turista","Vacaciones","Sencilla","109","Booking","Completada",437.31,437.31,"Tarjeta Crédito",206.79,"Spa"
673,"RES000673","2025-03-11 10:00:00","2025-04-24","2025-04-26",2,0,0,437.31,"Hotel Central San José","Urbano","San José","Costa Rica","Camila","Rivera","camila.rivera@mail.com","60007807","Turista","Vacaciones","Sencilla","109","Booking","Completada",437.31,437.31,"Tarjeta Crédito",94.92,"Tour"
334,"RES000334","2024-12-29 10:00:00","2025-03-04","2025-03-09",2,0,0,445.90,"Resort Pacífico Jacó","Resort","Jacó","Costa Rica","Miguel","Mendoza","miguel.mendoza@mail.com","60008806","Familiar","Visita Familiar","Sencilla","204","Call Center","Completada",445.90,445.90,"Efectivo",64.41,"Estacionamiento"
334,"RES000334","2024-12-29 10:00:00","2025-03-04","2025-03-09",2,0,0,445.90,"Resort Pacífico Jacó","Resort","Jacó","Costa Rica","Miguel","Mendoza","miguel.mendoza@mail.com","60008806","Familiar","Visita Familiar","Sencilla","204","Call Center","Completada",445.90,445.90,"Efectivo",14.24,"Lavandería"
558,"RES000558","2026-05-07 10:00:00","2026-05-26","2026-05-27",3,2,0,159.67,"Resort Pacífico Jacó","Resort","Jacó","Costa Rica","Andres","Perez","andres.perez@mail.com","60000222","Corporativo","Negocios","Doble","220","Call Center","Completada",159.67,159.67,"Efectivo",61.02,"Restaurante"
540,"RES000540","2026-05-03 10:00:00","2026-05-04","2026-05-05",1,2,1,152.15,"Boutique Manuel Antonio","Boutique","Manuel Antonio","Costa Rica","Carlos","Rodriguez","carlos.rodriguez@mail.com","60006660","Turista","Vacaciones","Doble","415","Booking","Completada",152.15,152.15,"Tarjeta Crédito",47.46,"Restaurante"
168,"RES000168","2025-10-13 10:00:00","2025-12-31","2026-01-01",3,2,1,132.21,"Boutique Manuel Antonio","Boutique","Manuel Antonio","Costa Rica","Ricardo","Rojas","ricardo.rojas@mail.com","60000212","Corporativo","Negocios","Sencilla","402","Convenio Empresa","Completada",132.21,132.21,"Tarjeta Crédito",47.46,"Restaurante"
471,"RES000471","2025-11-18 10:00:00","2025-12-10","2025-12-14",1,0,0,1012.48,"Ecohotel Arenal","Ecohotel","La Fortuna","Costa Rica","Elena","Navarro","elena.navarro@mail.com","60000989","Familiar","Visita Familiar","Familiar","338","Expedia","Completada",1012.48,1012.48,"Convenio Empresa",63.28,"Traslado"
598,"RES000598","2026-06-16 10:00:00","2026-08-14","2026-08-19",3,0,0,989.88,"Resort Pacífico Jacó","Resort","Jacó","Costa Rica","Andres","Perez","andres.perez@mail.com","60000582","Corporativo","Negocios","Suite","230","Web Directa","Completada",989.88,989.88,"Tarjeta Débito",64.41,"Estacionamiento"
598,"RES000598","2026-06-16 10:00:00","2026-08-14","2026-08-19",3,0,0,989.88,"Resort Pacífico Jacó","Resort","Jacó","Costa Rica","Andres","Perez","andres.perez@mail.com","60000582","Corporativo","Negocios","Suite","230","Web Directa","Completada",989.88,989.88,"Tarjeta Débito",15.82,"Lavandería"
287,"RES000287","2026-08-01 10:00:00","2026-08-19","2026-08-25",3,0,0,1415.89,"Ecohotel Arenal","Ecohotel","La Fortuna","Costa Rica","Valeria","Torres","valeria.torres@mail.com","60007733","Grupo","Evento","Suite","332","Convenio Empresa","Completada",1415.89,1415.89,"Tarjeta Crédito",15.82,"Lavandería"
287,"RES000287","2026-08-01 10:00:00","2026-08-19","2026-08-25",3,0,0,1415.89,"Ecohotel Arenal","Ecohotel","La Fortuna","Costa Rica","Valeria","Torres","valeria.torres@mail.com","60007733","Grupo","Evento","Suite","332","Convenio Empresa","Completada",1415.89,1415.89,"Tarjeta Crédito",47.46,"Restaurante"
287,"RES000287","2026-08-01 10:00:00","2026-08-19","2026-08-25",3,0,0,1415.89,"Ecohotel Arenal","Ecohotel","La Fortuna","Costa Rica","Valeria","Torres","valeria.torres@mail.com","60007733","Grupo","Evento","Suite","332","Convenio Empresa","Completada",1415.89,1415.89,"Tarjeta Crédito",206.79,"Spa"
167,"RES000167","2025-10-05 10:00:00","2025-12-22","2025-12-28",3,0,0,743.09,"Ecohotel Arenal","Ecohotel","La Fortuna","Costa Rica","Valeria","Torres","valeria.torres@mail.com","60009953","Grupo","Evento","Sencilla","302","Walk In","Completada",743.09,743.09,"Efectivo",14.24,"Lavandería"
167,"RES000167","2025-10-05 10:00:00","2025-12-22","2025-12-28",3,0,0,743.09,"Ecohotel Arenal","Ecohotel","La Fortuna","Costa Rica","Valeria","Torres","valeria.torres@mail.com","60009953","Grupo","Evento","Sencilla","302","Walk In","Completada",743.09,743.09,"Efectivo",47.46,"Restaurante"
167,"RES000167","2025-10-05 10:00:00","2025-12-22","2025-12-28",3,0,0,743.09,"Ecohotel Arenal","Ecohotel","La Fortuna","Costa Rica","Valeria","Torres","valeria.torres@mail.com","60009953","Grupo","Evento","Sencilla","302","Walk In","Completada",743.09,743.09,"Efectivo",206.79,"Spa"
277,"RES000277","2026-07-08 10:00:00","2026-07-16","2026-07-18",3,0,0,647.49,"Hotel Central San José","Urbano","San José","Costa Rica","Lucia","Silva","lucia.silva@mail.com","60005143","Grupo","Evento","Suite","130","Agencia Mayorista","Completada",647.49,647.49,"Efectivo",206.79,"Spa"
277,"RES000277","2026-07-08 10:00:00","2026-07-16","2026-07-18",3,0,0,647.49,"Hotel Central San José","Urbano","San José","Costa Rica","Lucia","Silva","lucia.silva@mail.com","60005143","Grupo","Evento","Suite","130","Agencia Mayorista","Completada",647.49,647.49,"Efectivo",94.92,"Tour"
290,"RES000290","2026-07-28 10:00:00","2026-08-18","2026-08-21",1,0,0,720.77,"Resort Pacífico Jacó","Resort","Jacó","Costa Rica","Jorge","Flores","jorge.flores@mail.com","60008510","Turista","Vacaciones","Suite","233","Web Directa","Completada",720.77,720.77,"Convenio Empresa",94.92,"Tour"
290,"RES000290","2026-07-28 10:00:00","2026-08-18","2026-08-21",1,0,0,720.77,"Resort Pacífico Jacó","Resort","Jacó","Costa Rica","Jorge","Flores","jorge.flores@mail.com","60008510","Turista","Vacaciones","Suite","233","Web Directa","Completada",720.77,720.77,"Convenio Empresa",63.28,"Traslado"
290,"RES000290","2026-07-28 10:00:00","2026-08-18","2026-08-21",1,0,0,720.77,"Resort Pacífico Jacó","Resort","Jacó","Costa Rica","Jorge","Flores","jorge.flores@mail.com","60008510","Turista","Vacaciones","Suite","233","Web Directa","Completada",720.77,720.77,"Convenio Empresa",44.07,"Estacionamiento"
300,"RES000300","2024-12-09 10:00:00","2025-01-09","2025-01-10",1,2,1,212.72,"Boutique Manuel Antonio","Boutique","Manuel Antonio","Costa Rica","Carlos","Rodriguez","carlos.rodriguez@mail.com","60001100","Turista","Vacaciones","Suite","435","Walk In","Completada",212.72,212.72,"Convenio Empresa",42.71,"Restaurante"
367,"RES000367","2025-05-08 10:00:00","2025-05-16","2025-05-18",3,0,0,507.37,"Ecohotel Arenal","Ecohotel","La Fortuna","Costa Rica","Valeria","Torres","valeria.torres@mail.com","60006253","Grupo","Evento","Doble","312","Web Directa","Completada",507.37,507.37,"Efectivo",186.45,"Spa"
367,"RES000367","2025-05-08 10:00:00","2025-05-16","2025-05-18",3,0,0,507.37,"Ecohotel Arenal","Ecohotel","La Fortuna","Costa Rica","Valeria","Torres","valeria.torres@mail.com","60006253","Grupo","Evento","Doble","312","Web Directa","Completada",507.37,507.37,"Efectivo",88.14,"Tour"
588,"RES000588","2026-06-20 10:00:00","2026-08-08","2026-08-09",3,2,1,247.47,"Boutique Manuel Antonio","Boutique","Manuel Antonio","Costa Rica","Ricardo","Rojas","ricardo.rojas@mail.com","60007992","Corporativo","Negocios","Suite","427","Convenio Empresa","Completada",247.47,247.47,"Tarjeta Débito",47.46,"Restaurante"
439,"RES000439","2025-07-19 10:00:00","2025-10-07","2025-10-09",3,0,0,647.72,"Ecohotel Arenal","Ecohotel","La Fortuna","Costa Rica","Gabriela","Ortiz","gabriela.ortiz@mail.com","60002701","Turista","Vacaciones","Suite","330","Call Center","Completada",647.72,647.72,"Efectivo",186.45,"Spa"
439,"RES000439","2025-07-19 10:00:00","2025-10-07","2025-10-09",3,0,0,647.72,"Ecohotel Arenal","Ecohotel","La Fortuna","Costa Rica","Gabriela","Ortiz","gabriela.ortiz@mail.com","60002701","Turista","Vacaciones","Suite","330","Call Center","Completada",647.72,647.72,"Efectivo",79.33,"Tour"
206,"RES000206","2026-02-04 10:00:00","2026-03-03","2026-03-06",3,0,0,423.75,"Resort Pacífico Jacó","Resort","Jacó","Costa Rica","Luis","Fernandez","luis.fernandez@mail.com","60008954","Turista","Vacaciones","Doble","212","Web Directa","Confirmada",423.75,169.50,"Tarjeta Débito",94.92,"Tour"
46,"RES000046","2025-03-01 10:00:00","2025-04-17","2025-04-22",3,0,0,612.46,"Resort Pacífico Jacó","Resort","Jacó","Costa Rica","Luis","Fernandez","luis.fernandez@mail.com","60000814","Turista","Vacaciones","Doble","212","Agencia Mayorista","Confirmada",612.46,244.98,"Convenio Empresa",64.41,"Estacionamiento"
586,"RES000586","2026-06-04 10:00:00","2026-07-21","2026-07-26",3,0,0,974.06,"Resort Pacífico Jacó","Resort","Jacó","Costa Rica","Luis","Fernandez","luis.fernandez@mail.com","60007474","Turista","Vacaciones","Suite","227","Call Center","Confirmada",974.06,389.62,"Tarjeta Crédito",64.41,"Estacionamiento"
572,"RES000572","2026-06-04 10:00:00","2026-07-07","2026-07-10",1,1,0,591.22,"Boutique Manuel Antonio","Boutique","Manuel Antonio","Costa Rica","Jose","Martinez","jose.martinez@mail.com","60003848","Turista","Vacaciones","Doble","423","Call Center","Completada",591.22,591.22,"Efectivo",88.14,"Tour"
572,"RES000572","2026-06-04 10:00:00","2026-07-07","2026-07-10",1,1,0,591.22,"Boutique Manuel Antonio","Boutique","Manuel Antonio","Costa Rica","Jose","Martinez","jose.martinez@mail.com","60003848","Turista","Vacaciones","Doble","423","Call Center","Completada",591.22,591.22,"Efectivo",69.16,"Traslado"
572,"RES000572","2026-06-04 10:00:00","2026-07-07","2026-07-10",1,1,0,591.22,"Boutique Manuel Antonio","Boutique","Manuel Antonio","Costa Rica","Jose","Martinez","jose.martinez@mail.com","60003848","Turista","Vacaciones","Doble","423","Call Center","Completada",591.22,591.22,"Efectivo",64.41,"Estacionamiento"
32,"RES000032","2025-03-01 10:00:00","2025-04-03","2025-04-06",1,1,0,477.20,"Boutique Manuel Antonio","Boutique","Manuel Antonio","Costa Rica","Jose","Martinez","jose.martinez@mail.com","60008288","Turista","Vacaciones","Sencilla","408","Agencia Mayorista","Completada",477.20,477.20,"Transferencia",88.14,"Tour"
32,"RES000032","2025-03-01 10:00:00","2025-04-03","2025-04-06",1,1,0,477.20,"Boutique Manuel Antonio","Boutique","Manuel Antonio","Costa Rica","Jose","Martinez","jose.martinez@mail.com","60008288","Turista","Vacaciones","Sencilla","408","Agencia Mayorista","Completada",477.20,477.20,"Transferencia",76.84,"Traslado"
32,"RES000032","2025-03-01 10:00:00","2025-04-03","2025-04-06",1,1,0,477.20,"Boutique Manuel Antonio","Boutique","Manuel Antonio","Costa Rica","Jose","Martinez","jose.martinez@mail.com","60008288","Turista","Vacaciones","Sencilla","408","Agencia Mayorista","Completada",477.20,477.20,"Transferencia",57.97,"Estacionamiento"
53,"RES000053","2025-03-01 10:00:00","2025-04-24","2025-04-30",2,0,0,868.41,"Hotel Central San José","Urbano","San José","Costa Rica","Camila","Rivera","camila.rivera@mail.com","60002627","Turista","Vacaciones","Doble","114","Agencia Mayorista","Completada",868.41,868.41,"Efectivo",22.60,"Lavandería"
53,"RES000053","2025-03-01 10:00:00","2025-04-24","2025-04-30",2,0,0,868.41,"Hotel Central San José","Urbano","San José","Costa Rica","Camila","Rivera","camila.rivera@mail.com","60002627","Turista","Vacaciones","Doble","114","Agencia Mayorista","Completada",868.41,868.41,"Efectivo",61.02,"Restaurante"
53,"RES000053","2025-03-01 10:00:00","2025-04-24","2025-04-30",2,0,0,868.41,"Hotel Central San José","Urbano","San José","Costa Rica","Camila","Rivera","camila.rivera@mail.com","60002627","Turista","Vacaciones","Doble","114","Agencia Mayorista","Completada",868.41,868.41,"Efectivo",167.81,"Spa"
336,"RES000336","2025-01-14 10:00:00","2025-03-22","2025-03-23",3,2,1,132.21,"Boutique Manuel Antonio","Boutique","Manuel Antonio","Costa Rica","Fernando","Morales","fernando.morales@mail.com","60009324","Turista","Vacaciones","Sencilla","404","Convenio Empresa","Completada",132.21,132.21,"Tarjeta Débito",47.46,"Restaurante"
275,"RES000275","2026-07-20 10:00:00","2026-07-26","2026-08-01",2,0,0,1358.60,"Ecohotel Arenal","Ecohotel","La Fortuna","Costa Rica","Laura","Hernandez","laura.hernandez@mail.com","60004625","Corporativo","Negocios","Suite","329","Expedia","Completada",1358.60,1358.60,"Transferencia",15.82,"Lavandería"
275,"RES000275","2026-07-20 10:00:00","2026-07-26","2026-08-01",2,0,0,1358.60,"Ecohotel Arenal","Ecohotel","La Fortuna","Costa Rica","Laura","Hernandez","laura.hernandez@mail.com","60004625","Corporativo","Negocios","Suite","329","Expedia","Completada",1358.60,1358.60,"Transferencia",47.46,"Restaurante"
275,"RES000275","2026-07-20 10:00:00","2026-07-26","2026-08-01",2,0,0,1358.60,"Ecohotel Arenal","Ecohotel","La Fortuna","Costa Rica","Laura","Hernandez","laura.hernandez@mail.com","60004625","Corporativo","Negocios","Suite","329","Expedia","Completada",1358.60,1358.60,"Transferencia",206.79,"Spa"
247,"RES000247","2026-03-24 10:00:00","2026-05-31","2026-06-02",3,0,0,507.37,"Ecohotel Arenal","Ecohotel","La Fortuna","Costa Rica","Valeria","Torres","valeria.torres@mail.com","60008473","Grupo","Evento","Doble","322","Expedia","Completada",507.37,507.37,"Convenio Empresa",186.45,"Spa"
247,"RES000247","2026-03-24 10:00:00","2026-05-31","2026-06-02",3,0,0,507.37,"Ecohotel Arenal","Ecohotel","La Fortuna","Costa Rica","Valeria","Torres","valeria.torres@mail.com","60008473","Grupo","Evento","Doble","322","Expedia","Completada",507.37,507.37,"Convenio Empresa",88.14,"Tour"
260,"RES000260","2026-04-13 10:00:00","2026-07-03","2026-07-06",1,1,0,580.42,"Boutique Manuel Antonio","Boutique","Manuel Antonio","Costa Rica","Carlos","Rodriguez","carlos.rodriguez@mail.com","60000740","Turista","Vacaciones","Doble","425","Booking","Completada",580.42,580.42,"Tarjeta Débito",88.14,"Tour"
260,"RES000260","2026-04-13 10:00:00","2026-07-03","2026-07-06",1,1,0,580.42,"Boutique Manuel Antonio","Boutique","Manuel Antonio","Costa Rica","Carlos","Rodriguez","carlos.rodriguez@mail.com","60000740","Turista","Vacaciones","Doble","425","Booking","Completada",580.42,580.42,"Tarjeta Débito",76.84,"Traslado"
260,"RES000260","2026-04-13 10:00:00","2026-07-03","2026-07-06",1,1,0,580.42,"Boutique Manuel Antonio","Boutique","Manuel Antonio","Costa Rica","Carlos","Rodriguez","carlos.rodriguez@mail.com","60000740","Turista","Vacaciones","Doble","425","Booking","Completada",580.42,580.42,"Tarjeta Débito",64.41,"Estacionamiento"
136,"RES000136","2025-09-11 10:00:00","2025-10-28","2025-11-02",3,1,0,1066.72,"Boutique Manuel Antonio","Boutique","Manuel Antonio","Costa Rica","Fernando","Morales","fernando.morales@mail.com","60001924","Turista","Vacaciones","Suite","434","Web Directa","Completada",1066.72,1066.72,"Tarjeta Débito",44.07,"Estacionamiento"
136,"RES000136","2025-09-11 10:00:00","2025-10-28","2025-11-02",3,1,0,1066.72,"Boutique Manuel Antonio","Boutique","Manuel Antonio","Costa Rica","Fernando","Morales","fernando.morales@mail.com","60001924","Turista","Vacaciones","Suite","434","Web Directa","Completada",1066.72,1066.72,"Tarjeta Débito",22.60,"Lavandería"
139,"RES000139","2025-09-07 10:00:00","2025-10-27","2025-10-29",3,0,0,637.89,"Ecohotel Arenal","Ecohotel","La Fortuna","Costa Rica","Gabriela","Ortiz","gabriela.ortiz@mail.com","60002701","Turista","Vacaciones","Suite","335","Walk In","Completada",637.89,637.89,"Efectivo",167.81,"Spa"
139,"RES000139","2025-09-07 10:00:00","2025-10-27","2025-10-29",3,0,0,637.89,"Ecohotel Arenal","Ecohotel","La Fortuna","Costa Rica","Gabriela","Ortiz","gabriela.ortiz@mail.com","60002701","Turista","Vacaciones","Suite","335","Walk In","Completada",637.89,637.89,"Efectivo",88.14,"Tour"
411,"RES000411","2025-06-21 10:00:00","2025-08-12","2025-08-16",1,0,0,528.84,"Ecohotel Arenal","Ecohotel","La Fortuna","Costa Rica","Elena","Navarro","elena.navarro@mail.com","60006549","Familiar","Visita Familiar","Doble","323","Call Center","Completada",528.84,528.84,"Tarjeta Crédito",63.28,"Traslado"
869,"RES000869","2026-03-22 10:00:00","2026-05-21","2026-05-27",3,0,0,887.05,"Hotel Central San José","Urbano","San José","Costa Rica","Maria","Lopez","maria.lopez@mail.com","60003071","Turista","Vacaciones","Doble","118","Booking","Completada",887.05,887.05,"Tarjeta Débito",22.60,"Lavandería"
869,"RES000869","2026-03-22 10:00:00","2026-05-21","2026-05-27",3,0,0,887.05,"Hotel Central San José","Urbano","San José","Costa Rica","Maria","Lopez","maria.lopez@mail.com","60003071","Turista","Vacaciones","Doble","118","Booking","Completada",887.05,887.05,"Tarjeta Débito",61.02,"Restaurante"
869,"RES000869","2026-03-22 10:00:00","2026-05-21","2026-05-27",3,0,0,887.05,"Hotel Central San José","Urbano","San José","Costa Rica","Maria","Lopez","maria.lopez@mail.com","60003071","Turista","Vacaciones","Doble","118","Booking","Completada",887.05,887.05,"Tarjeta Débito",186.45,"Spa"
425,"RES000425","2025-06-21 10:00:00","2025-08-26","2025-09-01",2,0,0,1008.07,"Hotel Central San José","Urbano","San José","Costa Rica","Paula","Vargas","paula.vargas@mail.com","60000175","Corporativo","Negocios","Suite","127","Call Center","Confirmada",1008.07,403.23,"Tarjeta Débito",22.60,"Lavandería"
672,"RES000672","2025-03-31 10:00:00","2025-05-13","2025-05-14",1,2,1,132.21,"Boutique Manuel Antonio","Boutique","Manuel Antonio","Costa Rica","Jose","Martinez","jose.martinez@mail.com","60007548","Turista","Vacaciones","Sencilla","408","Convenio Empresa","Completada",132.21,132.21,"Efectivo",47.46,"Restaurante"
825,"RES000825","2026-02-06 10:00:00","2026-02-22","2026-02-26",2,0,0,299.68,"Hotel Central San José","Urbano","San José","Costa Rica","Paula","Vargas","paula.vargas@mail.com","60002775","Corporativo","Negocios","Sencilla","107","Walk In","Confirmada",299.68,119.87,"Tarjeta Débito",69.16,"Traslado"
316,"RES000316","2024-12-25 10:00:00","2025-02-10","2025-02-15",3,1,0,1309.67,"Boutique Manuel Antonio","Boutique","Manuel Antonio","Costa Rica","Fernando","Morales","fernando.morales@mail.com","60004144","Turista","Vacaciones","Familiar","439","Booking","Completada",1309.67,1309.67,"Tarjeta Crédito",44.07,"Estacionamiento"
316,"RES000316","2024-12-25 10:00:00","2025-02-10","2025-02-15",3,1,0,1309.67,"Boutique Manuel Antonio","Boutique","Manuel Antonio","Costa Rica","Fernando","Morales","fernando.morales@mail.com","60004144","Turista","Vacaciones","Familiar","439","Booking","Completada",1309.67,1309.67,"Tarjeta Crédito",22.60,"Lavandería"
731,"RES000731","2025-08-20 10:00:00","2025-09-01","2025-09-07",1,0,0,968.41,"Ecohotel Arenal","Ecohotel","La Fortuna","Costa Rica","Elena","Navarro","elena.navarro@mail.com","60000629","Familiar","Visita Familiar","Doble","323","Web Directa","Completada",968.41,968.41,"Tarjeta Débito",15.82,"Lavandería"
731,"RES000731","2025-08-20 10:00:00","2025-09-01","2025-09-07",1,0,0,968.41,"Ecohotel Arenal","Ecohotel","La Fortuna","Costa Rica","Elena","Navarro","elena.navarro@mail.com","60000629","Familiar","Visita Familiar","Doble","323","Web Directa","Completada",968.41,968.41,"Tarjeta Débito",47.46,"Restaurante"
731,"RES000731","2025-08-20 10:00:00","2025-09-01","2025-09-07",1,0,0,968.41,"Ecohotel Arenal","Ecohotel","La Fortuna","Costa Rica","Elena","Navarro","elena.navarro@mail.com","60000629","Familiar","Visita Familiar","Doble","323","Web Directa","Completada",968.41,968.41,"Tarjeta Débito",206.79,"Spa"
256,"RES000256","2026-04-09 10:00:00","2026-06-25","2026-06-30",3,1,0,682.52,"Boutique Manuel Antonio","Boutique","Manuel Antonio","Costa Rica","Fernando","Morales","fernando.morales@mail.com","60000804","Turista","Vacaciones","Doble","424","Agencia Mayorista","Completada",682.52,682.52,"Transferencia",44.07,"Estacionamiento"
256,"RES000256","2026-04-09 10:00:00","2026-06-25","2026-06-30",3,1,0,682.52,"Boutique Manuel Antonio","Boutique","Manuel Antonio","Costa Rica","Fernando","Morales","fernando.morales@mail.com","60000804","Turista","Vacaciones","Doble","424","Agencia Mayorista","Completada",682.52,682.52,"Transferencia",22.60,"Lavandería"
332,"RES000332","2025-01-10 10:00:00","2025-03-14","2025-03-17",1,1,0,483.64,"Boutique Manuel Antonio","Boutique","Manuel Antonio","Costa Rica","Jose","Martinez","jose.martinez@mail.com","60008288","Turista","Vacaciones","Sencilla","403","Web Directa","Completada",483.64,483.64,"Transferencia",88.14,"Tour"
332,"RES000332","2025-01-10 10:00:00","2025-03-14","2025-03-17",1,1,0,483.64,"Boutique Manuel Antonio","Boutique","Manuel Antonio","Costa Rica","Jose","Martinez","jose.martinez@mail.com","60008288","Turista","Vacaciones","Sencilla","403","Web Directa","Completada",483.64,483.64,"Transferencia",76.84,"Traslado"
332,"RES000332","2025-01-10 10:00:00","2025-03-14","2025-03-17",1,1,0,483.64,"Boutique Manuel Antonio","Boutique","Manuel Antonio","Costa Rica","Jose","Martinez","jose.martinez@mail.com","60008288","Turista","Vacaciones","Sencilla","403","Web Directa","Completada",483.64,483.64,"Transferencia",64.41,"Estacionamiento"
654,"RES000654","2025-02-27 10:00:00","2025-03-24","2025-03-25",2,2,0,134.47,"Resort Pacífico Jacó","Resort","Jacó","Costa Rica","Miguel","Mendoza","miguel.mendoza@mail.com","60002886","Familiar","Visita Familiar","Sencilla","204","Web Directa","Completada",134.47,134.47,"Tarjeta Crédito",61.02,"Restaurante"
628,"RES000628","2024-11-17 10:00:00","2025-02-14","2025-02-19",3,1,0,1307.41,"Boutique Manuel Antonio","Boutique","Manuel Antonio","Costa Rica","Ricardo","Rojas","ricardo.rojas@mail.com","60007252","Corporativo","Negocios","Familiar","437","Call Center","Completada",1307.41,1307.41,"Convenio Empresa",44.07,"Estacionamiento"
628,"RES000628","2024-11-17 10:00:00","2025-02-14","2025-02-19",3,1,0,1307.41,"Boutique Manuel Antonio","Boutique","Manuel Antonio","Costa Rica","Ricardo","Rojas","ricardo.rojas@mail.com","60007252","Corporativo","Negocios","Familiar","437","Call Center","Completada",1307.41,1307.41,"Convenio Empresa",20.34,"Lavandería"
33,"RES000033","2025-02-09 10:00:00","2025-03-15","2025-03-19",2,0,0,348.04,"Hotel Central San José","Urbano","San José","Costa Rica","Camila","Rivera","camila.rivera@mail.com","60008547","Turista","Vacaciones","Sencilla","109","Call Center","Completada",348.04,348.04,"Convenio Empresa",76.84,"Traslado"
885,"RES000885","2026-04-07 10:00:00","2026-06-22","2026-06-26",2,0,0,426.46,"Hotel Central San José","Urbano","San José","Costa Rica","Paula","Vargas","paula.vargas@mail.com","60007215","Corporativo","Negocios","Doble","122","Web Directa","Confirmada",426.46,170.58,"Efectivo",76.84,"Traslado"
549,"RES000549","2026-04-21 10:00:00","2026-05-01","2026-05-05",3,0,0,447.03,"Hotel Central San José","Urbano","San José","Costa Rica","Maria","Lopez","maria.lopez@mail.com","60008991","Turista","Vacaciones","Doble","118","Web Directa","Completada",447.03,447.03,"Tarjeta Crédito",76.84,"Traslado"
185,"RES000185","2026-01-07 10:00:00","2026-01-13","2026-01-19",2,0,0,409.06,"Hotel Central San José","Urbano","San José","Costa Rica","Paula","Vargas","paula.vargas@mail.com","60003515","Corporativo","Negocios","Sencilla","107","Web Directa","Confirmada",409.06,163.62,"Efectivo",22.60,"Lavandería"
380,"RES000380","2025-05-28 10:00:00","2025-06-18","2025-06-21",1,1,0,580.42,"Boutique Manuel Antonio","Boutique","Manuel Antonio","Costa Rica","Carlos","Rodriguez","carlos.rodriguez@mail.com","60009620","Turista","Vacaciones","Doble","415","Expedia","Completada",580.42,580.42,"Transferencia",88.14,"Tour"
380,"RES000380","2025-05-28 10:00:00","2025-06-18","2025-06-21",1,1,0,580.42,"Boutique Manuel Antonio","Boutique","Manuel Antonio","Costa Rica","Carlos","Rodriguez","carlos.rodriguez@mail.com","60009620","Turista","Vacaciones","Doble","415","Expedia","Completada",580.42,580.42,"Transferencia",76.84,"Traslado"
380,"RES000380","2025-05-28 10:00:00","2025-06-18","2025-06-21",1,1,0,580.42,"Boutique Manuel Antonio","Boutique","Manuel Antonio","Costa Rica","Carlos","Rodriguez","carlos.rodriguez@mail.com","60009620","Turista","Vacaciones","Doble","415","Expedia","Completada",580.42,580.42,"Transferencia",64.41,"Estacionamiento"
215,"RES000215","2026-02-20 10:00:00","2026-03-28","2026-04-03",2,0,0,928.74,"Ecohotel Arenal","Ecohotel","La Fortuna","Costa Rica","Laura","Hernandez","laura.hernandez@mail.com","60000185","Corporativo","Negocios","Doble","314","Call Center","Completada",928.74,928.74,"Efectivo",15.82,"Lavandería"
215,"RES000215","2026-02-20 10:00:00","2026-03-28","2026-04-03",2,0,0,928.74,"Ecohotel Arenal","Ecohotel","La Fortuna","Costa Rica","Laura","Hernandez","laura.hernandez@mail.com","60000185","Corporativo","Negocios","Doble","314","Call Center","Completada",928.74,928.74,"Efectivo",42.71,"Restaurante"
215,"RES000215","2026-02-20 10:00:00","2026-03-28","2026-04-03",2,0,0,928.74,"Ecohotel Arenal","Ecohotel","La Fortuna","Costa Rica","Laura","Hernandez","laura.hernandez@mail.com","60000185","Corporativo","Negocios","Doble","314","Call Center","Completada",928.74,928.74,"Efectivo",206.79,"Spa"
653,"RES000653","2025-02-19 10:00:00","2025-03-15","2025-03-21",2,0,0,676.87,"Hotel Central San José","Urbano","San José","Costa Rica","Camila","Rivera","camila.rivera@mail.com","60002627","Turista","Vacaciones","Sencilla","104","Expedia","Completada",676.87,676.87,"Efectivo",22.60,"Lavandería"
653,"RES000653","2025-02-19 10:00:00","2025-03-15","2025-03-21",2,0,0,676.87,"Hotel Central San José","Urbano","San José","Costa Rica","Camila","Rivera","camila.rivera@mail.com","60002627","Turista","Vacaciones","Sencilla","104","Expedia","Completada",676.87,676.87,"Efectivo",61.02,"Restaurante"
653,"RES000653","2025-02-19 10:00:00","2025-03-15","2025-03-21",2,0,0,676.87,"Hotel Central San José","Urbano","San José","Costa Rica","Camila","Rivera","camila.rivera@mail.com","60002627","Turista","Vacaciones","Sencilla","104","Expedia","Completada",676.87,676.87,"Efectivo",186.45,"Spa"
130,"RES000130","2025-08-22 10:00:00","2025-10-02","2025-10-07",1,0,0,944.40,"Resort Pacífico Jacó","Resort","Jacó","Costa Rica","Jorge","Flores","jorge.flores@mail.com","60000370","Turista","Vacaciones","Suite","233","Agencia Mayorista","Completada",944.40,944.40,"Tarjeta Crédito",64.41,"Estacionamiento"
130,"RES000130","2025-08-22 10:00:00","2025-10-02","2025-10-07",1,0,0,944.40,"Resort Pacífico Jacó","Resort","Jacó","Costa Rica","Jorge","Flores","jorge.flores@mail.com","60000370","Turista","Vacaciones","Suite","233","Agencia Mayorista","Completada",944.40,944.40,"Tarjeta Crédito",15.82,"Lavandería"
612,"RES000612","2024-11-01 10:00:00","2025-01-13","2025-01-14",1,2,1,227.47,"Boutique Manuel Antonio","Boutique","Manuel Antonio","Costa Rica","Jose","Martinez","jose.martinez@mail.com","60003108","Turista","Vacaciones","Suite","433","Web Directa","Completada",227.47,227.47,"Tarjeta Débito",47.46,"Restaurante"
486,"RES000486","2025-11-26 10:00:00","2026-01-02","2026-01-03",3,2,0,127.13,"Resort Pacífico Jacó","Resort","Jacó","Costa Rica","Luis","Fernandez","luis.fernandez@mail.com","60003774","Turista","Vacaciones","Sencilla","202","Web Directa","Confirmada",127.13,50.85,"Tarjeta Crédito",61.02,"Restaurante"
625,"RES000625","2024-10-24 10:00:00","2025-01-18","2025-01-20",2,0,0,614.72,"Hotel Central San José","Urbano","San José","Costa Rica","Paula","Vargas","paula.vargas@mail.com","60006475","Corporativo","Negocios","Familiar","137","Expedia","Confirmada",614.72,245.89,"Tarjeta Débito",206.79,"Spa"
617,"RES000617","2024-10-16 10:00:00","2025-01-02","2025-01-08",3,0,0,1307.41,"Hotel Central San José","Urbano","San José","Costa Rica","Lucia","Silva","lucia.silva@mail.com","60004403","Grupo","Evento","Suite","135","Booking","Completada",1307.41,1307.41,"Tarjeta Débito",22.60,"Lavandería"
617,"RES000617","2024-10-16 10:00:00","2025-01-02","2025-01-08",3,0,0,1307.41,"Hotel Central San José","Urbano","San José","Costa Rica","Lucia","Silva","lucia.silva@mail.com","60004403","Grupo","Evento","Suite","135","Booking","Completada",1307.41,1307.41,"Tarjeta Débito",61.02,"Restaurante"
617,"RES000617","2024-10-16 10:00:00","2025-01-02","2025-01-08",3,0,0,1307.41,"Hotel Central San José","Urbano","San José","Costa Rica","Lucia","Silva","lucia.silva@mail.com","60004403","Grupo","Evento","Suite","135","Booking","Completada",1307.41,1307.41,"Tarjeta Débito",186.45,"Spa"
765,"RES000765","2025-09-09 10:00:00","2025-10-25","2025-10-29",2,0,0,664.67,"Hotel Central San José","Urbano","San José","Costa Rica","Paula","Vargas","paula.vargas@mail.com","60009435","Corporativo","Negocios","Suite","132","Expedia","Confirmada",664.67,265.87,"Convenio Empresa",76.84,"Traslado"
552,"RES000552","2026-05-15 10:00:00","2026-05-28","2026-05-29",1,2,1,165.88,"Boutique Manuel Antonio","Boutique","Manuel Antonio","Costa Rica","Jose","Martinez","jose.martinez@mail.com","60009768","Turista","Vacaciones","Doble","418","Walk In","Completada",165.88,165.88,"Convenio Empresa",42.71,"Restaurante"
887,"RES000887","2026-04-23 10:00:00","2026-07-10","2026-07-16",3,0,0,963.66,"Ecohotel Arenal","Ecohotel","La Fortuna","Costa Rica","Valeria","Torres","valeria.torres@mail.com","60007733","Grupo","Evento","Doble","322","Call Center","Completada",963.66,963.66,"Tarjeta Crédito",15.82,"Lavandería"
887,"RES000887","2026-04-23 10:00:00","2026-07-10","2026-07-16",3,0,0,963.66,"Ecohotel Arenal","Ecohotel","La Fortuna","Costa Rica","Valeria","Torres","valeria.torres@mail.com","60007733","Grupo","Evento","Doble","322","Call Center","Completada",963.66,963.66,"Tarjeta Crédito",42.71,"Restaurante"
887,"RES000887","2026-04-23 10:00:00","2026-07-10","2026-07-16",3,0,0,963.66,"Ecohotel Arenal","Ecohotel","La Fortuna","Costa Rica","Valeria","Torres","valeria.torres@mail.com","60007733","Grupo","Evento","Doble","322","Call Center","Completada",963.66,963.66,"Tarjeta Crédito",206.79,"Spa"
819,"RES000819","2026-02-14 10:00:00","2026-02-24","2026-02-28",3,0,0,348.04,"Ecohotel Arenal","Ecohotel","La Fortuna","Costa Rica","Gabriela","Ortiz","gabriela.ortiz@mail.com","60001221","Turista","Vacaciones","Sencilla","305","Convenio Empresa","Completada",348.04,348.04,"Convenio Empresa",63.28,"Traslado"
314,"RES000314","2024-12-09 10:00:00","2025-01-23","2025-01-26",2,0,0,870.78,"Resort Pacífico Jacó","Resort","Jacó","Costa Rica","Miguel","Mendoza","miguel.mendoza@mail.com","60003626","Familiar","Visita Familiar","Familiar","239","Walk In","Completada",870.78,870.78,"Convenio Empresa",85.43,"Tour"
314,"RES000314","2024-12-09 10:00:00","2025-01-23","2025-01-26",2,0,0,870.78,"Resort Pacífico Jacó","Resort","Jacó","Costa Rica","Miguel","Mendoza","miguel.mendoza@mail.com","60003626","Familiar","Visita Familiar","Familiar","239","Walk In","Completada",870.78,870.78,"Convenio Empresa",63.28,"Traslado"
314,"RES000314","2024-12-09 10:00:00","2025-01-23","2025-01-26",2,0,0,870.78,"Resort Pacífico Jacó","Resort","Jacó","Costa Rica","Miguel","Mendoza","miguel.mendoza@mail.com","60003626","Familiar","Visita Familiar","Familiar","239","Walk In","Completada",870.78,870.78,"Convenio Empresa",44.07,"Estacionamiento"
386,"RES000386","2025-05-20 10:00:00","2025-06-16","2025-06-19",3,0,0,423.75,"Resort Pacífico Jacó","Resort","Jacó","Costa Rica","Luis","Fernandez","luis.fernandez@mail.com","60000074","Turista","Vacaciones","Doble","217","Booking","Confirmada",423.75,169.50,"Tarjeta Crédito",94.92,"Tour"
817,"RES000817","2026-01-29 10:00:00","2026-02-06","2026-02-08",3,0,0,427.82,"Hotel Central San José","Urbano","San José","Costa Rica","Lucia","Silva","lucia.silva@mail.com","60000703","Grupo","Evento","Sencilla","105","Call Center","Completada",427.82,427.82,"Tarjeta Débito",206.79,"Spa"
817,"RES000817","2026-01-29 10:00:00","2026-02-06","2026-02-08",3,0,0,427.82,"Hotel Central San José","Urbano","San José","Costa Rica","Lucia","Silva","lucia.silva@mail.com","60000703","Grupo","Evento","Sencilla","105","Call Center","Completada",427.82,427.82,"Tarjeta Débito",85.43,"Tour"
426,"RES000426","2025-06-29 10:00:00","2025-09-04","2025-09-05",3,2,0,236.85,"Resort Pacífico Jacó","Resort","Jacó","Costa Rica","Luis","Fernandez","luis.fernandez@mail.com","60000434","Turista","Vacaciones","Suite","227","Walk In","Confirmada",236.85,94.74,"Transferencia",54.92,"Restaurante"
433,"RES000433","2025-06-29 10:00:00","2025-09-11","2025-09-13",2,0,0,626.81,"Hotel Central San José","Urbano","San José","Costa Rica","Camila","Rivera","camila.rivera@mail.com","60001147","Turista","Vacaciones","Suite","129","Walk In","Completada",626.81,626.81,"Convenio Empresa",186.11,"Spa"
433,"RES000433","2025-06-29 10:00:00","2025-09-11","2025-09-13",2,0,0,626.81,"Hotel Central San José","Urbano","San José","Costa Rica","Camila","Rivera","camila.rivera@mail.com","60001147","Turista","Vacaciones","Suite","129","Walk In","Completada",626.81,626.81,"Convenio Empresa",94.92,"Tour"
877,"RES000877","2026-03-30 10:00:00","2026-06-06","2026-06-08",3,0,0,507.37,"Hotel Central San José","Urbano","San José","Costa Rica","Lucia","Silva","lucia.silva@mail.com","60005143","Grupo","Evento","Doble","120","Expedia","Completada",507.37,507.37,"Efectivo",206.79,"Spa"
877,"RES000877","2026-03-30 10:00:00","2026-06-06","2026-06-08",3,0,0,507.37,"Hotel Central San José","Urbano","San José","Costa Rica","Lucia","Silva","lucia.silva@mail.com","60005143","Grupo","Evento","Doble","120","Expedia","Completada",507.37,507.37,"Efectivo",94.92,"Tour"
299,"RES000299","2026-08-13 10:00:00","2026-09-12","2026-09-18",3,0,0,1411.14,"Ecohotel Arenal","Ecohotel","La Fortuna","Costa Rica","Gabriela","Ortiz","gabriela.ortiz@mail.com","60000841","Turista","Vacaciones","Suite","335","Call Center","Completada",1411.14,1411.14,"Transferencia",15.82,"Lavandería"
299,"RES000299","2026-08-13 10:00:00","2026-09-12","2026-09-18",3,0,0,1411.14,"Ecohotel Arenal","Ecohotel","La Fortuna","Costa Rica","Gabriela","Ortiz","gabriela.ortiz@mail.com","60000841","Turista","Vacaciones","Suite","335","Call Center","Completada",1411.14,1411.14,"Transferencia",42.71,"Restaurante"
299,"RES000299","2026-08-13 10:00:00","2026-09-12","2026-09-18",3,0,0,1411.14,"Ecohotel Arenal","Ecohotel","La Fortuna","Costa Rica","Gabriela","Ortiz","gabriela.ortiz@mail.com","60000841","Turista","Vacaciones","Suite","335","Call Center","Completada",1411.14,1411.14,"Transferencia",206.79,"Spa"
169,"RES000169","2025-09-23 10:00:00","2025-12-12","2025-12-14",3,0,0,437.31,"Hotel Central San José","Urbano","San José","Costa Rica","Maria","Lopez","maria.lopez@mail.com","60000471","Turista","Vacaciones","Sencilla","103","Booking","Completada",437.31,437.31,"Tarjeta Débito",206.79,"Spa"
169,"RES000169","2025-09-23 10:00:00","2025-12-12","2025-12-14",3,0,0,437.31,"Hotel Central San José","Urbano","San José","Costa Rica","Maria","Lopez","maria.lopez@mail.com","60000471","Turista","Vacaciones","Sencilla","103","Booking","Completada",437.31,437.31,"Tarjeta Débito",94.92,"Tour"
92,"RES000092","2025-07-29 10:00:00","2025-08-01","2025-08-04",1,1,0,598.90,"Boutique Manuel Antonio","Boutique","Manuel Antonio","Costa Rica","Jose","Martinez","jose.martinez@mail.com","60001628","Turista","Vacaciones","Doble","423","Booking","Completada",598.90,598.90,"Tarjeta Crédito",88.14,"Tour"
92,"RES000092","2025-07-29 10:00:00","2025-08-01","2025-08-04",1,1,0,598.90,"Boutique Manuel Antonio","Boutique","Manuel Antonio","Costa Rica","Jose","Martinez","jose.martinez@mail.com","60001628","Turista","Vacaciones","Doble","423","Booking","Completada",598.90,598.90,"Tarjeta Crédito",76.84,"Traslado"
92,"RES000092","2025-07-29 10:00:00","2025-08-01","2025-08-04",1,1,0,598.90,"Boutique Manuel Antonio","Boutique","Manuel Antonio","Costa Rica","Jose","Martinez","jose.martinez@mail.com","60001628","Turista","Vacaciones","Doble","423","Booking","Completada",598.90,598.90,"Tarjeta Crédito",64.41,"Estacionamiento"
605,"RES000605","2026-06-16 10:00:00","2026-08-21","2026-08-27",2,0,0,1008.07,"Hotel Central San José","Urbano","San José","Costa Rica","Paula","Vargas","paula.vargas@mail.com","60001295","Corporativo","Negocios","Suite","132","Web Directa","Confirmada",1008.07,403.23,"Tarjeta Crédito",22.60,"Lavandería"
345,"RES000345","2025-01-02 10:00:00","2025-03-19","2025-03-23",2,0,0,307.36,"Hotel Central San José","Urbano","San José","Costa Rica","Paula","Vargas","paula.vargas@mail.com","60000555","Corporativo","Negocios","Sencilla","107","Expedia","Confirmada",307.36,122.94,"Transferencia",76.84,"Traslado"
660,"RES000660","2025-03-19 10:00:00","2025-04-19","2025-04-20",1,2,1,119.50,"Boutique Manuel Antonio","Boutique","Manuel Antonio","Costa Rica","Carlos","Rodriguez","carlos.rodriguez@mail.com","60004440","Turista","Vacaciones","Sencilla","405","Expedia","Completada",119.50,119.50,"Tarjeta Débito",47.46,"Restaurante"
437,"RES000437","2025-07-03 10:00:00","2025-09-19","2025-09-25",3,0,0,1307.41,"Hotel Central San José","Urbano","San José","Costa Rica","Lucia","Silva","lucia.silva@mail.com","60002183","Grupo","Evento","Suite","130","Web Directa","Completada",1307.41,1307.41,"Transferencia",22.60,"Lavandería"
437,"RES000437","2025-07-03 10:00:00","2025-09-19","2025-09-25",3,0,0,1307.41,"Hotel Central San José","Urbano","San José","Costa Rica","Lucia","Silva","lucia.silva@mail.com","60002183","Grupo","Evento","Suite","130","Web Directa","Completada",1307.41,1307.41,"Transferencia",61.02,"Restaurante"
437,"RES000437","2025-07-03 10:00:00","2025-09-19","2025-09-25",3,0,0,1307.41,"Hotel Central San José","Urbano","San José","Costa Rica","Lucia","Silva","lucia.silva@mail.com","60002183","Grupo","Evento","Suite","130","Web Directa","Completada",1307.41,1307.41,"Transferencia",186.45,"Spa"
236,"RES000236","2026-03-20 10:00:00","2026-05-16","2026-05-19",3,1,0,591.22,"Boutique Manuel Antonio","Boutique","Manuel Antonio","Costa Rica","Fernando","Morales","fernando.morales@mail.com","60005624","Turista","Vacaciones","Doble","419","Call Center","Completada",591.22,591.22,"Tarjeta Débito",88.14,"Tour"
236,"RES000236","2026-03-20 10:00:00","2026-05-16","2026-05-19",3,1,0,591.22,"Boutique Manuel Antonio","Boutique","Manuel Antonio","Costa Rica","Fernando","Morales","fernando.morales@mail.com","60005624","Turista","Vacaciones","Doble","419","Call Center","Completada",591.22,591.22,"Tarjeta Débito",69.16,"Traslado"
236,"RES000236","2026-03-20 10:00:00","2026-05-16","2026-05-19",3,1,0,591.22,"Boutique Manuel Antonio","Boutique","Manuel Antonio","Costa Rica","Fernando","Morales","fernando.morales@mail.com","60005624","Turista","Vacaciones","Doble","419","Call Center","Completada",591.22,591.22,"Tarjeta Débito",64.41,"Estacionamiento"
197,"RES000197","2026-01-19 10:00:00","2026-02-06","2026-02-12",3,0,0,676.87,"Hotel Central San José","Urbano","San José","Costa Rica","Lucia","Silva","lucia.silva@mail.com","60006623","Grupo","Evento","Sencilla","110","Booking","Completada",676.87,676.87,"Tarjeta Crédito",22.60,"Lavandería"
197,"RES000197","2026-01-19 10:00:00","2026-02-06","2026-02-12",3,0,0,676.87,"Hotel Central San José","Urbano","San José","Costa Rica","Lucia","Silva","lucia.silva@mail.com","60006623","Grupo","Evento","Sencilla","110","Booking","Completada",676.87,676.87,"Tarjeta Crédito",61.02,"Restaurante"
197,"RES000197","2026-01-19 10:00:00","2026-02-06","2026-02-12",3,0,0,676.87,"Hotel Central San José","Urbano","San José","Costa Rica","Lucia","Silva","lucia.silva@mail.com","60006623","Grupo","Evento","Sencilla","110","Booking","Completada",676.87,676.87,"Tarjeta Crédito",186.45,"Spa"
135,"RES000135","2025-09-03 10:00:00","2025-10-19","2025-10-23",2,0,0,712.58,"Ecohotel Arenal","Ecohotel","La Fortuna","Costa Rica","Laura","Hernandez","laura.hernandez@mail.com","60001665","Corporativo","Negocios","Suite","334","Expedia","Completada",712.58,712.58,"Tarjeta Crédito",63.28,"Traslado"
493,"RES000493","2025-11-26 10:00:00","2026-01-09","2026-01-11",2,0,0,437.31,"Hotel Central San José","Urbano","San José","Costa Rica","Camila","Rivera","camila.rivera@mail.com","60005587","Turista","Vacaciones","Sencilla","104","Web Directa","Completada",437.31,437.31,"Tarjeta Débito",206.79,"Spa"
493,"RES000493","2025-11-26 10:00:00","2026-01-09","2026-01-11",2,0,0,437.31,"Hotel Central San José","Urbano","San José","Costa Rica","Camila","Rivera","camila.rivera@mail.com","60005587","Turista","Vacaciones","Sencilla","104","Web Directa","Completada",437.31,437.31,"Tarjeta Débito",94.92,"Tour"
707,"RES000707","2025-04-28 10:00:00","2025-07-15","2025-07-21",3,0,0,968.41,"Ecohotel Arenal","Ecohotel","La Fortuna","Costa Rica","Valeria","Torres","valeria.torres@mail.com","60005513","Grupo","Evento","Doble","317","Convenio Empresa","Completada",968.41,968.41,"Tarjeta Débito",15.82,"Lavandería"
707,"RES000707","2025-04-28 10:00:00","2025-07-15","2025-07-21",3,0,0,968.41,"Ecohotel Arenal","Ecohotel","La Fortuna","Costa Rica","Valeria","Torres","valeria.torres@mail.com","60005513","Grupo","Evento","Doble","317","Convenio Empresa","Completada",968.41,968.41,"Tarjeta Débito",47.46,"Restaurante"
707,"RES000707","2025-04-28 10:00:00","2025-07-15","2025-07-21",3,0,0,968.41,"Ecohotel Arenal","Ecohotel","La Fortuna","Costa Rica","Valeria","Torres","valeria.torres@mail.com","60005513","Grupo","Evento","Doble","317","Convenio Empresa","Completada",968.41,968.41,"Tarjeta Débito",206.79,"Spa"
454,"RES000454","2025-10-25 10:00:00","2025-10-30","2025-11-04",2,0,0,983.44,"Resort Pacífico Jacó","Resort","Jacó","Costa Rica","Miguel","Mendoza","miguel.mendoza@mail.com","60006586","Familiar","Visita Familiar","Suite","234","Walk In","Completada",983.44,983.44,"Tarjeta Crédito",57.97,"Estacionamiento"
454,"RES000454","2025-10-25 10:00:00","2025-10-30","2025-11-04",2,0,0,983.44,"Resort Pacífico Jacó","Resort","Jacó","Costa Rica","Miguel","Mendoza","miguel.mendoza@mail.com","60006586","Familiar","Visita Familiar","Suite","234","Walk In","Completada",983.44,983.44,"Tarjeta Crédito",15.82,"Lavandería"
665,"RES000665","2025-03-03 10:00:00","2025-04-08","2025-04-14",2,0,0,409.06,"Hotel Central San José","Urbano","San José","Costa Rica","Paula","Vargas","paula.vargas@mail.com","60005735","Corporativo","Negocios","Sencilla","107","Convenio Empresa","Confirmada",409.06,163.62,"Convenio Empresa",22.60,"Lavandería"
759,"RES000759","2025-09-17 10:00:00","2025-10-27","2025-10-31",3,0,0,827.16,"Ecohotel Arenal","Ecohotel","La Fortuna","Costa Rica","Gabriela","Ortiz","gabriela.ortiz@mail.com","60007881","Turista","Vacaciones","Suite","330","Web Directa","Completada",827.16,827.16,"Tarjeta Crédito",63.28,"Traslado"
879,"RES000879","2026-04-15 10:00:00","2026-06-24","2026-06-28",3,0,0,528.84,"Ecohotel Arenal","Ecohotel","La Fortuna","Costa Rica","Gabriela","Ortiz","gabriela.ortiz@mail.com","60005661","Turista","Vacaciones","Doble","320","Agencia Mayorista","Completada",528.84,528.84,"Tarjeta Débito",63.28,"Traslado"
227,"RES000227","2026-03-04 10:00:00","2026-04-21","2026-04-27",3,0,0,968.41,"Ecohotel Arenal","Ecohotel","La Fortuna","Costa Rica","Valeria","Torres","valeria.torres@mail.com","60003293","Grupo","Evento","Doble","317","Web Directa","Completada",968.41,968.41,"Transferencia",15.82,"Lavandería"
227,"RES000227","2026-03-04 10:00:00","2026-04-21","2026-04-27",3,0,0,968.41,"Ecohotel Arenal","Ecohotel","La Fortuna","Costa Rica","Valeria","Torres","valeria.torres@mail.com","60003293","Grupo","Evento","Doble","317","Web Directa","Completada",968.41,968.41,"Transferencia",47.46,"Restaurante"
227,"RES000227","2026-03-04 10:00:00","2026-04-21","2026-04-27",3,0,0,968.41,"Ecohotel Arenal","Ecohotel","La Fortuna","Costa Rica","Valeria","Torres","valeria.torres@mail.com","60003293","Grupo","Evento","Doble","317","Web Directa","Completada",968.41,968.41,"Transferencia",206.79,"Spa"
500,"RES000500","2025-12-24 10:00:00","2026-02-13","2026-02-16",1,1,0,470.93,"Boutique Manuel Antonio","Boutique","Manuel Antonio","Costa Rica","Carlos","Rodriguez","carlos.rodriguez@mail.com","60007400","Turista","Vacaciones","Sencilla","405","Web Directa","Completada",470.93,470.93,"Convenio Empresa",88.14,"Tour"
500,"RES000500","2025-12-24 10:00:00","2026-02-13","2026-02-16",1,1,0,470.93,"Boutique Manuel Antonio","Boutique","Manuel Antonio","Costa Rica","Carlos","Rodriguez","carlos.rodriguez@mail.com","60007400","Turista","Vacaciones","Sencilla","405","Web Directa","Completada",470.93,470.93,"Convenio Empresa",76.84,"Traslado"
500,"RES000500","2025-12-24 10:00:00","2026-02-13","2026-02-16",1,1,0,470.93,"Boutique Manuel Antonio","Boutique","Manuel Antonio","Costa Rica","Carlos","Rodriguez","carlos.rodriguez@mail.com","60007400","Turista","Vacaciones","Sencilla","405","Web Directa","Completada",470.93,470.93,"Convenio Empresa",64.41,"Estacionamiento"
311,"RES000311","2024-12-13 10:00:00","2025-01-24","2025-01-30",1,0,0,1693.87,"Ecohotel Arenal","Ecohotel","La Fortuna","Costa Rica","Elena","Navarro","elena.navarro@mail.com","60002849","Familiar","Visita Familiar","Familiar","338","Web Directa","Completada",1693.87,1693.87,"Tarjeta Crédito",15.82,"Lavandería"
311,"RES000311","2024-12-13 10:00:00","2025-01-24","2025-01-30",1,0,0,1693.87,"Ecohotel Arenal","Ecohotel","La Fortuna","Costa Rica","Elena","Navarro","elena.navarro@mail.com","60002849","Familiar","Visita Familiar","Familiar","338","Web Directa","Completada",1693.87,1693.87,"Tarjeta Crédito",47.46,"Restaurante"
311,"RES000311","2024-12-13 10:00:00","2025-01-24","2025-01-30",1,0,0,1693.87,"Ecohotel Arenal","Ecohotel","La Fortuna","Costa Rica","Elena","Navarro","elena.navarro@mail.com","60002849","Familiar","Visita Familiar","Familiar","338","Web Directa","Completada",1693.87,1693.87,"Tarjeta Crédito",206.79,"Spa"
73,"RES000073","2025-03-21 10:00:00","2025-06-03","2025-06-05",2,0,0,507.37,"Hotel Central San José","Urbano","San José","Costa Rica","Camila","Rivera","camila.rivera@mail.com","60007807","Turista","Vacaciones","Doble","119","Web Directa","Completada",507.37,507.37,"Tarjeta Crédito",206.79,"Spa"
73,"RES000073","2025-03-21 10:00:00","2025-06-03","2025-06-05",2,0,0,507.37,"Hotel Central San José","Urbano","San José","Costa Rica","Camila","Rivera","camila.rivera@mail.com","60007807","Turista","Vacaciones","Doble","119","Web Directa","Completada",507.37,507.37,"Tarjeta Crédito",94.92,"Tour"
875,"RES000875","2026-04-11 10:00:00","2026-06-16","2026-06-22",2,0,0,933.49,"Ecohotel Arenal","Ecohotel","La Fortuna","Costa Rica","Laura","Hernandez","laura.hernandez@mail.com","60004625","Corporativo","Negocios","Doble","319","Convenio Empresa","Completada",933.49,933.49,"Transferencia",15.82,"Lavandería"
875,"RES000875","2026-04-11 10:00:00","2026-06-16","2026-06-22",2,0,0,933.49,"Ecohotel Arenal","Ecohotel","La Fortuna","Costa Rica","Laura","Hernandez","laura.hernandez@mail.com","60004625","Corporativo","Negocios","Doble","319","Convenio Empresa","Completada",933.49,933.49,"Transferencia",47.46,"Restaurante"
875,"RES000875","2026-04-11 10:00:00","2026-06-16","2026-06-22",2,0,0,933.49,"Ecohotel Arenal","Ecohotel","La Fortuna","Costa Rica","Laura","Hernandez","laura.hernandez@mail.com","60004625","Corporativo","Negocios","Doble","319","Convenio Empresa","Completada",933.49,933.49,"Transferencia",206.79,"Spa"
239,"RES000239","2026-03-16 10:00:00","2026-05-15","2026-05-21",3,0,0,968.41,"Ecohotel Arenal","Ecohotel","La Fortuna","Costa Rica","Gabriela","Ortiz","gabriela.ortiz@mail.com","60006401","Turista","Vacaciones","Doble","320","Booking","Completada",968.41,968.41,"Efectivo",15.82,"Lavandería"
239,"RES000239","2026-03-16 10:00:00","2026-05-15","2026-05-21",3,0,0,968.41,"Ecohotel Arenal","Ecohotel","La Fortuna","Costa Rica","Gabriela","Ortiz","gabriela.ortiz@mail.com","60006401","Turista","Vacaciones","Doble","320","Booking","Completada",968.41,968.41,"Efectivo",47.46,"Restaurante"
239,"RES000239","2026-03-16 10:00:00","2026-05-15","2026-05-21",3,0,0,968.41,"Ecohotel Arenal","Ecohotel","La Fortuna","Costa Rica","Gabriela","Ortiz","gabriela.ortiz@mail.com","60006401","Turista","Vacaciones","Doble","320","Booking","Completada",968.41,968.41,"Efectivo",206.79,"Spa"
420,"RES000420","2025-07-07 10:00:00","2025-09-06","2025-09-07",1,2,1,152.15,"Boutique Manuel Antonio","Boutique","Manuel Antonio","Costa Rica","Carlos","Rodriguez","carlos.rodriguez@mail.com","60008880","Turista","Vacaciones","Doble","425","Convenio Empresa","Completada",152.15,152.15,"Efectivo",47.46,"Restaurante"
845,"RES000845","2026-02-26 10:00:00","2026-04-03","2026-04-09",2,0,0,608.73,"Hotel Central San José","Urbano","San José","Costa Rica","Paula","Vargas","paula.vargas@mail.com","60007955","Corporativo","Negocios","Doble","112","Call Center","Confirmada",608.73,243.49,"Transferencia",22.60,"Lavandería"
755,"RES000755","2025-09-13 10:00:00","2025-10-19","2025-10-25",2,0,0,1357.02,"Ecohotel Arenal","Ecohotel","La Fortuna","Costa Rica","Laura","Hernandez","laura.hernandez@mail.com","60006845","Corporativo","Negocios","Suite","329","Walk In","Completada",1357.02,1357.02,"Tarjeta Débito",14.24,"Lavandería"
755,"RES000755","2025-09-13 10:00:00","2025-10-19","2025-10-25",2,0,0,1357.02,"Ecohotel Arenal","Ecohotel","La Fortuna","Costa Rica","Laura","Hernandez","laura.hernandez@mail.com","60006845","Corporativo","Negocios","Suite","329","Walk In","Completada",1357.02,1357.02,"Tarjeta Débito",47.46,"Restaurante"
755,"RES000755","2025-09-13 10:00:00","2025-10-19","2025-10-25",2,0,0,1357.02,"Ecohotel Arenal","Ecohotel","La Fortuna","Costa Rica","Laura","Hernandez","laura.hernandez@mail.com","60006845","Corporativo","Negocios","Suite","329","Walk In","Completada",1357.02,1357.02,"Tarjeta Débito",206.79,"Spa"
196,"RES000196","2026-02-08 10:00:00","2026-02-25","2026-03-02",3,1,0,490.42,"Boutique Manuel Antonio","Boutique","Manuel Antonio","Costa Rica","Fernando","Morales","fernando.morales@mail.com","60006364","Turista","Vacaciones","Sencilla","409","Convenio Empresa","Completada",490.42,490.42,"Efectivo",44.07,"Estacionamiento"
196,"RES000196","2026-02-08 10:00:00","2026-02-25","2026-03-02",3,1,0,490.42,"Boutique Manuel Antonio","Boutique","Manuel Antonio","Costa Rica","Fernando","Morales","fernando.morales@mail.com","60006364","Turista","Vacaciones","Sencilla","409","Convenio Empresa","Completada",490.42,490.42,"Efectivo",22.60,"Lavandería"
291,"RES000291","2026-08-05 10:00:00","2026-08-27","2026-08-31",1,0,0,827.16,"Ecohotel Arenal","Ecohotel","La Fortuna","Costa Rica","Elena","Navarro","elena.navarro@mail.com","60008769","Familiar","Visita Familiar","Suite","333","Agencia Mayorista","Completada",827.16,827.16,"Efectivo",63.28,"Traslado"
15,"RES000015","2025-02-05 10:00:00","2025-02-21","2025-02-25",2,0,0,332.22,"Ecohotel Arenal","Ecohotel","La Fortuna","Costa Rica","Laura","Hernandez","laura.hernandez@mail.com","60003885","Corporativo","Negocios","Sencilla","304","Booking","Completada",332.22,332.22,"Efectivo",63.28,"Traslado"
859,"RES000859","2026-03-26 10:00:00","2026-05-15","2026-05-17",3,0,0,498.56,"Ecohotel Arenal","Ecohotel","La Fortuna","Costa Rica","Gabriela","Ortiz","gabriela.ortiz@mail.com","60000481","Turista","Vacaciones","Doble","315","Call Center","Completada",498.56,498.56,"Tarjeta Crédito",186.45,"Spa"
859,"RES000859","2026-03-26 10:00:00","2026-05-15","2026-05-17",3,0,0,498.56,"Ecohotel Arenal","Ecohotel","La Fortuna","Costa Rica","Gabriela","Ortiz","gabriela.ortiz@mail.com","60000481","Turista","Vacaciones","Doble","315","Call Center","Completada",498.56,498.56,"Tarjeta Crédito",79.33,"Tour"
767,"RES000767","2025-09-25 10:00:00","2025-11-12","2025-11-18",3,0,0,1395.21,"Ecohotel Arenal","Ecohotel","La Fortuna","Costa Rica","Valeria","Torres","valeria.torres@mail.com","60009953","Grupo","Evento","Suite","332","Agencia Mayorista","Completada",1395.21,1395.21,"Efectivo",15.82,"Lavandería"
767,"RES000767","2025-09-25 10:00:00","2025-11-12","2025-11-18",3,0,0,1395.21,"Ecohotel Arenal","Ecohotel","La Fortuna","Costa Rica","Valeria","Torres","valeria.torres@mail.com","60009953","Grupo","Evento","Suite","332","Agencia Mayorista","Completada",1395.21,1395.21,"Efectivo",47.46,"Restaurante"
767,"RES000767","2025-09-25 10:00:00","2025-11-12","2025-11-18",3,0,0,1395.21,"Ecohotel Arenal","Ecohotel","La Fortuna","Costa Rica","Valeria","Torres","valeria.torres@mail.com","60009953","Grupo","Evento","Suite","332","Agencia Mayorista","Completada",1395.21,1395.21,"Efectivo",186.11,"Spa"
691,"RES000691","2025-04-12 10:00:00","2025-06-13","2025-06-15",1,0,0,498.56,"Ecohotel Arenal","Ecohotel","La Fortuna","Costa Rica","Elena","Navarro","elena.navarro@mail.com","60001369","Familiar","Visita Familiar","Doble","313","Call Center","Completada",498.56,498.56,"Efectivo",186.45,"Spa"
691,"RES000691","2025-04-12 10:00:00","2025-06-13","2025-06-15",1,0,0,498.56,"Ecohotel Arenal","Ecohotel","La Fortuna","Costa Rica","Elena","Navarro","elena.navarro@mail.com","60001369","Familiar","Visita Familiar","Doble","313","Call Center","Completada",498.56,498.56,"Efectivo",79.33,"Tour"
468,"RES000468","2025-11-22 10:00:00","2025-12-11","2025-12-12",3,2,1,266.45,"Boutique Manuel Antonio","Boutique","Manuel Antonio","Costa Rica","Ricardo","Rojas","ricardo.rojas@mail.com","60000212","Corporativo","Negocios","Familiar","437","Walk In","Completada",266.45,266.45,"Tarjeta Crédito",42.71,"Restaurante"
697,"RES000697","2025-04-04 10:00:00","2025-06-11","2025-06-13",3,0,0,507.37,"Hotel Central San José","Urbano","San José","Costa Rica","Lucia","Silva","lucia.silva@mail.com","60002923","Grupo","Evento","Doble","115","Agencia Mayorista","Completada",507.37,507.37,"Tarjeta Crédito",206.79,"Spa"
697,"RES000697","2025-04-04 10:00:00","2025-06-11","2025-06-13",3,0,0,507.37,"Hotel Central San José","Urbano","San José","Costa Rica","Lucia","Silva","lucia.silva@mail.com","60002923","Grupo","Evento","Doble","115","Agencia Mayorista","Completada",507.37,507.37,"Tarjeta Crédito",94.92,"Tour"
251,"RES000251","2026-03-28 10:00:00","2026-06-08","2026-06-14",1,0,0,966.83,"Ecohotel Arenal","Ecohotel","La Fortuna","Costa Rica","Elena","Navarro","elena.navarro@mail.com","60009509","Familiar","Visita Familiar","Doble","323","Walk In","Completada",966.83,966.83,"Transferencia",14.24,"Lavandería"
251,"RES000251","2026-03-28 10:00:00","2026-06-08","2026-06-14",1,0,0,966.83,"Ecohotel Arenal","Ecohotel","La Fortuna","Costa Rica","Elena","Navarro","elena.navarro@mail.com","60009509","Familiar","Visita Familiar","Doble","323","Walk In","Completada",966.83,966.83,"Transferencia",47.46,"Restaurante"
251,"RES000251","2026-03-28 10:00:00","2026-06-08","2026-06-14",1,0,0,966.83,"Ecohotel Arenal","Ecohotel","La Fortuna","Costa Rica","Elena","Navarro","elena.navarro@mail.com","60009509","Familiar","Visita Familiar","Doble","323","Walk In","Completada",966.83,966.83,"Transferencia",206.79,"Spa"
705,"RES000705","2025-04-12 10:00:00","2025-06-27","2025-07-01",2,0,0,426.46,"Hotel Central San José","Urbano","San José","Costa Rica","Paula","Vargas","paula.vargas@mail.com","60004995","Corporativo","Negocios","Doble","117","Call Center","Confirmada",426.46,170.58,"Tarjeta Crédito",76.84,"Traslado"
171,"RES000171","2025-10-09 10:00:00","2025-12-30","2026-01-03",1,0,0,348.04,"Ecohotel Arenal","Ecohotel","La Fortuna","Costa Rica","Elena","Navarro","elena.navarro@mail.com","60000989","Familiar","Visita Familiar","Sencilla","303","Web Directa","Completada",348.04,348.04,"Convenio Empresa",63.28,"Traslado"
397,"RES000397","2025-05-24 10:00:00","2025-07-01","2025-07-03",3,0,0,497.88,"Hotel Central San José","Urbano","San José","Costa Rica","Lucia","Silva","lucia.silva@mail.com","60002923","Grupo","Evento","Doble","120","Call Center","Completada",497.88,497.88,"Tarjeta Crédito",206.79,"Spa"
397,"RES000397","2025-05-24 10:00:00","2025-07-01","2025-07-03",3,0,0,497.88,"Hotel Central San José","Urbano","San José","Costa Rica","Lucia","Silva","lucia.silva@mail.com","60002923","Grupo","Evento","Doble","120","Call Center","Completada",497.88,497.88,"Tarjeta Crédito",85.43,"Tour"
427,"RES000427","2025-07-07 10:00:00","2025-09-13","2025-09-15",3,0,0,656.53,"Ecohotel Arenal","Ecohotel","La Fortuna","Costa Rica","Valeria","Torres","valeria.torres@mail.com","60000693","Grupo","Evento","Suite","327","Convenio Empresa","Completada",656.53,656.53,"Transferencia",186.45,"Spa"
427,"RES000427","2025-07-07 10:00:00","2025-09-13","2025-09-15",3,0,0,656.53,"Ecohotel Arenal","Ecohotel","La Fortuna","Costa Rica","Valeria","Torres","valeria.torres@mail.com","60000693","Grupo","Evento","Suite","327","Convenio Empresa","Completada",656.53,656.53,"Transferencia",88.14,"Tour"
786,"RES000786","2025-10-07 10:00:00","2025-12-13","2025-12-14",3,2,0,287.02,"Resort Pacífico Jacó","Resort","Jacó","Costa Rica","Luis","Fernandez","luis.fernandez@mail.com","60003774","Turista","Vacaciones","Familiar","237","Expedia","Confirmada",287.02,114.81,"Tarjeta Crédito",61.02,"Restaurante"
347,"RES000347","2025-01-18 10:00:00","2025-04-06","2025-04-12",3,0,0,723.99,"Ecohotel Arenal","Ecohotel","La Fortuna","Costa Rica","Valeria","Torres","valeria.torres@mail.com","60001073","Grupo","Evento","Sencilla","307","Agencia Mayorista","Completada",723.99,723.99,"Convenio Empresa",15.82,"Lavandería"
347,"RES000347","2025-01-18 10:00:00","2025-04-06","2025-04-12",3,0,0,723.99,"Ecohotel Arenal","Ecohotel","La Fortuna","Costa Rica","Valeria","Torres","valeria.torres@mail.com","60001073","Grupo","Evento","Sencilla","307","Agencia Mayorista","Completada",723.99,723.99,"Convenio Empresa",47.46,"Restaurante"
347,"RES000347","2025-01-18 10:00:00","2025-04-06","2025-04-12",3,0,0,723.99,"Ecohotel Arenal","Ecohotel","La Fortuna","Costa Rica","Valeria","Torres","valeria.torres@mail.com","60001073","Grupo","Evento","Sencilla","307","Agencia Mayorista","Completada",723.99,723.99,"Convenio Empresa",186.11,"Spa"
179,"RES000179","2025-10-17 10:00:00","2026-01-15","2026-01-21",3,0,0,723.99,"Ecohotel Arenal","Ecohotel","La Fortuna","Costa Rica","Gabriela","Ortiz","gabriela.ortiz@mail.com","60001961","Turista","Vacaciones","Sencilla","305","Agencia Mayorista","Completada",723.99,723.99,"Tarjeta Débito",15.82,"Lavandería"
179,"RES000179","2025-10-17 10:00:00","2026-01-15","2026-01-21",3,0,0,723.99,"Ecohotel Arenal","Ecohotel","La Fortuna","Costa Rica","Gabriela","Ortiz","gabriela.ortiz@mail.com","60001961","Turista","Vacaciones","Sencilla","305","Agencia Mayorista","Completada",723.99,723.99,"Tarjeta Débito",47.46,"Restaurante"
179,"RES000179","2025-10-17 10:00:00","2026-01-15","2026-01-21",3,0,0,723.99,"Ecohotel Arenal","Ecohotel","La Fortuna","Costa Rica","Gabriela","Ortiz","gabriela.ortiz@mail.com","60001961","Turista","Vacaciones","Sencilla","305","Agencia Mayorista","Completada",723.99,723.99,"Tarjeta Débito",186.11,"Spa"
636,"RES000636","2025-02-23 10:00:00","2025-03-02","2025-03-03",3,2,1,291.31,"Boutique Manuel Antonio","Boutique","Manuel Antonio","Costa Rica","Fernando","Morales","fernando.morales@mail.com","60009324","Turista","Vacaciones","Familiar","439","Walk In","Completada",291.31,291.31,"Tarjeta Débito",42.71,"Restaurante"
105,"RES000105","2025-07-21 10:00:00","2025-08-06","2025-08-10",2,0,0,664.67,"Hotel Central San José","Urbano","San José","Costa Rica","Paula","Vargas","paula.vargas@mail.com","60004995","Corporativo","Negocios","Suite","127","Convenio Empresa","Confirmada",664.67,265.87,"Tarjeta Crédito",76.84,"Traslado"
445,"RES000445","2025-07-11 10:00:00","2025-10-05","2025-10-07",2,0,0,535.28,"Hotel Central San José","Urbano","San José","Costa Rica","Paula","Vargas","paula.vargas@mail.com","60004255","Corporativo","Negocios","Suite","132","Agencia Mayorista","Confirmada",535.28,214.11,"Transferencia",206.79,"Spa"
866,"RES000866","2026-03-26 10:00:00","2026-05-22","2026-05-25",3,0,0,423.75,"Resort Pacífico Jacó","Resort","Jacó","Costa Rica","Luis","Fernandez","luis.fernandez@mail.com","60002294","Turista","Vacaciones","Doble","217","Call Center","Confirmada",423.75,169.50,"Efectivo",94.92,"Tour"
889,"RES000889","2026-04-11 10:00:00","2026-06-30","2026-07-02",3,0,0,507.37,"Hotel Central San José","Urbano","San José","Costa Rica","Maria","Lopez","maria.lopez@mail.com","60008251","Turista","Vacaciones","Doble","123","Convenio Empresa","Completada",507.37,507.37,"Transferencia",206.79,"Spa"
889,"RES000889","2026-04-11 10:00:00","2026-06-30","2026-07-02",3,0,0,507.37,"Hotel Central San José","Urbano","San José","Costa Rica","Maria","Lopez","maria.lopez@mail.com","60008251","Turista","Vacaciones","Doble","123","Convenio Empresa","Completada",507.37,507.37,"Transferencia",94.92,"Tour"
776,"RES000776","2025-10-11 10:00:00","2025-12-07","2025-12-10",3,1,0,820.61,"Boutique Manuel Antonio","Boutique","Manuel Antonio","Costa Rica","Fernando","Morales","fernando.morales@mail.com","60001184","Turista","Vacaciones","Suite","434","Walk In","Completada",820.61,820.61,"Convenio Empresa",79.33,"Tour"
776,"RES000776","2025-10-11 10:00:00","2025-12-07","2025-12-10",3,1,0,820.61,"Boutique Manuel Antonio","Boutique","Manuel Antonio","Costa Rica","Fernando","Morales","fernando.morales@mail.com","60001184","Turista","Vacaciones","Suite","434","Walk In","Completada",820.61,820.61,"Convenio Empresa",76.84,"Traslado"
776,"RES000776","2025-10-11 10:00:00","2025-12-07","2025-12-10",3,1,0,820.61,"Boutique Manuel Antonio","Boutique","Manuel Antonio","Costa Rica","Fernando","Morales","fernando.morales@mail.com","60001184","Turista","Vacaciones","Suite","434","Walk In","Completada",820.61,820.61,"Convenio Empresa",64.41,"Estacionamiento"
467,"RES000467","2025-11-14 10:00:00","2025-12-02","2025-12-08",3,0,0,1689.12,"Ecohotel Arenal","Ecohotel","La Fortuna","Costa Rica","Valeria","Torres","valeria.torres@mail.com","60009953","Grupo","Evento","Familiar","337","Call Center","Completada",1689.12,1689.12,"Efectivo",15.82,"Lavandería"
467,"RES000467","2025-11-14 10:00:00","2025-12-02","2025-12-08",3,0,0,1689.12,"Ecohotel Arenal","Ecohotel","La Fortuna","Costa Rica","Valeria","Torres","valeria.torres@mail.com","60009953","Grupo","Evento","Familiar","337","Call Center","Completada",1689.12,1689.12,"Efectivo",42.71,"Restaurante"
467,"RES000467","2025-11-14 10:00:00","2025-12-02","2025-12-08",3,0,0,1689.12,"Ecohotel Arenal","Ecohotel","La Fortuna","Costa Rica","Valeria","Torres","valeria.torres@mail.com","60009953","Grupo","Evento","Familiar","337","Call Center","Completada",1689.12,1689.12,"Efectivo",206.79,"Spa"
327,"RES000327","2024-12-29 10:00:00","2025-02-25","2025-03-01",3,0,0,379.68,"Ecohotel Arenal","Ecohotel","La Fortuna","Costa Rica","Valeria","Torres","valeria.torres@mail.com","60006993","Grupo","Evento","Sencilla","302","Call Center","Completada",379.68,379.68,"Transferencia",63.28,"Traslado"
253,"RES000253","2026-03-16 10:00:00","2026-05-29","2026-05-31",2,0,0,507.37,"Hotel Central San José","Urbano","San José","Costa Rica","Camila","Rivera","camila.rivera@mail.com","60000027","Turista","Vacaciones","Doble","124","Booking","Completada",507.37,507.37,"Efectivo",206.79,"Spa"
253,"RES000253","2026-03-16 10:00:00","2026-05-29","2026-05-31",2,0,0,507.37,"Hotel Central San José","Urbano","San José","Costa Rica","Camila","Rivera","camila.rivera@mail.com","60000027","Turista","Vacaciones","Doble","124","Booking","Completada",507.37,507.37,"Efectivo",94.92,"Tour"
692,"RES000692","2025-04-20 10:00:00","2025-06-22","2025-06-25",1,1,0,590.09,"Boutique Manuel Antonio","Boutique","Manuel Antonio","Costa Rica","Jose","Martinez","jose.martinez@mail.com","60001628","Turista","Vacaciones","Doble","413","Walk In","Completada",590.09,590.09,"Tarjeta Crédito",79.33,"Tour"
692,"RES000692","2025-04-20 10:00:00","2025-06-22","2025-06-25",1,1,0,590.09,"Boutique Manuel Antonio","Boutique","Manuel Antonio","Costa Rica","Jose","Martinez","jose.martinez@mail.com","60001628","Turista","Vacaciones","Doble","413","Walk In","Completada",590.09,590.09,"Tarjeta Crédito",76.84,"Traslado"
692,"RES000692","2025-04-20 10:00:00","2025-06-22","2025-06-25",1,1,0,590.09,"Boutique Manuel Antonio","Boutique","Manuel Antonio","Costa Rica","Jose","Martinez","jose.martinez@mail.com","60001628","Turista","Vacaciones","Doble","413","Walk In","Completada",590.09,590.09,"Tarjeta Crédito",64.41,"Estacionamiento"
14,"RES000014","2025-01-28 10:00:00","2025-02-12","2025-02-15",2,0,0,422.62,"Resort Pacífico Jacó","Resort","Jacó","Costa Rica","Miguel","Mendoza","miguel.mendoza@mail.com","60003626","Familiar","Visita Familiar","Sencilla","204","Convenio Empresa","Completada",422.62,422.62,"Convenio Empresa",94.92,"Tour"
14,"RES000014","2025-01-28 10:00:00","2025-02-12","2025-02-15",2,0,0,422.62,"Resort Pacífico Jacó","Resort","Jacó","Costa Rica","Miguel","Mendoza","miguel.mendoza@mail.com","60003626","Familiar","Visita Familiar","Sencilla","204","Convenio Empresa","Completada",422.62,422.62,"Convenio Empresa",63.28,"Traslado"
14,"RES000014","2025-01-28 10:00:00","2025-02-12","2025-02-15",2,0,0,422.62,"Resort Pacífico Jacó","Resort","Jacó","Costa Rica","Miguel","Mendoza","miguel.mendoza@mail.com","60003626","Familiar","Visita Familiar","Sencilla","204","Convenio Empresa","Completada",422.62,422.62,"Convenio Empresa",44.07,"Estacionamiento"
109,"RES000109","2025-07-25 10:00:00","2025-08-14","2025-08-16",3,0,0,647.49,"Hotel Central San José","Urbano","San José","Costa Rica","Maria","Lopez","maria.lopez@mail.com","60006031","Turista","Vacaciones","Suite","128","Agencia Mayorista","Completada",647.49,647.49,"Convenio Empresa",206.79,"Spa"
109,"RES000109","2025-07-25 10:00:00","2025-08-14","2025-08-16",3,0,0,647.49,"Hotel Central San José","Urbano","San José","Costa Rica","Maria","Lopez","maria.lopez@mail.com","60006031","Turista","Vacaciones","Suite","128","Agencia Mayorista","Completada",647.49,647.49,"Convenio Empresa",94.92,"Tour"
133,"RES000133","2025-08-18 10:00:00","2025-10-01","2025-10-03",2,0,0,647.49,"Hotel Central San José","Urbano","San José","Costa Rica","Camila","Rivera","camila.rivera@mail.com","60001147","Turista","Vacaciones","Suite","134","Convenio Empresa","Completada",647.49,647.49,"Convenio Empresa",206.79,"Spa"
133,"RES000133","2025-08-18 10:00:00","2025-10-01","2025-10-03",2,0,0,647.49,"Hotel Central San José","Urbano","San José","Costa Rica","Camila","Rivera","camila.rivera@mail.com","60001147","Turista","Vacaciones","Suite","134","Convenio Empresa","Completada",647.49,647.49,"Convenio Empresa",94.92,"Tour"
372,"RES000372","2025-05-20 10:00:00","2025-06-02","2025-06-03",1,2,1,170.63,"Boutique Manuel Antonio","Boutique","Manuel Antonio","Costa Rica","Jose","Martinez","jose.martinez@mail.com","60007548","Turista","Vacaciones","Doble","413","Booking","Completada",170.63,170.63,"Efectivo",47.46,"Restaurante"
339,"RES000339","2025-01-10 10:00:00","2025-03-21","2025-03-25",3,0,0,379.68,"Ecohotel Arenal","Ecohotel","La Fortuna","Costa Rica","Gabriela","Ortiz","gabriela.ortiz@mail.com","60000101","Turista","Vacaciones","Sencilla","305","Web Directa","Completada",379.68,379.68,"Efectivo",63.28,"Traslado"
600,"RES000600","2026-07-02 10:00:00","2026-09-01","2026-09-02",1,2,1,217.47,"Boutique Manuel Antonio","Boutique","Manuel Antonio","Costa Rica","Carlos","Rodriguez","carlos.rodriguez@mail.com","60001100","Turista","Vacaciones","Suite","430","Call Center","Completada",217.47,217.47,"Convenio Empresa",47.46,"Restaurante"
772,"RES000772","2025-10-07 10:00:00","2025-11-29","2025-12-04",1,1,0,1066.72,"Boutique Manuel Antonio","Boutique","Manuel Antonio","Costa Rica","Jose","Martinez","jose.martinez@mail.com","60000148","Turista","Vacaciones","Suite","433","Expedia","Completada",1066.72,1066.72,"Efectivo",44.07,"Estacionamiento"
772,"RES000772","2025-10-07 10:00:00","2025-11-29","2025-12-04",1,1,0,1066.72,"Boutique Manuel Antonio","Boutique","Manuel Antonio","Costa Rica","Jose","Martinez","jose.martinez@mail.com","60000148","Turista","Vacaciones","Suite","433","Expedia","Completada",1066.72,1066.72,"Efectivo",22.60,"Lavandería"
335,"RES000335","2025-01-06 10:00:00","2025-03-13","2025-03-19",2,0,0,719.36,"Ecohotel Arenal","Ecohotel","La Fortuna","Costa Rica","Laura","Hernandez","laura.hernandez@mail.com","60009065","Corporativo","Negocios","Sencilla","304","Walk In","Completada",719.36,719.36,"Tarjeta Crédito",14.24,"Lavandería"
335,"RES000335","2025-01-06 10:00:00","2025-03-13","2025-03-19",2,0,0,719.36,"Ecohotel Arenal","Ecohotel","La Fortuna","Costa Rica","Laura","Hernandez","laura.hernandez@mail.com","60009065","Corporativo","Negocios","Sencilla","304","Walk In","Completada",719.36,719.36,"Tarjeta Crédito",47.46,"Restaurante"
335,"RES000335","2025-01-06 10:00:00","2025-03-13","2025-03-19",2,0,0,719.36,"Ecohotel Arenal","Ecohotel","La Fortuna","Costa Rica","Laura","Hernandez","laura.hernandez@mail.com","60009065","Corporativo","Negocios","Sencilla","304","Walk In","Completada",719.36,719.36,"Tarjeta Crédito",206.79,"Spa"
591,"RES000591","2026-06-16 10:00:00","2026-08-07","2026-08-11",1,0,0,827.16,"Ecohotel Arenal","Ecohotel","La Fortuna","Costa Rica","Elena","Navarro","elena.navarro@mail.com","60008769","Familiar","Visita Familiar","Suite","328","Web Directa","Completada",827.16,827.16,"Efectivo",63.28,"Traslado"
808,"RES000808","2025-11-12 10:00:00","2026-02-09","2026-02-14",3,1,0,490.42,"Boutique Manuel Antonio","Boutique","Manuel Antonio","Costa Rica","Ricardo","Rojas","ricardo.rojas@mail.com","60009472","Corporativo","Negocios","Sencilla","402","Web Directa","Completada",490.42,490.42,"Transferencia",44.07,"Estacionamiento"
808,"RES000808","2025-11-12 10:00:00","2026-02-09","2026-02-14",3,1,0,490.42,"Boutique Manuel Antonio","Boutique","Manuel Antonio","Costa Rica","Ricardo","Rojas","ricardo.rojas@mail.com","60009472","Corporativo","Negocios","Sencilla","402","Web Directa","Completada",490.42,490.42,"Transferencia",22.60,"Lavandería"
7,"RES000007","2025-01-28 10:00:00","2025-02-05","2025-02-07",3,0,0,432.79,"Ecohotel Arenal","Ecohotel","La Fortuna","Costa Rica","Valeria","Torres","valeria.torres@mail.com","60001813","Grupo","Evento","Sencilla","302","Convenio Empresa","Completada",432.79,432.79,"Tarjeta Débito",186.45,"Spa"
7,"RES000007","2025-01-28 10:00:00","2025-02-05","2025-02-07",3,0,0,432.79,"Ecohotel Arenal","Ecohotel","La Fortuna","Costa Rica","Valeria","Torres","valeria.torres@mail.com","60001813","Grupo","Evento","Sencilla","302","Convenio Empresa","Completada",432.79,432.79,"Tarjeta Débito",88.14,"Tour"
757,"RES000757","2025-09-01 10:00:00","2025-10-09","2025-10-11",3,0,0,647.49,"Hotel Central San José","Urbano","San José","Costa Rica","Lucia","Silva","lucia.silva@mail.com","60007363","Grupo","Evento","Suite","130","Booking","Completada",647.49,647.49,"Convenio Empresa",206.79,"Spa"
757,"RES000757","2025-09-01 10:00:00","2025-10-09","2025-10-11",3,0,0,647.49,"Hotel Central San José","Urbano","San José","Costa Rica","Lucia","Silva","lucia.silva@mail.com","60007363","Grupo","Evento","Suite","130","Booking","Completada",647.49,647.49,"Convenio Empresa",94.92,"Tour"
771,"RES000771","2025-09-29 10:00:00","2025-11-20","2025-11-24",1,0,0,827.16,"Ecohotel Arenal","Ecohotel","La Fortuna","Costa Rica","Elena","Navarro","elena.navarro@mail.com","60000989","Familiar","Visita Familiar","Suite","333","Booking","Completada",827.16,827.16,"Convenio Empresa",63.28,"Traslado"
827,"RES000827","2026-02-22 10:00:00","2026-03-12","2026-03-18",3,0,0,744.67,"Ecohotel Arenal","Ecohotel","La Fortuna","Costa Rica","Valeria","Torres","valeria.torres@mail.com","60003293","Grupo","Evento","Sencilla","307","Booking","Completada",744.67,744.67,"Transferencia",15.82,"Lavandería"
827,"RES000827","2026-02-22 10:00:00","2026-03-12","2026-03-18",3,0,0,744.67,"Ecohotel Arenal","Ecohotel","La Fortuna","Costa Rica","Valeria","Torres","valeria.torres@mail.com","60003293","Grupo","Evento","Sencilla","307","Booking","Completada",744.67,744.67,"Transferencia",47.46,"Restaurante"
827,"RES000827","2026-02-22 10:00:00","2026-03-12","2026-03-18",3,0,0,744.67,"Ecohotel Arenal","Ecohotel","La Fortuna","Costa Rica","Valeria","Torres","valeria.torres@mail.com","60003293","Grupo","Evento","Sencilla","307","Booking","Completada",744.67,744.67,"Transferencia",206.79,"Spa"
254,"RES000254","2026-03-24 10:00:00","2026-06-07","2026-06-10",2,0,0,531.10,"Resort Pacífico Jacó","Resort","Jacó","Costa Rica","Miguel","Mendoza","miguel.mendoza@mail.com","60000286","Familiar","Visita Familiar","Doble","224","Expedia","Completada",531.10,531.10,"Tarjeta Crédito",94.92,"Tour"
254,"RES000254","2026-03-24 10:00:00","2026-06-07","2026-06-10",2,0,0,531.10,"Resort Pacífico Jacó","Resort","Jacó","Costa Rica","Miguel","Mendoza","miguel.mendoza@mail.com","60000286","Familiar","Visita Familiar","Doble","224","Expedia","Completada",531.10,531.10,"Tarjeta Crédito",63.28,"Traslado"
254,"RES000254","2026-03-24 10:00:00","2026-06-07","2026-06-10",2,0,0,531.10,"Resort Pacífico Jacó","Resort","Jacó","Costa Rica","Miguel","Mendoza","miguel.mendoza@mail.com","60000286","Familiar","Visita Familiar","Doble","224","Expedia","Completada",531.10,531.10,"Tarjeta Crédito",44.07,"Estacionamiento"
377,"RES000377","2025-05-04 10:00:00","2025-05-22","2025-05-28",3,0,0,884.79,"Hotel Central San José","Urbano","San José","Costa Rica","Lucia","Silva","lucia.silva@mail.com","60008843","Grupo","Evento","Doble","115","Walk In","Completada",884.79,884.79,"Efectivo",20.34,"Lavandería"
377,"RES000377","2025-05-04 10:00:00","2025-05-22","2025-05-28",3,0,0,884.79,"Hotel Central San José","Urbano","San José","Costa Rica","Lucia","Silva","lucia.silva@mail.com","60008843","Grupo","Evento","Doble","115","Walk In","Completada",884.79,884.79,"Efectivo",61.02,"Restaurante"
377,"RES000377","2025-05-04 10:00:00","2025-05-22","2025-05-28",3,0,0,884.79,"Hotel Central San José","Urbano","San José","Costa Rica","Lucia","Silva","lucia.silva@mail.com","60008843","Grupo","Evento","Doble","115","Walk In","Completada",884.79,884.79,"Efectivo",186.45,"Spa"
159,"RES000159","2025-09-27 10:00:00","2025-12-06","2025-12-10",3,0,0,1012.48,"Ecohotel Arenal","Ecohotel","La Fortuna","Costa Rica","Gabriela","Ortiz","gabriela.ortiz@mail.com","60007881","Turista","Vacaciones","Familiar","340","Call Center","Completada",1012.48,1012.48,"Tarjeta Crédito",63.28,"Traslado"
432,"RES000432","2025-07-19 10:00:00","2025-09-30","2025-10-01",1,2,1,227.47,"Boutique Manuel Antonio","Boutique","Manuel Antonio","Costa Rica","Jose","Martinez","jose.martinez@mail.com","60000888","Turista","Vacaciones","Suite","428","Call Center","Completada",227.47,227.47,"Transferencia",47.46,"Restaurante"
857,"RES000857","2026-03-10 10:00:00","2026-04-27","2026-05-03",3,0,0,887.05,"Hotel Central San José","Urbano","San José","Costa Rica","Lucia","Silva","lucia.silva@mail.com","60001063","Grupo","Evento","Doble","115","Web Directa","Completada",887.05,887.05,"Convenio Empresa",22.60,"Lavandería"
857,"RES000857","2026-03-10 10:00:00","2026-04-27","2026-05-03",3,0,0,887.05,"Hotel Central San José","Urbano","San José","Costa Rica","Lucia","Silva","lucia.silva@mail.com","60001063","Grupo","Evento","Doble","115","Web Directa","Completada",887.05,887.05,"Convenio Empresa",61.02,"Restaurante"
857,"RES000857","2026-03-10 10:00:00","2026-04-27","2026-05-03",3,0,0,887.05,"Hotel Central San José","Urbano","San José","Costa Rica","Lucia","Silva","lucia.silva@mail.com","60001063","Grupo","Evento","Doble","115","Web Directa","Completada",887.05,887.05,"Convenio Empresa",186.45,"Spa"
619,"RES000619","2024-11-01 10:00:00","2025-01-20","2025-01-22",3,0,0,656.53,"Ecohotel Arenal","Ecohotel","La Fortuna","Costa Rica","Gabriela","Ortiz","gabriela.ortiz@mail.com","60004921","Turista","Vacaciones","Suite","335","Web Directa","Completada",656.53,656.53,"Convenio Empresa",186.45,"Spa"
619,"RES000619","2024-11-01 10:00:00","2025-01-20","2025-01-22",3,0,0,656.53,"Ecohotel Arenal","Ecohotel","La Fortuna","Costa Rica","Gabriela","Ortiz","gabriela.ortiz@mail.com","60004921","Turista","Vacaciones","Suite","335","Web Directa","Completada",656.53,656.53,"Convenio Empresa",88.14,"Tour"
890,"RES000890","2026-04-19 10:00:00","2026-07-09","2026-07-12",1,0,0,514.66,"Resort Pacífico Jacó","Resort","Jacó","Costa Rica","Jorge","Flores","jorge.flores@mail.com","60008510","Turista","Vacaciones","Doble","223","Booking","Completada",514.66,514.66,"Convenio Empresa",94.92,"Tour"
890,"RES000890","2026-04-19 10:00:00","2026-07-09","2026-07-12",1,0,0,514.66,"Resort Pacífico Jacó","Resort","Jacó","Costa Rica","Jorge","Flores","jorge.flores@mail.com","60008510","Turista","Vacaciones","Doble","223","Booking","Completada",514.66,514.66,"Convenio Empresa",63.28,"Traslado"
890,"RES000890","2026-04-19 10:00:00","2026-07-09","2026-07-12",1,0,0,514.66,"Resort Pacífico Jacó","Resort","Jacó","Costa Rica","Jorge","Flores","jorge.flores@mail.com","60008510","Turista","Vacaciones","Doble","223","Booking","Completada",514.66,514.66,"Convenio Empresa",44.07,"Estacionamiento"
20,"RES000020","2025-02-17 10:00:00","2025-03-10","2025-03-13",1,1,0,462.12,"Boutique Manuel Antonio","Boutique","Manuel Antonio","Costa Rica","Carlos","Rodriguez","carlos.rodriguez@mail.com","60005180","Turista","Vacaciones","Sencilla","405","Walk In","Completada",462.12,462.12,"Efectivo",79.33,"Tour"
20,"RES000020","2025-02-17 10:00:00","2025-03-10","2025-03-13",1,1,0,462.12,"Boutique Manuel Antonio","Boutique","Manuel Antonio","Costa Rica","Carlos","Rodriguez","carlos.rodriguez@mail.com","60005180","Turista","Vacaciones","Sencilla","405","Walk In","Completada",462.12,462.12,"Efectivo",76.84,"Traslado"
20,"RES000020","2025-02-17 10:00:00","2025-03-10","2025-03-13",1,1,0,462.12,"Boutique Manuel Antonio","Boutique","Manuel Antonio","Costa Rica","Carlos","Rodriguez","carlos.rodriguez@mail.com","60005180","Turista","Vacaciones","Sencilla","405","Walk In","Completada",462.12,462.12,"Efectivo",64.41,"Estacionamiento"
319,"RES000319","2024-12-21 10:00:00","2025-02-09","2025-02-11",3,0,0,749.19,"Ecohotel Arenal","Ecohotel","La Fortuna","Costa Rica","Gabriela","Ortiz","gabriela.ortiz@mail.com","60004921","Turista","Vacaciones","Familiar","340","Agencia Mayorista","Completada",749.19,749.19,"Convenio Empresa",186.45,"Spa"
319,"RES000319","2024-12-21 10:00:00","2025-02-09","2025-02-11",3,0,0,749.19,"Ecohotel Arenal","Ecohotel","La Fortuna","Costa Rica","Gabriela","Ortiz","gabriela.ortiz@mail.com","60004921","Turista","Vacaciones","Familiar","340","Agencia Mayorista","Completada",749.19,749.19,"Convenio Empresa",88.14,"Tour"
76,"RES000076","2025-04-14 10:00:00","2025-06-30","2025-07-05",3,1,0,678.11,"Boutique Manuel Antonio","Boutique","Manuel Antonio","Costa Rica","Fernando","Morales","fernando.morales@mail.com","60008584","Turista","Vacaciones","Doble","419","Walk In","Completada",678.11,678.11,"Convenio Empresa",39.66,"Estacionamiento"
76,"RES000076","2025-04-14 10:00:00","2025-06-30","2025-07-05",3,1,0,678.11,"Boutique Manuel Antonio","Boutique","Manuel Antonio","Costa Rica","Fernando","Morales","fernando.morales@mail.com","60008584","Turista","Vacaciones","Doble","419","Walk In","Completada",678.11,678.11,"Convenio Empresa",22.60,"Lavandería"
517,"RES000517","2025-12-20 10:00:00","2026-02-26","2026-02-28",3,0,0,416.63,"Hotel Central San José","Urbano","San José","Costa Rica","Lucia","Silva","lucia.silva@mail.com","60000703","Grupo","Evento","Sencilla","110","Walk In","Completada",416.63,416.63,"Tarjeta Débito",186.11,"Spa"
517,"RES000517","2025-12-20 10:00:00","2026-02-26","2026-02-28",3,0,0,416.63,"Hotel Central San José","Urbano","San José","Costa Rica","Lucia","Silva","lucia.silva@mail.com","60000703","Grupo","Evento","Sencilla","110","Walk In","Completada",416.63,416.63,"Tarjeta Débito",94.92,"Tour"
129,"RES000129","2025-08-14 10:00:00","2025-09-23","2025-09-27",3,0,0,768.40,"Hotel Central San José","Urbano","San José","Costa Rica","Maria","Lopez","maria.lopez@mail.com","60000111","Turista","Vacaciones","Suite","133","Web Directa","Completada",768.40,768.40,"Efectivo",76.84,"Traslado"
789,"RES000789","2025-10-03 10:00:00","2025-12-12","2025-12-16",3,0,0,935.64,"Hotel Central San José","Urbano","San José","Costa Rica","Maria","Lopez","maria.lopez@mail.com","60004551","Turista","Vacaciones","Familiar","138","Call Center","Completada",935.64,935.64,"Transferencia",76.84,"Traslado"
346,"RES000346","2025-01-10 10:00:00","2025-03-28","2025-04-02",3,0,0,431.66,"Resort Pacífico Jacó","Resort","Jacó","Costa Rica","Luis","Fernandez","luis.fernandez@mail.com","60000814","Turista","Vacaciones","Sencilla","207","Web Directa","Confirmada",431.66,172.66,"Convenio Empresa",64.41,"Estacionamiento"
71,"RES000071","2025-04-02 10:00:00","2025-06-13","2025-06-19",1,0,0,968.41,"Ecohotel Arenal","Ecohotel","La Fortuna","Costa Rica","Elena","Navarro","elena.navarro@mail.com","60007289","Familiar","Visita Familiar","Doble","318","Booking","Completada",968.41,968.41,"Convenio Empresa",15.82,"Lavandería"
71,"RES000071","2025-04-02 10:00:00","2025-06-13","2025-06-19",1,0,0,968.41,"Ecohotel Arenal","Ecohotel","La Fortuna","Costa Rica","Elena","Navarro","elena.navarro@mail.com","60007289","Familiar","Visita Familiar","Doble","318","Booking","Completada",968.41,968.41,"Convenio Empresa",47.46,"Restaurante"
71,"RES000071","2025-04-02 10:00:00","2025-06-13","2025-06-19",1,0,0,968.41,"Ecohotel Arenal","Ecohotel","La Fortuna","Costa Rica","Elena","Navarro","elena.navarro@mail.com","60007289","Familiar","Visita Familiar","Doble","318","Booking","Completada",968.41,968.41,"Convenio Empresa",206.79,"Spa"
68,"RES000068","2025-04-06 10:00:00","2025-06-14","2025-06-17",3,1,0,591.22,"Boutique Manuel Antonio","Boutique","Manuel Antonio","Costa Rica","Ricardo","Rojas","ricardo.rojas@mail.com","60006512","Corporativo","Negocios","Doble","417","Call Center","Completada",591.22,591.22,"Tarjeta Crédito",88.14,"Tour"
68,"RES000068","2025-04-06 10:00:00","2025-06-14","2025-06-17",3,1,0,591.22,"Boutique Manuel Antonio","Boutique","Manuel Antonio","Costa Rica","Ricardo","Rojas","ricardo.rojas@mail.com","60006512","Corporativo","Negocios","Doble","417","Call Center","Completada",591.22,591.22,"Tarjeta Crédito",69.16,"Traslado"
68,"RES000068","2025-04-06 10:00:00","2025-06-14","2025-06-17",3,1,0,591.22,"Boutique Manuel Antonio","Boutique","Manuel Antonio","Costa Rica","Ricardo","Rojas","ricardo.rojas@mail.com","60006512","Corporativo","Negocios","Doble","417","Call Center","Completada",591.22,591.22,"Tarjeta Crédito",64.41,"Estacionamiento"
267,"RES000267","2026-04-13 10:00:00","2026-07-10","2026-07-14",3,0,0,827.16,"Ecohotel Arenal","Ecohotel","La Fortuna","Costa Rica","Valeria","Torres","valeria.torres@mail.com","60002553","Grupo","Evento","Suite","327","Booking","Completada",827.16,827.16,"Efectivo",63.28,"Traslado"
773,"RES000773","2025-09-17 10:00:00","2025-11-10","2025-11-16",2,0,0,1307.41,"Hotel Central San José","Urbano","San José","Costa Rica","Camila","Rivera","camila.rivera@mail.com","60000407","Turista","Vacaciones","Suite","134","Web Directa","Completada",1307.41,1307.41,"Tarjeta Crédito",22.60,"Lavandería"
773,"RES000773","2025-09-17 10:00:00","2025-11-10","2025-11-16",2,0,0,1307.41,"Hotel Central San José","Urbano","San José","Costa Rica","Camila","Rivera","camila.rivera@mail.com","60000407","Turista","Vacaciones","Suite","134","Web Directa","Completada",1307.41,1307.41,"Tarjeta Crédito",61.02,"Restaurante"
773,"RES000773","2025-09-17 10:00:00","2025-11-10","2025-11-16",2,0,0,1307.41,"Hotel Central San José","Urbano","San José","Costa Rica","Camila","Rivera","camila.rivera@mail.com","60000407","Turista","Vacaciones","Suite","134","Web Directa","Completada",1307.41,1307.41,"Tarjeta Crédito",186.45,"Spa"
80,"RES000080","2025-04-18 10:00:00","2025-07-08","2025-07-11",1,1,0,580.42,"Boutique Manuel Antonio","Boutique","Manuel Antonio","Costa Rica","Carlos","Rodriguez","carlos.rodriguez@mail.com","60009620","Turista","Vacaciones","Doble","420","Web Directa","Completada",580.42,580.42,"Transferencia",88.14,"Tour"
80,"RES000080","2025-04-18 10:00:00","2025-07-08","2025-07-11",1,1,0,580.42,"Boutique Manuel Antonio","Boutique","Manuel Antonio","Costa Rica","Carlos","Rodriguez","carlos.rodriguez@mail.com","60009620","Turista","Vacaciones","Doble","420","Web Directa","Completada",580.42,580.42,"Transferencia",76.84,"Traslado"
80,"RES000080","2025-04-18 10:00:00","2025-07-08","2025-07-11",1,1,0,580.42,"Boutique Manuel Antonio","Boutique","Manuel Antonio","Costa Rica","Carlos","Rodriguez","carlos.rodriguez@mail.com","60009620","Turista","Vacaciones","Doble","420","Web Directa","Completada",580.42,580.42,"Transferencia",64.41,"Estacionamiento"
146,"RES000146","2025-09-07 10:00:00","2025-11-03","2025-11-06",3,0,0,763.43,"Resort Pacífico Jacó","Resort","Jacó","Costa Rica","Luis","Fernandez","luis.fernandez@mail.com","60004514","Turista","Vacaciones","Familiar","237","Walk In","Confirmada",763.43,305.37,"Convenio Empresa",85.43,"Tour"
511,"RES000511","2025-12-28 10:00:00","2026-02-28","2026-03-02",1,0,0,432.79,"Ecohotel Arenal","Ecohotel","La Fortuna","Costa Rica","Elena","Navarro","elena.navarro@mail.com","60000249","Familiar","Visita Familiar","Sencilla","308","Convenio Empresa","Completada",432.79,432.79,"Tarjeta Crédito",186.45,"Spa"
511,"RES000511","2025-12-28 10:00:00","2026-02-28","2026-03-02",1,0,0,432.79,"Ecohotel Arenal","Ecohotel","La Fortuna","Costa Rica","Elena","Navarro","elena.navarro@mail.com","60000249","Familiar","Visita Familiar","Sencilla","308","Convenio Empresa","Completada",432.79,432.79,"Tarjeta Crédito",88.14,"Tour"
738,"RES000738","2025-08-20 10:00:00","2025-09-08","2025-09-09",3,2,0,159.67,"Resort Pacífico Jacó","Resort","Jacó","Costa Rica","Andres","Perez","andres.perez@mail.com","60002442","Corporativo","Negocios","Doble","225","Web Directa","Completada",159.67,159.67,"Convenio Empresa",61.02,"Restaurante"
797,"RES000797","2025-10-11 10:00:00","2025-12-28","2026-01-03",3,0,0,1556.01,"Hotel Central San José","Urbano","San José","Costa Rica","Lucia","Silva","lucia.silva@mail.com","60006623","Grupo","Evento","Familiar","140","Walk In","Completada",1556.01,1556.01,"Tarjeta Crédito",20.34,"Lavandería"
797,"RES000797","2025-10-11 10:00:00","2025-12-28","2026-01-03",3,0,0,1556.01,"Hotel Central San José","Urbano","San José","Costa Rica","Lucia","Silva","lucia.silva@mail.com","60006623","Grupo","Evento","Familiar","140","Walk In","Completada",1556.01,1556.01,"Tarjeta Crédito",61.02,"Restaurante"
797,"RES000797","2025-10-11 10:00:00","2025-12-28","2026-01-03",3,0,0,1556.01,"Hotel Central San José","Urbano","San José","Costa Rica","Lucia","Silva","lucia.silva@mail.com","60006623","Grupo","Evento","Familiar","140","Walk In","Completada",1556.01,1556.01,"Tarjeta Crédito",186.45,"Spa"
330,"RES000330","2024-12-25 10:00:00","2025-02-24","2025-02-25",1,2,0,123.45,"Resort Pacífico Jacó","Resort","Jacó","Costa Rica","Jorge","Flores","jorge.flores@mail.com","60007770","Turista","Vacaciones","Sencilla","203","Booking","Completada",123.45,123.45,"Tarjeta Crédito",61.02,"Restaurante"
751,"RES000751","2025-09-09 10:00:00","2025-10-11","2025-10-13",1,0,0,656.53,"Ecohotel Arenal","Ecohotel","La Fortuna","Costa Rica","Elena","Navarro","elena.navarro@mail.com","60005809","Familiar","Visita Familiar","Suite","328","Expedia","Completada",656.53,656.53,"Transferencia",186.45,"Spa"
751,"RES000751","2025-09-09 10:00:00","2025-10-11","2025-10-13",1,0,0,656.53,"Ecohotel Arenal","Ecohotel","La Fortuna","Costa Rica","Elena","Navarro","elena.navarro@mail.com","60005809","Familiar","Visita Familiar","Suite","328","Expedia","Completada",656.53,656.53,"Transferencia",88.14,"Tour"
237,"RES000237","2026-02-28 10:00:00","2026-04-27","2026-05-01",3,0,0,480.48,"Hotel Central San José","Urbano","San José","Costa Rica","Lucia","Silva","lucia.silva@mail.com","60005883","Grupo","Evento","Doble","120","Walk In","Completada",480.48,480.48,"Transferencia",69.16,"Traslado"
451,"RES000451","2025-10-29 10:00:00","2025-10-31","2025-11-02",1,0,0,656.53,"Ecohotel Arenal","Ecohotel","La Fortuna","Costa Rica","Elena","Navarro","elena.navarro@mail.com","60005809","Familiar","Visita Familiar","Suite","333","Web Directa","Completada",656.53,656.53,"Transferencia",186.45,"Spa"
451,"RES000451","2025-10-29 10:00:00","2025-10-31","2025-11-02",1,0,0,656.53,"Ecohotel Arenal","Ecohotel","La Fortuna","Costa Rica","Elena","Navarro","elena.navarro@mail.com","60005809","Familiar","Visita Familiar","Suite","333","Web Directa","Completada",656.53,656.53,"Transferencia",88.14,"Tour"
348,"RES000348","2025-01-26 10:00:00","2025-04-15","2025-04-16",3,2,1,132.21,"Boutique Manuel Antonio","Boutique","Manuel Antonio","Costa Rica","Ricardo","Rojas","ricardo.rojas@mail.com","60001332","Corporativo","Negocios","Sencilla","407","Call Center","Completada",132.21,132.21,"Efectivo",47.46,"Restaurante"
337,"RES000337","2024-12-25 10:00:00","2025-03-03","2025-03-05",3,0,0,437.31,"Hotel Central San José","Urbano","San José","Costa Rica","Lucia","Silva","lucia.silva@mail.com","60009583","Grupo","Evento","Sencilla","105","Booking","Completada",437.31,437.31,"Transferencia",206.79,"Spa"
337,"RES000337","2024-12-25 10:00:00","2025-03-03","2025-03-05",3,0,0,437.31,"Hotel Central San José","Urbano","San José","Costa Rica","Lucia","Silva","lucia.silva@mail.com","60009583","Grupo","Evento","Sencilla","105","Booking","Completada",437.31,437.31,"Transferencia",94.92,"Tour"
399,"RES000399","2025-06-09 10:00:00","2025-07-19","2025-07-23",3,0,0,528.84,"Ecohotel Arenal","Ecohotel","La Fortuna","Costa Rica","Gabriela","Ortiz","gabriela.ortiz@mail.com","60003441","Turista","Vacaciones","Doble","320","Convenio Empresa","Completada",528.84,528.84,"Transferencia",63.28,"Traslado"
238,"RES000238","2026-03-08 10:00:00","2026-05-06","2026-05-11",3,0,0,628.28,"Resort Pacífico Jacó","Resort","Jacó","Costa Rica","Andres","Perez","andres.perez@mail.com","60006142","Corporativo","Negocios","Doble","220","Convenio Empresa","Completada",628.28,628.28,"Convenio Empresa",64.41,"Estacionamiento"
238,"RES000238","2026-03-08 10:00:00","2026-05-06","2026-05-11",3,0,0,628.28,"Resort Pacífico Jacó","Resort","Jacó","Costa Rica","Andres","Perez","andres.perez@mail.com","60006142","Corporativo","Negocios","Doble","220","Convenio Empresa","Completada",628.28,628.28,"Convenio Empresa",15.82,"Lavandería"
112,"RES000112","2025-08-18 10:00:00","2025-09-10","2025-09-15",1,1,0,1066.72,"Boutique Manuel Antonio","Boutique","Manuel Antonio","Costa Rica","Jose","Martinez","jose.martinez@mail.com","60006808","Turista","Vacaciones","Suite","428","Convenio Empresa","Completada",1066.72,1066.72,"Tarjeta Débito",44.07,"Estacionamiento"
112,"RES000112","2025-08-18 10:00:00","2025-09-10","2025-09-15",1,1,0,1066.72,"Boutique Manuel Antonio","Boutique","Manuel Antonio","Costa Rica","Jose","Martinez","jose.martinez@mail.com","60006808","Turista","Vacaciones","Suite","428","Convenio Empresa","Completada",1066.72,1066.72,"Tarjeta Débito",22.60,"Lavandería"
560,"RES000560","2026-05-23 10:00:00","2026-06-13","2026-06-16",1,1,0,580.42,"Boutique Manuel Antonio","Boutique","Manuel Antonio","Costa Rica","Carlos","Rodriguez","carlos.rodriguez@mail.com","60000740","Turista","Vacaciones","Doble","420","Convenio Empresa","Completada",580.42,580.42,"Tarjeta Débito",88.14,"Tour"
560,"RES000560","2026-05-23 10:00:00","2026-06-13","2026-06-16",1,1,0,580.42,"Boutique Manuel Antonio","Boutique","Manuel Antonio","Costa Rica","Carlos","Rodriguez","carlos.rodriguez@mail.com","60000740","Turista","Vacaciones","Doble","420","Convenio Empresa","Completada",580.42,580.42,"Tarjeta Débito",76.84,"Traslado"
560,"RES000560","2026-05-23 10:00:00","2026-06-13","2026-06-16",1,1,0,580.42,"Boutique Manuel Antonio","Boutique","Manuel Antonio","Costa Rica","Carlos","Rodriguez","carlos.rodriguez@mail.com","60000740","Turista","Vacaciones","Doble","420","Convenio Empresa","Completada",580.42,580.42,"Tarjeta Débito",64.41,"Estacionamiento"
547,"RES000547","2026-05-03 10:00:00","2026-05-11","2026-05-13",3,0,0,507.37,"Ecohotel Arenal","Ecohotel","La Fortuna","Costa Rica","Valeria","Torres","valeria.torres@mail.com","60008473","Grupo","Evento","Doble","317","Booking","Completada",507.37,507.37,"Convenio Empresa",186.45,"Spa"
547,"RES000547","2026-05-03 10:00:00","2026-05-11","2026-05-13",3,0,0,507.37,"Ecohotel Arenal","Ecohotel","La Fortuna","Costa Rica","Valeria","Torres","valeria.torres@mail.com","60008473","Grupo","Evento","Doble","317","Booking","Completada",507.37,507.37,"Convenio Empresa",88.14,"Tour"
818,"RES000818","2026-02-06 10:00:00","2026-02-15","2026-02-18",3,0,0,413.13,"Resort Pacífico Jacó","Resort","Jacó","Costa Rica","Andres","Perez","andres.perez@mail.com","60000962","Corporativo","Negocios","Sencilla","205","Walk In","Completada",413.13,413.13,"Transferencia",85.43,"Tour"
818,"RES000818","2026-02-06 10:00:00","2026-02-15","2026-02-18",3,0,0,413.13,"Resort Pacífico Jacó","Resort","Jacó","Costa Rica","Andres","Perez","andres.perez@mail.com","60000962","Corporativo","Negocios","Sencilla","205","Walk In","Completada",413.13,413.13,"Transferencia",63.28,"Traslado"
818,"RES000818","2026-02-06 10:00:00","2026-02-15","2026-02-18",3,0,0,413.13,"Resort Pacífico Jacó","Resort","Jacó","Costa Rica","Andres","Perez","andres.perez@mail.com","60000962","Corporativo","Negocios","Sencilla","205","Walk In","Completada",413.13,413.13,"Transferencia",44.07,"Estacionamiento"
268,"RES000268","2026-04-21 10:00:00","2026-07-19","2026-07-24",3,1,0,1066.72,"Boutique Manuel Antonio","Boutique","Manuel Antonio","Costa Rica","Ricardo","Rojas","ricardo.rojas@mail.com","60002812","Corporativo","Negocios","Suite","427","Expedia","Completada",1066.72,1066.72,"Tarjeta Crédito",44.07,"Estacionamiento"
268,"RES000268","2026-04-21 10:00:00","2026-07-19","2026-07-24",3,1,0,1066.72,"Boutique Manuel Antonio","Boutique","Manuel Antonio","Costa Rica","Ricardo","Rojas","ricardo.rojas@mail.com","60002812","Corporativo","Negocios","Suite","427","Expedia","Completada",1066.72,1066.72,"Tarjeta Crédito",22.60,"Lavandería"
613,"RES000613","2026-06-24 10:00:00","2026-09-06","2026-09-08",2,0,0,647.49,"Hotel Central San José","Urbano","San José","Costa Rica","Camila","Rivera","camila.rivera@mail.com","60003367","Turista","Vacaciones","Suite","134","Agencia Mayorista","Completada",647.49,647.49,"Transferencia",206.79,"Spa"
613,"RES000613","2026-06-24 10:00:00","2026-09-06","2026-09-08",2,0,0,647.49,"Hotel Central San José","Urbano","San José","Costa Rica","Camila","Rivera","camila.rivera@mail.com","60003367","Turista","Vacaciones","Suite","134","Agencia Mayorista","Completada",647.49,647.49,"Transferencia",94.92,"Tour"
737,"RES000737","2025-08-12 10:00:00","2025-08-30","2025-09-05",3,0,0,887.05,"Hotel Central San José","Urbano","San José","Costa Rica","Lucia","Silva","lucia.silva@mail.com","60002183","Grupo","Evento","Doble","125","Expedia","Completada",887.05,887.05,"Transferencia",22.60,"Lavandería"
737,"RES000737","2025-08-12 10:00:00","2025-08-30","2025-09-05",3,0,0,887.05,"Hotel Central San José","Urbano","San José","Costa Rica","Lucia","Silva","lucia.silva@mail.com","60002183","Grupo","Evento","Doble","125","Expedia","Completada",887.05,887.05,"Transferencia",61.02,"Restaurante"
737,"RES000737","2025-08-12 10:00:00","2025-08-30","2025-09-05",3,0,0,887.05,"Hotel Central San José","Urbano","San José","Costa Rica","Lucia","Silva","lucia.silva@mail.com","60002183","Grupo","Evento","Doble","125","Expedia","Completada",887.05,887.05,"Transferencia",186.45,"Spa"
569,"RES000569","2026-05-11 10:00:00","2026-06-10","2026-06-16",3,0,0,887.05,"Hotel Central San José","Urbano","San José","Costa Rica","Maria","Lopez","maria.lopez@mail.com","60003071","Turista","Vacaciones","Doble","123","Expedia","Completada",887.05,887.05,"Tarjeta Débito",22.60,"Lavandería"
569,"RES000569","2026-05-11 10:00:00","2026-06-10","2026-06-16",3,0,0,887.05,"Hotel Central San José","Urbano","San José","Costa Rica","Maria","Lopez","maria.lopez@mail.com","60003071","Turista","Vacaciones","Doble","123","Expedia","Completada",887.05,887.05,"Tarjeta Débito",61.02,"Restaurante"
569,"RES000569","2026-05-11 10:00:00","2026-06-10","2026-06-16",3,0,0,887.05,"Hotel Central San José","Urbano","San José","Costa Rica","Maria","Lopez","maria.lopez@mail.com","60003071","Turista","Vacaciones","Doble","123","Expedia","Completada",887.05,887.05,"Tarjeta Débito",186.45,"Spa"
452,"RES000452","2025-11-06 10:00:00","2025-11-09","2025-11-12",1,1,0,822.98,"Boutique Manuel Antonio","Boutique","Manuel Antonio","Costa Rica","Jose","Martinez","jose.martinez@mail.com","60006068","Turista","Vacaciones","Suite","433","Agencia Mayorista","Completada",822.98,822.98,"Convenio Empresa",88.14,"Tour"
452,"RES000452","2025-11-06 10:00:00","2025-11-09","2025-11-12",1,1,0,822.98,"Boutique Manuel Antonio","Boutique","Manuel Antonio","Costa Rica","Jose","Martinez","jose.martinez@mail.com","60006068","Turista","Vacaciones","Suite","433","Agencia Mayorista","Completada",822.98,822.98,"Convenio Empresa",76.84,"Traslado"
452,"RES000452","2025-11-06 10:00:00","2025-11-09","2025-11-12",1,1,0,822.98,"Boutique Manuel Antonio","Boutique","Manuel Antonio","Costa Rica","Jose","Martinez","jose.martinez@mail.com","60006068","Turista","Vacaciones","Suite","433","Agencia Mayorista","Completada",822.98,822.98,"Convenio Empresa",57.97,"Estacionamiento"
615,"RES000615","2024-10-28 10:00:00","2025-01-12","2025-01-16",2,0,0,706.25,"Ecohotel Arenal","Ecohotel","La Fortuna","Costa Rica","Laura","Hernandez","laura.hernandez@mail.com","60003885","Corporativo","Negocios","Suite","334","Walk In","Completada",706.25,706.25,"Efectivo",56.95,"Traslado"
798,"RES000798","2025-10-19 10:00:00","2026-01-06","2026-01-07",3,2,0,287.02,"Resort Pacífico Jacó","Resort","Jacó","Costa Rica","Andres","Perez","andres.perez@mail.com","60006882","Corporativo","Negocios","Familiar","240","Convenio Empresa","Completada",287.02,287.02,"Tarjeta Débito",61.02,"Restaurante"
830,"RES000830","2026-02-18 10:00:00","2026-03-11","2026-03-14",1,0,0,407.19,"Resort Pacífico Jacó","Resort","Jacó","Costa Rica","Jorge","Flores","jorge.flores@mail.com","60004070","Turista","Vacaciones","Sencilla","208","Agencia Mayorista","Completada",407.19,407.19,"Tarjeta Crédito",94.92,"Tour"
830,"RES000830","2026-02-18 10:00:00","2026-03-11","2026-03-14",1,0,0,407.19,"Resort Pacífico Jacó","Resort","Jacó","Costa Rica","Jorge","Flores","jorge.flores@mail.com","60004070","Turista","Vacaciones","Sencilla","208","Agencia Mayorista","Completada",407.19,407.19,"Tarjeta Crédito",63.28,"Traslado"
830,"RES000830","2026-02-18 10:00:00","2026-03-11","2026-03-14",1,0,0,407.19,"Resort Pacífico Jacó","Resort","Jacó","Costa Rica","Jorge","Flores","jorge.flores@mail.com","60004070","Turista","Vacaciones","Sencilla","208","Agencia Mayorista","Completada",407.19,407.19,"Tarjeta Crédito",39.66,"Estacionamiento"
200,"RES000200","2026-02-12 10:00:00","2026-03-05","2026-03-08",1,1,0,464.49,"Boutique Manuel Antonio","Boutique","Manuel Antonio","Costa Rica","Carlos","Rodriguez","carlos.rodriguez@mail.com","60007400","Turista","Vacaciones","Sencilla","410","Agencia Mayorista","Completada",464.49,464.49,"Convenio Empresa",88.14,"Tour"
200,"RES000200","2026-02-12 10:00:00","2026-03-05","2026-03-08",1,1,0,464.49,"Boutique Manuel Antonio","Boutique","Manuel Antonio","Costa Rica","Carlos","Rodriguez","carlos.rodriguez@mail.com","60007400","Turista","Vacaciones","Sencilla","410","Agencia Mayorista","Completada",464.49,464.49,"Convenio Empresa",76.84,"Traslado"
200,"RES000200","2026-02-12 10:00:00","2026-03-05","2026-03-08",1,1,0,464.49,"Boutique Manuel Antonio","Boutique","Manuel Antonio","Costa Rica","Carlos","Rodriguez","carlos.rodriguez@mail.com","60007400","Turista","Vacaciones","Sencilla","410","Agencia Mayorista","Completada",464.49,464.49,"Convenio Empresa",57.97,"Estacionamiento"
590,"RES000590","2026-06-08 10:00:00","2026-07-29","2026-08-01",1,0,0,720.77,"Resort Pacífico Jacó","Resort","Jacó","Costa Rica","Jorge","Flores","jorge.flores@mail.com","60008510","Turista","Vacaciones","Suite","228","Expedia","Completada",720.77,720.77,"Convenio Empresa",94.92,"Tour"
590,"RES000590","2026-06-08 10:00:00","2026-07-29","2026-08-01",1,0,0,720.77,"Resort Pacífico Jacó","Resort","Jacó","Costa Rica","Jorge","Flores","jorge.flores@mail.com","60008510","Turista","Vacaciones","Suite","228","Expedia","Completada",720.77,720.77,"Convenio Empresa",63.28,"Traslado"
590,"RES000590","2026-06-08 10:00:00","2026-07-29","2026-08-01",1,0,0,720.77,"Resort Pacífico Jacó","Resort","Jacó","Costa Rica","Jorge","Flores","jorge.flores@mail.com","60008510","Turista","Vacaciones","Suite","228","Expedia","Completada",720.77,720.77,"Convenio Empresa",44.07,"Estacionamiento"
685,"RES000685","2025-03-23 10:00:00","2025-05-18","2025-05-20",2,0,0,381.49,"Hotel Central San José","Urbano","San José","Costa Rica","Paula","Vargas","paula.vargas@mail.com","60000915","Corporativo","Negocios","Doble","112","Walk In","Confirmada",381.49,152.60,"Efectivo",186.11,"Spa"
79,"RES000079","2025-04-10 10:00:00","2025-06-29","2025-07-01",3,0,0,507.37,"Ecohotel Arenal","Ecohotel","La Fortuna","Costa Rica","Gabriela","Ortiz","gabriela.ortiz@mail.com","60009361","Turista","Vacaciones","Doble","320","Expedia","Completada",507.37,507.37,"Tarjeta Débito",186.45,"Spa"
79,"RES000079","2025-04-10 10:00:00","2025-06-29","2025-07-01",3,0,0,507.37,"Ecohotel Arenal","Ecohotel","La Fortuna","Costa Rica","Gabriela","Ortiz","gabriela.ortiz@mail.com","60009361","Turista","Vacaciones","Doble","320","Expedia","Completada",507.37,507.37,"Tarjeta Débito",88.14,"Tour"
610,"RES000610","2026-06-28 10:00:00","2026-09-07","2026-09-12",1,0,0,944.40,"Resort Pacífico Jacó","Resort","Jacó","Costa Rica","Jorge","Flores","jorge.flores@mail.com","60002590","Turista","Vacaciones","Suite","233","Booking","Completada",944.40,944.40,"Efectivo",64.41,"Estacionamiento"
610,"RES000610","2026-06-28 10:00:00","2026-09-07","2026-09-12",1,0,0,944.40,"Resort Pacífico Jacó","Resort","Jacó","Costa Rica","Jorge","Flores","jorge.flores@mail.com","60002590","Turista","Vacaciones","Suite","233","Booking","Completada",944.40,944.40,"Efectivo",15.82,"Lavandería"
678,"RES000678","2025-03-23 10:00:00","2025-05-11","2025-05-12",3,2,0,128.37,"Resort Pacífico Jacó","Resort","Jacó","Costa Rica","Andres","Perez","andres.perez@mail.com","60009102","Corporativo","Negocios","Sencilla","210","Walk In","Completada",128.37,128.37,"Tarjeta Crédito",54.92,"Restaurante"
812,"RES000812","2026-02-14 10:00:00","2026-02-17","2026-02-20",1,1,0,483.64,"Boutique Manuel Antonio","Boutique","Manuel Antonio","Costa Rica","Jose","Martinez","jose.martinez@mail.com","60000508","Turista","Vacaciones","Sencilla","403","Convenio Empresa","Completada",483.64,483.64,"Tarjeta Débito",88.14,"Tour"
812,"RES000812","2026-02-14 10:00:00","2026-02-17","2026-02-20",1,1,0,483.64,"Boutique Manuel Antonio","Boutique","Manuel Antonio","Costa Rica","Jose","Martinez","jose.martinez@mail.com","60000508","Turista","Vacaciones","Sencilla","403","Convenio Empresa","Completada",483.64,483.64,"Tarjeta Débito",76.84,"Traslado"
812,"RES000812","2026-02-14 10:00:00","2026-02-17","2026-02-20",1,1,0,483.64,"Boutique Manuel Antonio","Boutique","Manuel Antonio","Costa Rica","Jose","Martinez","jose.martinez@mail.com","60000508","Turista","Vacaciones","Sencilla","403","Convenio Empresa","Completada",483.64,483.64,"Tarjeta Débito",64.41,"Estacionamiento"
579,"RES000579","2026-06-04 10:00:00","2026-07-14","2026-07-18",3,0,0,528.84,"Ecohotel Arenal","Ecohotel","La Fortuna","Costa Rica","Gabriela","Ortiz","gabriela.ortiz@mail.com","60005661","Turista","Vacaciones","Doble","325","Call Center","Completada",528.84,528.84,"Tarjeta Débito",63.28,"Traslado"
510,"RES000510","2025-12-20 10:00:00","2026-02-19","2026-02-20",1,2,0,117.35,"Resort Pacífico Jacó","Resort","Jacó","Costa Rica","Jorge","Flores","jorge.flores@mail.com","60009990","Turista","Vacaciones","Sencilla","208","Walk In","Completada",117.35,117.35,"Efectivo",54.92,"Restaurante"
198,"RES000198","2026-01-27 10:00:00","2026-02-15","2026-02-16",3,2,0,127.13,"Resort Pacífico Jacó","Resort","Jacó","Costa Rica","Andres","Perez","andres.perez@mail.com","60006882","Corporativo","Negocios","Sencilla","210","Expedia","Completada",127.13,127.13,"Tarjeta Débito",61.02,"Restaurante"
17,"RES000017","2025-01-24 10:00:00","2025-02-11","2025-02-17",3,0,0,676.87,"Hotel Central San José","Urbano","San José","Costa Rica","Lucia","Silva","lucia.silva@mail.com","60004403","Grupo","Evento","Sencilla","105","Web Directa","Completada",676.87,676.87,"Tarjeta Débito",22.60,"Lavandería"
17,"RES000017","2025-01-24 10:00:00","2025-02-11","2025-02-17",3,0,0,676.87,"Hotel Central San José","Urbano","San José","Costa Rica","Lucia","Silva","lucia.silva@mail.com","60004403","Grupo","Evento","Sencilla","105","Web Directa","Completada",676.87,676.87,"Tarjeta Débito",61.02,"Restaurante"
17,"RES000017","2025-01-24 10:00:00","2025-02-11","2025-02-17",3,0,0,676.87,"Hotel Central San José","Urbano","San José","Costa Rica","Lucia","Silva","lucia.silva@mail.com","60004403","Grupo","Evento","Sencilla","105","Web Directa","Completada",676.87,676.87,"Tarjeta Débito",186.45,"Spa"
212,"RES000212","2026-02-24 10:00:00","2026-03-29","2026-04-01",1,1,0,598.90,"Boutique Manuel Antonio","Boutique","Manuel Antonio","Costa Rica","Jose","Martinez","jose.martinez@mail.com","60000508","Turista","Vacaciones","Doble","413","Expedia","Completada",598.90,598.90,"Tarjeta Débito",88.14,"Tour"
212,"RES000212","2026-02-24 10:00:00","2026-03-29","2026-04-01",1,1,0,598.90,"Boutique Manuel Antonio","Boutique","Manuel Antonio","Costa Rica","Jose","Martinez","jose.martinez@mail.com","60000508","Turista","Vacaciones","Doble","413","Expedia","Completada",598.90,598.90,"Tarjeta Débito",76.84,"Traslado"
212,"RES000212","2026-02-24 10:00:00","2026-03-29","2026-04-01",1,1,0,598.90,"Boutique Manuel Antonio","Boutique","Manuel Antonio","Costa Rica","Jose","Martinez","jose.martinez@mail.com","60000508","Turista","Vacaciones","Doble","413","Expedia","Completada",598.90,598.90,"Tarjeta Débito",64.41,"Estacionamiento"
28,"RES000028","2025-02-25 10:00:00","2025-03-26","2025-03-31",3,1,0,490.42,"Boutique Manuel Antonio","Boutique","Manuel Antonio","Costa Rica","Ricardo","Rojas","ricardo.rojas@mail.com","60007252","Corporativo","Negocios","Sencilla","407","Convenio Empresa","Completada",490.42,490.42,"Convenio Empresa",44.07,"Estacionamiento"
28,"RES000028","2025-02-25 10:00:00","2025-03-26","2025-03-31",3,1,0,490.42,"Boutique Manuel Antonio","Boutique","Manuel Antonio","Costa Rica","Ricardo","Rojas","ricardo.rojas@mail.com","60007252","Corporativo","Negocios","Sencilla","407","Convenio Empresa","Completada",490.42,490.42,"Convenio Empresa",22.60,"Lavandería"
720,"RES000720","2025-08-16 10:00:00","2025-08-17","2025-08-18",1,2,1,147.40,"Boutique Manuel Antonio","Boutique","Manuel Antonio","Costa Rica","Carlos","Rodriguez","carlos.rodriguez@mail.com","60008880","Turista","Vacaciones","Doble","420","Walk In","Completada",147.40,147.40,"Efectivo",42.71,"Restaurante"
489,"RES000489","2025-11-22 10:00:00","2026-01-01","2026-01-05",3,0,0,340.36,"Hotel Central San José","Urbano","San José","Costa Rica","Maria","Lopez","maria.lopez@mail.com","60004551","Turista","Vacaciones","Sencilla","103","Walk In","Completada",340.36,340.36,"Transferencia",69.16,"Traslado"
515,"RES000515","2026-01-01 10:00:00","2026-03-08","2026-03-14",2,0,0,700.26,"Ecohotel Arenal","Ecohotel","La Fortuna","Costa Rica","Laura","Hernandez","laura.hernandez@mail.com","60000185","Corporativo","Negocios","Sencilla","309","Agencia Mayorista","Completada",700.26,700.26,"Efectivo",15.82,"Lavandería"
515,"RES000515","2026-01-01 10:00:00","2026-03-08","2026-03-14",2,0,0,700.26,"Ecohotel Arenal","Ecohotel","La Fortuna","Costa Rica","Laura","Hernandez","laura.hernandez@mail.com","60000185","Corporativo","Negocios","Sencilla","309","Agencia Mayorista","Completada",700.26,700.26,"Efectivo",47.46,"Restaurante"
515,"RES000515","2026-01-01 10:00:00","2026-03-08","2026-03-14",2,0,0,700.26,"Ecohotel Arenal","Ecohotel","La Fortuna","Costa Rica","Laura","Hernandez","laura.hernandez@mail.com","60000185","Corporativo","Negocios","Sencilla","309","Agencia Mayorista","Completada",700.26,700.26,"Efectivo",186.11,"Spa"
616,"RES000616","2024-11-05 10:00:00","2025-01-21","2025-01-26",3,1,0,1066.72,"Boutique Manuel Antonio","Boutique","Manuel Antonio","Costa Rica","Fernando","Morales","fernando.morales@mail.com","60004144","Turista","Vacaciones","Suite","434","Convenio Empresa","Completada",1066.72,1066.72,"Tarjeta Crédito",44.07,"Estacionamiento"
616,"RES000616","2024-11-05 10:00:00","2025-01-21","2025-01-26",3,1,0,1066.72,"Boutique Manuel Antonio","Boutique","Manuel Antonio","Costa Rica","Fernando","Morales","fernando.morales@mail.com","60004144","Turista","Vacaciones","Suite","434","Convenio Empresa","Completada",1066.72,1066.72,"Tarjeta Crédito",22.60,"Lavandería"
706,"RES000706","2025-04-20 10:00:00","2025-07-06","2025-07-11",3,0,0,606.02,"Resort Pacífico Jacó","Resort","Jacó","Costa Rica","Luis","Fernandez","luis.fernandez@mail.com","60005254","Turista","Vacaciones","Doble","217","Walk In","Confirmada",606.02,242.41,"Tarjeta Débito",57.97,"Estacionamiento"
516,"RES000516","2026-01-09 10:00:00","2026-03-17","2026-03-18",3,2,1,132.21,"Boutique Manuel Antonio","Boutique","Manuel Antonio","Costa Rica","Fernando","Morales","fernando.morales@mail.com","60000444","Turista","Vacaciones","Sencilla","409","Call Center","Completada",132.21,132.21,"Tarjeta Crédito",47.46,"Restaurante"
571,"RES000571","2026-05-27 10:00:00","2026-06-28","2026-06-30",1,0,0,507.37,"Ecohotel Arenal","Ecohotel","La Fortuna","Costa Rica","Elena","Navarro","elena.navarro@mail.com","60003589","Familiar","Visita Familiar","Doble","323","Agencia Mayorista","Completada",507.37,507.37,"Convenio Empresa",186.45,"Spa"
571,"RES000571","2026-05-27 10:00:00","2026-06-28","2026-06-30",1,0,0,507.37,"Ecohotel Arenal","Ecohotel","La Fortuna","Costa Rica","Elena","Navarro","elena.navarro@mail.com","60003589","Familiar","Visita Familiar","Doble","323","Agencia Mayorista","Completada",507.37,507.37,"Convenio Empresa",88.14,"Tour"
216,"RES000216","2026-02-28 10:00:00","2026-04-06","2026-04-07",3,2,1,153.56,"Boutique Manuel Antonio","Boutique","Manuel Antonio","Costa Rica","Fernando","Morales","fernando.morales@mail.com","60000444","Turista","Vacaciones","Doble","414","Walk In","Completada",153.56,153.56,"Tarjeta Crédito",42.71,"Restaurante"
395,"RES000395","2025-06-05 10:00:00","2025-07-11","2025-07-17",2,0,0,933.49,"Ecohotel Arenal","Ecohotel","La Fortuna","Costa Rica","Laura","Hernandez","laura.hernandez@mail.com","60002405","Corporativo","Negocios","Doble","319","Web Directa","Completada",933.49,933.49,"Convenio Empresa",15.82,"Lavandería"
395,"RES000395","2025-06-05 10:00:00","2025-07-11","2025-07-17",2,0,0,933.49,"Ecohotel Arenal","Ecohotel","La Fortuna","Costa Rica","Laura","Hernandez","laura.hernandez@mail.com","60002405","Corporativo","Negocios","Doble","319","Web Directa","Completada",933.49,933.49,"Convenio Empresa",47.46,"Restaurante"
395,"RES000395","2025-06-05 10:00:00","2025-07-11","2025-07-17",2,0,0,933.49,"Ecohotel Arenal","Ecohotel","La Fortuna","Costa Rica","Laura","Hernandez","laura.hernandez@mail.com","60002405","Corporativo","Negocios","Doble","319","Web Directa","Completada",933.49,933.49,"Convenio Empresa",206.79,"Spa"
666,"RES000666","2025-03-11 10:00:00","2025-04-17","2025-04-18",3,2,0,127.13,"Resort Pacífico Jacó","Resort","Jacó","Costa Rica","Luis","Fernandez","luis.fernandez@mail.com","60005994","Turista","Vacaciones","Sencilla","207","Booking","Confirmada",127.13,50.85,"Efectivo",61.02,"Restaurante"
295,"RES000295","2026-08-09 10:00:00","2026-09-04","2026-09-06",2,0,0,637.43,"Ecohotel Arenal","Ecohotel","La Fortuna","Costa Rica","Laura","Hernandez","laura.hernandez@mail.com","60009805","Corporativo","Negocios","Suite","334","Booking","Completada",637.43,637.43,"Convenio Empresa",186.45,"Spa"
295,"RES000295","2026-08-09 10:00:00","2026-09-04","2026-09-06",2,0,0,637.43,"Ecohotel Arenal","Ecohotel","La Fortuna","Costa Rica","Laura","Hernandez","laura.hernandez@mail.com","60009805","Corporativo","Negocios","Suite","334","Booking","Completada",637.43,637.43,"Convenio Empresa",88.14,"Tour"
694,"RES000694","2025-04-08 10:00:00","2025-06-12","2025-06-17",2,0,0,628.28,"Resort Pacífico Jacó","Resort","Jacó","Costa Rica","Miguel","Mendoza","miguel.mendoza@mail.com","60002146","Familiar","Visita Familiar","Doble","214","Booking","Completada",628.28,628.28,"Transferencia",64.41,"Estacionamiento"
694,"RES000694","2025-04-08 10:00:00","2025-06-12","2025-06-17",2,0,0,628.28,"Resort Pacífico Jacó","Resort","Jacó","Costa Rica","Miguel","Mendoza","miguel.mendoza@mail.com","60002146","Familiar","Visita Familiar","Doble","214","Booking","Completada",628.28,628.28,"Transferencia",15.82,"Lavandería"
213,"RES000213","2026-02-04 10:00:00","2026-03-10","2026-03-14",2,0,0,488.16,"Hotel Central San José","Urbano","San José","Costa Rica","Camila","Rivera","camila.rivera@mail.com","60000767","Turista","Vacaciones","Doble","114","Web Directa","Completada",488.16,488.16,"Transferencia",76.84,"Traslado"
274,"RES000274","2026-07-12 10:00:00","2026-07-17","2026-07-22",2,0,0,989.88,"Resort Pacífico Jacó","Resort","Jacó","Costa Rica","Miguel","Mendoza","miguel.mendoza@mail.com","60004366","Familiar","Visita Familiar","Suite","229","Booking","Completada",989.88,989.88,"Tarjeta Débito",64.41,"Estacionamiento"
274,"RES000274","2026-07-12 10:00:00","2026-07-17","2026-07-22",2,0,0,989.88,"Resort Pacífico Jacó","Resort","Jacó","Costa Rica","Miguel","Mendoza","miguel.mendoza@mail.com","60004366","Familiar","Visita Familiar","Suite","229","Booking","Completada",989.88,989.88,"Tarjeta Débito",15.82,"Lavandería"
833,"RES000833","2026-02-14 10:00:00","2026-03-10","2026-03-16",2,0,0,676.87,"Hotel Central San José","Urbano","San José","Costa Rica","Camila","Rivera","camila.rivera@mail.com","60004847","Turista","Vacaciones","Sencilla","109","Convenio Empresa","Completada",676.87,676.87,"Convenio Empresa",22.60,"Lavandería"
833,"RES000833","2026-02-14 10:00:00","2026-03-10","2026-03-16",2,0,0,676.87,"Hotel Central San José","Urbano","San José","Costa Rica","Camila","Rivera","camila.rivera@mail.com","60004847","Turista","Vacaciones","Sencilla","109","Convenio Empresa","Completada",676.87,676.87,"Convenio Empresa",61.02,"Restaurante"
833,"RES000833","2026-02-14 10:00:00","2026-03-10","2026-03-16",2,0,0,676.87,"Hotel Central San José","Urbano","San José","Costa Rica","Camila","Rivera","camila.rivera@mail.com","60004847","Turista","Vacaciones","Sencilla","109","Convenio Empresa","Completada",676.87,676.87,"Convenio Empresa",186.45,"Spa"
669,"RES000669","2025-03-07 10:00:00","2025-04-16","2025-04-20",3,0,0,348.04,"Hotel Central San José","Urbano","San José","Costa Rica","Maria","Lopez","maria.lopez@mail.com","60006771","Turista","Vacaciones","Sencilla","108","Agencia Mayorista","Completada",348.04,348.04,"Tarjeta Débito",76.84,"Traslado"
352,"RES000352","2025-01-30 10:00:00","2025-04-23","2025-04-28",1,1,0,490.42,"Boutique Manuel Antonio","Boutique","Manuel Antonio","Costa Rica","Jose","Martinez","jose.martinez@mail.com","60002368","Turista","Vacaciones","Sencilla","408","Expedia","Completada",490.42,490.42,"Convenio Empresa",44.07,"Estacionamiento"
352,"RES000352","2025-01-30 10:00:00","2025-04-23","2025-04-28",1,1,0,490.42,"Boutique Manuel Antonio","Boutique","Manuel Antonio","Costa Rica","Jose","Martinez","jose.martinez@mail.com","60002368","Turista","Vacaciones","Sencilla","408","Expedia","Completada",490.42,490.42,"Convenio Empresa",22.60,"Lavandería"
752,"RES000752","2025-09-17 10:00:00","2025-10-20","2025-10-23",1,1,0,829.42,"Boutique Manuel Antonio","Boutique","Manuel Antonio","Costa Rica","Jose","Martinez","jose.martinez@mail.com","60006068","Turista","Vacaciones","Suite","428","Web Directa","Completada",829.42,829.42,"Convenio Empresa",88.14,"Tour"
752,"RES000752","2025-09-17 10:00:00","2025-10-20","2025-10-23",1,1,0,829.42,"Boutique Manuel Antonio","Boutique","Manuel Antonio","Costa Rica","Jose","Martinez","jose.martinez@mail.com","60006068","Turista","Vacaciones","Suite","428","Web Directa","Completada",829.42,829.42,"Convenio Empresa",76.84,"Traslado"
752,"RES000752","2025-09-17 10:00:00","2025-10-20","2025-10-23",1,1,0,829.42,"Boutique Manuel Antonio","Boutique","Manuel Antonio","Costa Rica","Jose","Martinez","jose.martinez@mail.com","60006068","Turista","Vacaciones","Suite","428","Web Directa","Completada",829.42,829.42,"Convenio Empresa",64.41,"Estacionamiento"
688,"RES000688","2025-04-16 10:00:00","2025-06-14","2025-06-19",3,1,0,682.52,"Boutique Manuel Antonio","Boutique","Manuel Antonio","Costa Rica","Ricardo","Rojas","ricardo.rojas@mail.com","60000592","Corporativo","Negocios","Doble","412","Expedia","Completada",682.52,682.52,"Tarjeta Débito",44.07,"Estacionamiento"
688,"RES000688","2025-04-16 10:00:00","2025-06-14","2025-06-19",3,1,0,682.52,"Boutique Manuel Antonio","Boutique","Manuel Antonio","Costa Rica","Ricardo","Rojas","ricardo.rojas@mail.com","60000592","Corporativo","Negocios","Doble","412","Expedia","Completada",682.52,682.52,"Tarjeta Débito",22.60,"Lavandería"
594,"RES000594","2026-06-12 10:00:00","2026-08-06","2026-08-07",2,2,0,218.66,"Resort Pacífico Jacó","Resort","Jacó","Costa Rica","Miguel","Mendoza","miguel.mendoza@mail.com","60009546","Familiar","Visita Familiar","Suite","229","Walk In","Completada",218.66,218.66,"Transferencia",54.92,"Restaurante"
460,"RES000460","2025-11-14 10:00:00","2025-11-25","2025-11-30",1,1,0,1014.46,"Boutique Manuel Antonio","Boutique","Manuel Antonio","Costa Rica","Carlos","Rodriguez","carlos.rodriguez@mail.com","60008140","Turista","Vacaciones","Suite","435","Call Center","Completada",1014.46,1014.46,"Tarjeta Débito",44.07,"Estacionamiento"
460,"RES000460","2025-11-14 10:00:00","2025-11-25","2025-11-30",1,1,0,1014.46,"Boutique Manuel Antonio","Boutique","Manuel Antonio","Costa Rica","Carlos","Rodriguez","carlos.rodriguez@mail.com","60008140","Turista","Vacaciones","Suite","435","Call Center","Completada",1014.46,1014.46,"Tarjeta Débito",20.34,"Lavandería"
499,"RES000499","2025-12-16 10:00:00","2026-02-04","2026-02-06",3,0,0,432.79,"Ecohotel Arenal","Ecohotel","La Fortuna","Costa Rica","Gabriela","Ortiz","gabriela.ortiz@mail.com","60007141","Turista","Vacaciones","Sencilla","305","Expedia","Completada",432.79,432.79,"Transferencia",186.45,"Spa"
499,"RES000499","2025-12-16 10:00:00","2026-02-04","2026-02-06",3,0,0,432.79,"Ecohotel Arenal","Ecohotel","La Fortuna","Costa Rica","Gabriela","Ortiz","gabriela.ortiz@mail.com","60007141","Turista","Vacaciones","Sencilla","305","Expedia","Completada",432.79,432.79,"Transferencia",88.14,"Tour"
265,"RES000265","2026-03-28 10:00:00","2026-06-22","2026-06-24",2,0,0,514.60,"Hotel Central San José","Urbano","San José","Costa Rica","Paula","Vargas","paula.vargas@mail.com","60002035","Corporativo","Negocios","Suite","127","Walk In","Confirmada",514.60,205.84,"Convenio Empresa",186.11,"Spa"
111,"RES000111","2025-08-10 10:00:00","2025-09-01","2025-09-05",1,0,0,820.83,"Ecohotel Arenal","Ecohotel","La Fortuna","Costa Rica","Elena","Navarro","elena.navarro@mail.com","60006549","Familiar","Visita Familiar","Suite","328","Walk In","Completada",820.83,820.83,"Tarjeta Crédito",56.95,"Traslado"
851,"RES000851","2026-03-18 10:00:00","2026-04-29","2026-05-05",1,0,0,947.73,"Ecohotel Arenal","Ecohotel","La Fortuna","Costa Rica","Elena","Navarro","elena.navarro@mail.com","60009509","Familiar","Visita Familiar","Doble","313","Agencia Mayorista","Completada",947.73,947.73,"Transferencia",15.82,"Lavandería"
851,"RES000851","2026-03-18 10:00:00","2026-04-29","2026-05-05",1,0,0,947.73,"Ecohotel Arenal","Ecohotel","La Fortuna","Costa Rica","Elena","Navarro","elena.navarro@mail.com","60009509","Familiar","Visita Familiar","Doble","313","Agencia Mayorista","Completada",947.73,947.73,"Transferencia",47.46,"Restaurante"
851,"RES000851","2026-03-18 10:00:00","2026-04-29","2026-05-05",1,0,0,947.73,"Ecohotel Arenal","Ecohotel","La Fortuna","Costa Rica","Elena","Navarro","elena.navarro@mail.com","60009509","Familiar","Visita Familiar","Doble","313","Agencia Mayorista","Completada",947.73,947.73,"Transferencia",186.11,"Spa"
16,"RES000016","2025-02-13 10:00:00","2025-03-02","2025-03-07",3,1,0,490.42,"Boutique Manuel Antonio","Boutique","Manuel Antonio","Costa Rica","Fernando","Morales","fernando.morales@mail.com","60004144","Turista","Vacaciones","Sencilla","404","Expedia","Completada",490.42,490.42,"Tarjeta Crédito",44.07,"Estacionamiento"
16,"RES000016","2025-02-13 10:00:00","2025-03-02","2025-03-07",3,1,0,490.42,"Boutique Manuel Antonio","Boutique","Manuel Antonio","Costa Rica","Fernando","Morales","fernando.morales@mail.com","60004144","Turista","Vacaciones","Sencilla","404","Expedia","Completada",490.42,490.42,"Tarjeta Crédito",22.60,"Lavandería"
893,"RES000893","2026-04-15 10:00:00","2026-07-08","2026-07-14",2,0,0,868.41,"Hotel Central San José","Urbano","San José","Costa Rica","Camila","Rivera","camila.rivera@mail.com","60009287","Turista","Vacaciones","Doble","124","Agencia Mayorista","Completada",868.41,868.41,"Tarjeta Débito",22.60,"Lavandería"
893,"RES000893","2026-04-15 10:00:00","2026-07-08","2026-07-14",2,0,0,868.41,"Hotel Central San José","Urbano","San José","Costa Rica","Camila","Rivera","camila.rivera@mail.com","60009287","Turista","Vacaciones","Doble","124","Agencia Mayorista","Completada",868.41,868.41,"Tarjeta Débito",61.02,"Restaurante"
893,"RES000893","2026-04-15 10:00:00","2026-07-08","2026-07-14",2,0,0,868.41,"Hotel Central San José","Urbano","San José","Costa Rica","Camila","Rivera","camila.rivera@mail.com","60009287","Turista","Vacaciones","Doble","124","Agencia Mayorista","Completada",868.41,868.41,"Tarjeta Débito",167.81,"Spa"
326,"RES000326","2024-12-21 10:00:00","2025-02-16","2025-02-19",3,0,0,315.27,"Resort Pacífico Jacó","Resort","Jacó","Costa Rica","Luis","Fernandez","luis.fernandez@mail.com","60006734","Turista","Vacaciones","Sencilla","202","Agencia Mayorista","Confirmada",315.27,126.11,"Transferencia",94.92,"Tour"
568,"RES000568","2026-05-31 10:00:00","2026-06-29","2026-07-04",3,1,0,682.52,"Boutique Manuel Antonio","Boutique","Manuel Antonio","Costa Rica","Ricardo","Rojas","ricardo.rojas@mail.com","60002812","Corporativo","Negocios","Doble","422","Booking","Completada",682.52,682.52,"Tarjeta Crédito",44.07,"Estacionamiento"
568,"RES000568","2026-05-31 10:00:00","2026-06-29","2026-07-04",3,1,0,682.52,"Boutique Manuel Antonio","Boutique","Manuel Antonio","Costa Rica","Ricardo","Rojas","ricardo.rojas@mail.com","60002812","Corporativo","Negocios","Doble","422","Booking","Completada",682.52,682.52,"Tarjeta Crédito",22.60,"Lavandería"
371,"RES000371","2025-05-12 10:00:00","2025-05-24","2025-05-30",1,0,0,968.41,"Ecohotel Arenal","Ecohotel","La Fortuna","Costa Rica","Elena","Navarro","elena.navarro@mail.com","60007289","Familiar","Visita Familiar","Doble","313","Convenio Empresa","Completada",968.41,968.41,"Convenio Empresa",15.82,"Lavandería"
371,"RES000371","2025-05-12 10:00:00","2025-05-24","2025-05-30",1,0,0,968.41,"Ecohotel Arenal","Ecohotel","La Fortuna","Costa Rica","Elena","Navarro","elena.navarro@mail.com","60007289","Familiar","Visita Familiar","Doble","313","Convenio Empresa","Completada",968.41,968.41,"Convenio Empresa",47.46,"Restaurante"
371,"RES000371","2025-05-12 10:00:00","2025-05-24","2025-05-30",1,0,0,968.41,"Ecohotel Arenal","Ecohotel","La Fortuna","Costa Rica","Elena","Navarro","elena.navarro@mail.com","60007289","Familiar","Visita Familiar","Doble","313","Convenio Empresa","Completada",968.41,968.41,"Convenio Empresa",206.79,"Spa"
805,"RES000805","2025-10-19 10:00:00","2026-01-13","2026-01-15",2,0,0,335.61,"Hotel Central San José","Urbano","San José","Costa Rica","Paula","Vargas","paula.vargas@mail.com","60008695","Corporativo","Negocios","Sencilla","102","Convenio Empresa","Confirmada",335.61,134.24,"Tarjeta Crédito",206.79,"Spa"
655,"RES000655","2025-03-07 10:00:00","2025-04-02","2025-04-04",2,0,0,424.88,"Ecohotel Arenal","Ecohotel","La Fortuna","Costa Rica","Laura","Hernandez","laura.hernandez@mail.com","60003145","Corporativo","Negocios","Sencilla","304","Agencia Mayorista","Completada",424.88,424.88,"Tarjeta Débito",186.45,"Spa"
655,"RES000655","2025-03-07 10:00:00","2025-04-02","2025-04-04",2,0,0,424.88,"Ecohotel Arenal","Ecohotel","La Fortuna","Costa Rica","Laura","Hernandez","laura.hernandez@mail.com","60003145","Corporativo","Negocios","Sencilla","304","Agencia Mayorista","Completada",424.88,424.88,"Tarjeta Débito",88.14,"Tour"
413,"RES000413","2025-06-09 10:00:00","2025-08-02","2025-08-08",2,0,0,887.05,"Hotel Central San José","Urbano","San José","Costa Rica","Camila","Rivera","camila.rivera@mail.com","60007067","Turista","Vacaciones","Doble","124","Convenio Empresa","Completada",887.05,887.05,"Transferencia",22.60,"Lavandería"
413,"RES000413","2025-06-09 10:00:00","2025-08-02","2025-08-08",2,0,0,887.05,"Hotel Central San José","Urbano","San José","Costa Rica","Camila","Rivera","camila.rivera@mail.com","60007067","Turista","Vacaciones","Doble","124","Convenio Empresa","Completada",887.05,887.05,"Transferencia",61.02,"Restaurante"
413,"RES000413","2025-06-09 10:00:00","2025-08-02","2025-08-08",2,0,0,887.05,"Hotel Central San José","Urbano","San José","Costa Rica","Camila","Rivera","camila.rivera@mail.com","60007067","Turista","Vacaciones","Doble","124","Convenio Empresa","Completada",887.05,887.05,"Transferencia",186.45,"Spa"
649,"RES000649","2025-02-15 10:00:00","2025-03-07","2025-03-09",3,0,0,427.82,"Hotel Central San José","Urbano","San José","Costa Rica","Maria","Lopez","maria.lopez@mail.com","60001591","Turista","Vacaciones","Sencilla","103","Call Center","Completada",427.82,427.82,"Tarjeta Crédito",206.79,"Spa"
649,"RES000649","2025-02-15 10:00:00","2025-03-07","2025-03-09",3,0,0,427.82,"Hotel Central San José","Urbano","San José","Costa Rica","Maria","Lopez","maria.lopez@mail.com","60001591","Turista","Vacaciones","Sencilla","103","Call Center","Completada",427.82,427.82,"Tarjeta Crédito",85.43,"Tour"
100,"RES000100","2025-08-06 10:00:00","2025-08-17","2025-08-22",1,1,0,651.73,"Boutique Manuel Antonio","Boutique","Manuel Antonio","Costa Rica","Carlos","Rodriguez","carlos.rodriguez@mail.com","60003700","Turista","Vacaciones","Doble","425","Expedia","Completada",651.73,651.73,"Convenio Empresa",44.07,"Estacionamiento"
100,"RES000100","2025-08-06 10:00:00","2025-08-17","2025-08-22",1,1,0,651.73,"Boutique Manuel Antonio","Boutique","Manuel Antonio","Costa Rica","Carlos","Rodriguez","carlos.rodriguez@mail.com","60003700","Turista","Vacaciones","Doble","425","Expedia","Completada",651.73,651.73,"Convenio Empresa",22.60,"Lavandería"
150,"RES000150","2025-09-11 10:00:00","2025-11-11","2025-11-12",1,2,0,253.12,"Resort Pacífico Jacó","Resort","Jacó","Costa Rica","Jorge","Flores","jorge.flores@mail.com","60005550","Turista","Vacaciones","Familiar","238","Web Directa","Completada",253.12,253.12,"Tarjeta Débito",61.02,"Restaurante"
656,"RES000656","2025-03-15 10:00:00","2025-04-11","2025-04-14",3,1,0,475.96,"Boutique Manuel Antonio","Boutique","Manuel Antonio","Costa Rica","Fernando","Morales","fernando.morales@mail.com","60003404","Turista","Vacaciones","Sencilla","404","Call Center","Completada",475.96,475.96,"Transferencia",88.14,"Tour"
656,"RES000656","2025-03-15 10:00:00","2025-04-11","2025-04-14",3,1,0,475.96,"Boutique Manuel Antonio","Boutique","Manuel Antonio","Costa Rica","Fernando","Morales","fernando.morales@mail.com","60003404","Turista","Vacaciones","Sencilla","404","Call Center","Completada",475.96,475.96,"Transferencia",69.16,"Traslado"
656,"RES000656","2025-03-15 10:00:00","2025-04-11","2025-04-14",3,1,0,475.96,"Boutique Manuel Antonio","Boutique","Manuel Antonio","Costa Rica","Fernando","Morales","fernando.morales@mail.com","60003404","Turista","Vacaciones","Sencilla","404","Call Center","Completada",475.96,475.96,"Transferencia",64.41,"Estacionamiento"
429,"RES000429","2025-06-25 10:00:00","2025-09-03","2025-09-07",3,0,0,768.40,"Hotel Central San José","Urbano","San José","Costa Rica","Maria","Lopez","maria.lopez@mail.com","60000111","Turista","Vacaciones","Suite","128","Expedia","Completada",768.40,768.40,"Efectivo",76.84,"Traslado"
835,"RES000835","2026-03-02 10:00:00","2026-03-28","2026-03-30",2,0,0,424.88,"Ecohotel Arenal","Ecohotel","La Fortuna","Costa Rica","Laura","Hernandez","laura.hernandez@mail.com","60005365","Corporativo","Negocios","Sencilla","309","Expedia","Completada",424.88,424.88,"Tarjeta Crédito",186.45,"Spa"
835,"RES000835","2026-03-02 10:00:00","2026-03-28","2026-03-30",2,0,0,424.88,"Ecohotel Arenal","Ecohotel","La Fortuna","Costa Rica","Laura","Hernandez","laura.hernandez@mail.com","60005365","Corporativo","Negocios","Sencilla","309","Expedia","Completada",424.88,424.88,"Tarjeta Crédito",88.14,"Tour"
25,"RES000025","2025-02-01 10:00:00","2025-02-27","2025-03-01",2,0,0,335.61,"Hotel Central San José","Urbano","San José","Costa Rica","Paula","Vargas","paula.vargas@mail.com","60006475","Corporativo","Negocios","Sencilla","107","Agencia Mayorista","Confirmada",335.61,134.24,"Tarjeta Débito",206.79,"Spa"
648,"RES000648","2025-03-07 10:00:00","2025-03-26","2025-03-27",3,2,1,123.74,"Boutique Manuel Antonio","Boutique","Manuel Antonio","Costa Rica","Ricardo","Rojas","ricardo.rojas@mail.com","60001332","Corporativo","Negocios","Sencilla","402","Agencia Mayorista","Completada",123.74,123.74,"Efectivo",47.46,"Restaurante"
570,"RES000570","2026-05-19 10:00:00","2026-06-19","2026-06-20",1,2,0,154.19,"Resort Pacífico Jacó","Resort","Jacó","Costa Rica","Jorge","Flores","jorge.flores@mail.com","60003330","Turista","Vacaciones","Doble","223","Web Directa","Completada",154.19,154.19,"Transferencia",61.02,"Restaurante"
434,"RES000434","2025-07-07 10:00:00","2025-09-20","2025-09-23",2,0,0,748.06,"Resort Pacífico Jacó","Resort","Jacó","Costa Rica","Miguel","Mendoza","miguel.mendoza@mail.com","60001406","Familiar","Visita Familiar","Suite","229","Convenio Empresa","Completada",748.06,748.06,"Efectivo",94.92,"Tour"
434,"RES000434","2025-07-07 10:00:00","2025-09-20","2025-09-23",2,0,0,748.06,"Resort Pacífico Jacó","Resort","Jacó","Costa Rica","Miguel","Mendoza","miguel.mendoza@mail.com","60001406","Familiar","Visita Familiar","Suite","229","Convenio Empresa","Completada",748.06,748.06,"Efectivo",63.28,"Traslado"
434,"RES000434","2025-07-07 10:00:00","2025-09-20","2025-09-23",2,0,0,748.06,"Resort Pacífico Jacó","Resort","Jacó","Costa Rica","Miguel","Mendoza","miguel.mendoza@mail.com","60001406","Familiar","Visita Familiar","Suite","229","Convenio Empresa","Completada",748.06,748.06,"Efectivo",44.07,"Estacionamiento"
211,"RES000211","2026-02-16 10:00:00","2026-03-20","2026-03-22",1,0,0,507.37,"Ecohotel Arenal","Ecohotel","La Fortuna","Costa Rica","Elena","Navarro","elena.navarro@mail.com","60000249","Familiar","Visita Familiar","Doble","313","Booking","Completada",507.37,507.37,"Tarjeta Crédito",186.45,"Spa"
211,"RES000211","2026-02-16 10:00:00","2026-03-20","2026-03-22",1,0,0,507.37,"Ecohotel Arenal","Ecohotel","La Fortuna","Costa Rica","Elena","Navarro","elena.navarro@mail.com","60000249","Familiar","Visita Familiar","Doble","313","Booking","Completada",507.37,507.37,"Tarjeta Crédito",88.14,"Tour"
530,"RES000530","2026-01-09 10:00:00","2026-03-31","2026-04-03",1,0,0,508.33,"Resort Pacífico Jacó","Resort","Jacó","Costa Rica","Jorge","Flores","jorge.flores@mail.com","60004070","Turista","Vacaciones","Doble","213","Call Center","Completada",508.33,508.33,"Tarjeta Crédito",94.92,"Tour"
530,"RES000530","2026-01-09 10:00:00","2026-03-31","2026-04-03",1,0,0,508.33,"Resort Pacífico Jacó","Resort","Jacó","Costa Rica","Jorge","Flores","jorge.flores@mail.com","60004070","Turista","Vacaciones","Doble","213","Call Center","Completada",508.33,508.33,"Tarjeta Crédito",56.95,"Traslado"
530,"RES000530","2026-01-09 10:00:00","2026-03-31","2026-04-03",1,0,0,508.33,"Resort Pacífico Jacó","Resort","Jacó","Costa Rica","Jorge","Flores","jorge.flores@mail.com","60004070","Turista","Vacaciones","Doble","213","Call Center","Completada",508.33,508.33,"Tarjeta Crédito",44.07,"Estacionamiento"
536,"RES000536","2026-01-29 10:00:00","2026-04-26","2026-04-29",3,1,0,592.46,"Boutique Manuel Antonio","Boutique","Manuel Antonio","Costa Rica","Fernando","Morales","fernando.morales@mail.com","60005624","Turista","Vacaciones","Doble","414","Agencia Mayorista","Completada",592.46,592.46,"Tarjeta Débito",88.14,"Tour"
536,"RES000536","2026-01-29 10:00:00","2026-04-26","2026-04-29",3,1,0,592.46,"Boutique Manuel Antonio","Boutique","Manuel Antonio","Costa Rica","Fernando","Morales","fernando.morales@mail.com","60005624","Turista","Vacaciones","Doble","414","Agencia Mayorista","Completada",592.46,592.46,"Tarjeta Débito",76.84,"Traslado"
536,"RES000536","2026-01-29 10:00:00","2026-04-26","2026-04-29",3,1,0,592.46,"Boutique Manuel Antonio","Boutique","Manuel Antonio","Costa Rica","Fernando","Morales","fernando.morales@mail.com","60005624","Turista","Vacaciones","Doble","414","Agencia Mayorista","Completada",592.46,592.46,"Tarjeta Débito",57.97,"Estacionamiento"
465,"RES000465","2025-10-29 10:00:00","2025-11-14","2025-11-18",2,0,0,806.82,"Hotel Central San José","Urbano","San José","Costa Rica","Paula","Vargas","paula.vargas@mail.com","60009435","Corporativo","Negocios","Familiar","137","Web Directa","Confirmada",806.82,322.73,"Convenio Empresa",76.84,"Traslado"
449,"RES000449","2025-07-15 10:00:00","2025-10-13","2025-10-19",3,0,0,1307.41,"Hotel Central San José","Urbano","San José","Costa Rica","Maria","Lopez","maria.lopez@mail.com","60005291","Turista","Vacaciones","Suite","133","Booking","Completada",1307.41,1307.41,"Tarjeta Crédito",22.60,"Lavandería"
449,"RES000449","2025-07-15 10:00:00","2025-10-13","2025-10-19",3,0,0,1307.41,"Hotel Central San José","Urbano","San José","Costa Rica","Maria","Lopez","maria.lopez@mail.com","60005291","Turista","Vacaciones","Suite","133","Booking","Completada",1307.41,1307.41,"Tarjeta Crédito",61.02,"Restaurante"
449,"RES000449","2025-07-15 10:00:00","2025-10-13","2025-10-19",3,0,0,1307.41,"Hotel Central San José","Urbano","San José","Costa Rica","Maria","Lopez","maria.lopez@mail.com","60005291","Turista","Vacaciones","Suite","133","Booking","Completada",1307.41,1307.41,"Tarjeta Crédito",186.45,"Spa"
520,"RES000520","2026-01-13 10:00:00","2026-03-25","2026-03-30",1,1,0,469.23,"Boutique Manuel Antonio","Boutique","Manuel Antonio","Costa Rica","Carlos","Rodriguez","carlos.rodriguez@mail.com","60001480","Turista","Vacaciones","Sencilla","410","Expedia","Completada",469.23,469.23,"Efectivo",44.07,"Estacionamiento"
520,"RES000520","2026-01-13 10:00:00","2026-03-25","2026-03-30",1,1,0,469.23,"Boutique Manuel Antonio","Boutique","Manuel Antonio","Costa Rica","Carlos","Rodriguez","carlos.rodriguez@mail.com","60001480","Turista","Vacaciones","Sencilla","410","Expedia","Completada",469.23,469.23,"Efectivo",22.60,"Lavandería"
55,"RES000055","2025-03-17 10:00:00","2025-05-12","2025-05-14",2,0,0,477.09,"Ecohotel Arenal","Ecohotel","La Fortuna","Costa Rica","Laura","Hernandez","laura.hernandez@mail.com","60003145","Corporativo","Negocios","Doble","314","Walk In","Completada",477.09,477.09,"Tarjeta Débito",167.81,"Spa"
55,"RES000055","2025-03-17 10:00:00","2025-05-12","2025-05-14",2,0,0,477.09,"Ecohotel Arenal","Ecohotel","La Fortuna","Costa Rica","Laura","Hernandez","laura.hernandez@mail.com","60003145","Corporativo","Negocios","Doble","314","Walk In","Completada",477.09,477.09,"Tarjeta Débito",88.14,"Tour"
148,"RES000148","2025-09-23 10:00:00","2025-11-21","2025-11-26",3,1,0,1309.67,"Boutique Manuel Antonio","Boutique","Manuel Antonio","Costa Rica","Ricardo","Rojas","ricardo.rojas@mail.com","60005032","Corporativo","Negocios","Familiar","437","Booking","Completada",1309.67,1309.67,"Efectivo",44.07,"Estacionamiento"
148,"RES000148","2025-09-23 10:00:00","2025-11-21","2025-11-26",3,1,0,1309.67,"Boutique Manuel Antonio","Boutique","Manuel Antonio","Costa Rica","Ricardo","Rojas","ricardo.rojas@mail.com","60005032","Corporativo","Negocios","Familiar","437","Booking","Completada",1309.67,1309.67,"Efectivo",22.60,"Lavandería"
790,"RES000790","2025-10-11 10:00:00","2025-12-21","2025-12-26",1,0,0,1147.29,"Resort Pacífico Jacó","Resort","Jacó","Costa Rica","Jorge","Flores","jorge.flores@mail.com","60004810","Turista","Vacaciones","Familiar","238","Walk In","Completada",1147.29,1147.29,"Convenio Empresa",57.97,"Estacionamiento"
790,"RES000790","2025-10-11 10:00:00","2025-12-21","2025-12-26",1,0,0,1147.29,"Resort Pacífico Jacó","Resort","Jacó","Costa Rica","Jorge","Flores","jorge.flores@mail.com","60004810","Turista","Vacaciones","Familiar","238","Walk In","Completada",1147.29,1147.29,"Convenio Empresa",15.82,"Lavandería"
828,"RES000828","2026-03-02 10:00:00","2026-03-21","2026-03-22",3,2,1,123.74,"Boutique Manuel Antonio","Boutique","Manuel Antonio","Costa Rica","Ricardo","Rojas","ricardo.rojas@mail.com","60003552","Corporativo","Negocios","Sencilla","407","Expedia","Completada",123.74,123.74,"Convenio Empresa",47.46,"Restaurante"
681,"RES000681","2025-03-19 10:00:00","2025-05-10","2025-05-14",1,0,0,411.32,"Hotel Central San José","Urbano","San José","Costa Rica","Sofia","Ramirez","sofia.ramirez@mail.com","60009879","Familiar","Visita Familiar","Doble","111","Expedia","Cancelada",NULL,NULL,NULL,NULL,NULL
264,"RES000264","2026-04-17 10:00:00","2026-07-11","2026-07-12",2,2,1,200.01,"Boutique Manuel Antonio","Boutique","Manuel Antonio","Costa Rica","Daniel","Sanchez","daniel.sanchez@mail.com","60001776","Familiar","Visita Familiar","Suite","426","Call Center","NoShow",NULL,NULL,NULL,NULL,NULL
601,"RES000601","2026-06-12 10:00:00","2026-08-13","2026-08-15",1,0,0,345.78,"Hotel Central San José","Urbano","San José","Costa Rica","Sofia","Ramirez","sofia.ramirez@mail.com","60000259","Familiar","Visita Familiar","Suite","131","Walk In","Cancelada",NULL,NULL,NULL,NULL,NULL
664,"RES000664","2025-03-23 10:00:00","2025-04-27","2025-05-02",2,1,0,423.75,"Boutique Manuel Antonio","Boutique","Manuel Antonio","Costa Rica","Daniel","Sanchez","daniel.sanchez@mail.com","60005476","Familiar","Visita Familiar","Sencilla","406","Walk In","NoShow",NULL,NULL,NULL,NULL,NULL
802,"RES000802","2025-10-23 10:00:00","2026-01-14","2026-01-19",1,0,0,367.25,"Resort Pacífico Jacó","Resort","Jacó","Costa Rica","Diego","Castro","diego.castro@mail.com","60007918","Turista","Vacaciones","Sencilla","201","Agencia Mayorista","Cancelada",NULL,NULL,NULL,NULL,NULL
801,"RES000801","2025-10-15 10:00:00","2026-01-05","2026-01-09",1,0,0,244.08,"Hotel Central San José","Urbano","San José","Costa Rica","Sofia","Ramirez","sofia.ramirez@mail.com","60007659","Familiar","Visita Familiar","Sencilla","101","Web Directa","Cancelada",NULL,NULL,NULL,NULL,NULL
384,"RES000384","2025-06-01 10:00:00","2025-06-26","2025-06-27",2,2,1,123.17,"Boutique Manuel Antonio","Boutique","Manuel Antonio","Costa Rica","Daniel","Sanchez","daniel.sanchez@mail.com","60000656","Familiar","Visita Familiar","Doble","416","Walk In","NoShow",NULL,NULL,NULL,NULL,NULL
101,"RES000101","2025-07-17 10:00:00","2025-07-29","2025-08-04",1,0,0,1037.34,"Hotel Central San José","Urbano","San José","Costa Rica","Sofia","Ramirez","sofia.ramirez@mail.com","60003959","Familiar","Visita Familiar","Suite","126","Web Directa","Cancelada",NULL,NULL,NULL,NULL,NULL
82,"RES000082","2025-04-06 10:00:00","2025-06-28","2025-07-03",1,0,0,548.05,"Resort Pacífico Jacó","Resort","Jacó","Costa Rica","Diego","Castro","diego.castro@mail.com","60000138","Turista","Vacaciones","Doble","221","Call Center","Cancelada",NULL,NULL,NULL,NULL,NULL
883,"RES000883","2026-04-19 10:00:00","2026-07-02","2026-07-04",2,0,0,232.78,"Ecohotel Arenal","Ecohotel","La Fortuna","Costa Rica","Ana","Gomez","ana.gomez@mail.com","60006697","Turista","Vacaciones","Doble","321","Booking","Cancelada",NULL,NULL,NULL,NULL,NULL
382,"RES000382","2025-05-16 10:00:00","2025-06-08","2025-06-13",1,0,0,548.05,"Resort Pacífico Jacó","Resort","Jacó","Costa Rica","Diego","Castro","diego.castro@mail.com","60000138","Turista","Vacaciones","Doble","216","Agencia Mayorista","Cancelada",NULL,NULL,NULL,NULL,NULL
541,"RES000541","2026-04-13 10:00:00","2026-04-15","2026-04-17",1,0,0,205.66,"Hotel Central San José","Urbano","San José","Costa Rica","Sofia","Ramirez","sofia.ramirez@mail.com","60006919","Familiar","Visita Familiar","Doble","116","Expedia","Cancelada",NULL,NULL,NULL,NULL,NULL
523,"RES000523","2026-01-09 10:00:00","2026-03-24","2026-03-26",2,0,0,232.78,"Ecohotel Arenal","Ecohotel","La Fortuna","Costa Rica","Ana","Gomez","ana.gomez@mail.com","60002257","Turista","Vacaciones","Doble","311","Call Center","Cancelada",NULL,NULL,NULL,NULL,NULL
882,"RES000882","2026-04-11 10:00:00","2026-06-23","2026-06-24",1,2,0,98.65,"Resort Pacífico Jacó","Resort","Jacó","Costa Rica","Diego","Castro","diego.castro@mail.com","60006438","Turista","Vacaciones","Doble","221","Convenio Empresa","Cancelada",NULL,NULL,NULL,NULL,NULL
662,"RES000662","2025-03-07 10:00:00","2025-04-09","2025-04-12",1,0,0,220.35,"Resort Pacífico Jacó","Resort","Jacó","Costa Rica","Diego","Castro","diego.castro@mail.com","60004958","Turista","Vacaciones","Sencilla","206","Agencia Mayorista","Cancelada",NULL,NULL,NULL,NULL,NULL
241,"RES000241","2026-03-04 10:00:00","2026-05-05","2026-05-07",1,0,0,205.66,"Hotel Central San José","Urbano","San José","Costa Rica","Sofia","Ramirez","sofia.ramirez@mail.com","60006919","Familiar","Visita Familiar","Doble","121","Web Directa","Cancelada",NULL,NULL,NULL,NULL,NULL
142,"RES000142","2025-09-03 10:00:00","2025-10-26","2025-10-31",1,0,0,1130.00,"Resort Pacífico Jacó","Resort","Jacó","Costa Rica","Diego","Castro","diego.castro@mail.com","60003478","Turista","Vacaciones","Familiar","236","Expedia","Cancelada",NULL,NULL,NULL,NULL,NULL
563,"RES000563","2026-05-19 10:00:00","2026-06-12","2026-06-18",2,0,0,698.34,"Ecohotel Arenal","Ecohotel","La Fortuna","Costa Rica","Ana","Gomez","ana.gomez@mail.com","60001517","Turista","Vacaciones","Doble","321","Web Directa","Cancelada",NULL,NULL,NULL,NULL,NULL
861,"RES000861","2026-03-14 10:00:00","2026-05-05","2026-05-09",1,0,0,411.32,"Hotel Central San José","Urbano","San José","Costa Rica","Sofia","Ramirez","sofia.ramirez@mail.com","60000999","Familiar","Visita Familiar","Doble","116","Convenio Empresa","Cancelada",NULL,NULL,NULL,NULL,NULL
504,"RES000504","2025-12-28 10:00:00","2026-02-21","2026-02-22",2,2,1,76.28,"Boutique Manuel Antonio","Boutique","Manuel Antonio","Costa Rica","Daniel","Sanchez","daniel.sanchez@mail.com","60008436","Familiar","Visita Familiar","Sencilla","406","Convenio Empresa","NoShow",NULL,NULL,NULL,NULL,NULL
284,"RES000284","2026-08-05 10:00:00","2026-08-20","2026-08-23",2,1,0,600.03,"Boutique Manuel Antonio","Boutique","Manuel Antonio","Costa Rica","Daniel","Sanchez","daniel.sanchez@mail.com","60006956","Familiar","Visita Familiar","Suite","431","Agencia Mayorista","NoShow",NULL,NULL,NULL,NULL,NULL
442,"RES000442","2025-07-15 10:00:00","2025-10-06","2025-10-11",1,0,0,909.65,"Resort Pacífico Jacó","Resort","Jacó","Costa Rica","Diego","Castro","diego.castro@mail.com","60003478","Turista","Vacaciones","Suite","231","Booking","Cancelada",NULL,NULL,NULL,NULL,NULL
524,"RES000524","2026-01-17 10:00:00","2026-04-02","2026-04-05",2,1,0,369.51,"Boutique Manuel Antonio","Boutique","Manuel Antonio","Costa Rica","Daniel","Sanchez","daniel.sanchez@mail.com","60002516","Familiar","Visita Familiar","Doble","411","Walk In","NoShow",NULL,NULL,NULL,NULL,NULL
644,"RES000644","2025-03-03 10:00:00","2025-03-18","2025-03-21",2,1,0,254.25,"Boutique Manuel Antonio","Boutique","Manuel Antonio","Costa Rica","Daniel","Sanchez","daniel.sanchez@mail.com","60000296","Familiar","Visita Familiar","Sencilla","401","Convenio Empresa","NoShow",NULL,NULL,NULL,NULL,NULL
763,"RES000763","2025-09-21 10:00:00","2025-11-04","2025-11-06",2,0,0,381.94,"Ecohotel Arenal","Ecohotel","La Fortuna","Costa Rica","Ana","Gomez","ana.gomez@mail.com","60008917","Turista","Vacaciones","Suite","331","Convenio Empresa","Cancelada",NULL,NULL,NULL,NULL,NULL
282,"RES000282","2026-07-20 10:00:00","2026-08-02","2026-08-03",1,2,0,181.93,"Resort Pacífico Jacó","Resort","Jacó","Costa Rica","Diego","Castro","diego.castro@mail.com","60006438","Turista","Vacaciones","Suite","231","Expedia","Cancelada",NULL,NULL,NULL,NULL,NULL
321,"RES000321","2024-12-09 10:00:00","2025-01-30","2025-02-03",1,0,0,271.20,"Hotel Central San José","Urbano","San José","Costa Rica","Sofia","Ramirez","sofia.ramirez@mail.com","60005439","Familiar","Visita Familiar","Sencilla","101","Walk In","Cancelada",NULL,NULL,NULL,NULL,NULL
324,"RES000324","2025-01-02 10:00:00","2025-02-26","2025-02-27",2,2,1,76.28,"Boutique Manuel Antonio","Boutique","Manuel Antonio","Costa Rica","Daniel","Sanchez","daniel.sanchez@mail.com","60006216","Familiar","Visita Familiar","Sencilla","401","Expedia","NoShow",NULL,NULL,NULL,NULL,NULL
684,"RES000684","2025-04-12 10:00:00","2025-06-06","2025-06-07",2,2,1,110.85,"Boutique Manuel Antonio","Boutique","Manuel Antonio","Costa Rica","Daniel","Sanchez","daniel.sanchez@mail.com","60000656","Familiar","Visita Familiar","Doble","411","Call Center","NoShow",NULL,NULL,NULL,NULL,NULL
143,"RES000143","2025-09-11 10:00:00","2025-11-04","2025-11-10",2,0,0,1423.80,"Ecohotel Arenal","Ecohotel","La Fortuna","Costa Rica","Ana","Gomez","ana.gomez@mail.com","60003737","Turista","Vacaciones","Familiar","336","Web Directa","Cancelada",NULL,NULL,NULL,NULL,NULL
424,"RES000424","2025-07-11 10:00:00","2025-09-14","2025-09-19",2,1,0,1000.05,"Boutique Manuel Antonio","Boutique","Manuel Antonio","Costa Rica","Daniel","Sanchez","daniel.sanchez@mail.com","60009916","Familiar","Visita Familiar","Suite","426","Agencia Mayorista","NoShow",NULL,NULL,NULL,NULL,NULL
381,"RES000381","2025-05-08 10:00:00","2025-05-30","2025-06-03",1,0,0,411.32,"Hotel Central San José","Urbano","San José","Costa Rica","Sofia","Ramirez","sofia.ramirez@mail.com","60009879","Familiar","Visita Familiar","Doble","116","Web Directa","Cancelada",NULL,NULL,NULL,NULL,NULL
243,"RES000243","2026-03-20 10:00:00","2026-05-23","2026-05-27",2,0,0,419.00,"Ecohotel Arenal","Ecohotel","La Fortuna","Costa Rica","Ana","Gomez","ana.gomez@mail.com","60007437","Turista","Vacaciones","Doble","321","Call Center","Cancelada",NULL,NULL,NULL,NULL,NULL
64,"RES000064","2025-04-02 10:00:00","2025-06-06","2025-06-11",2,1,0,615.85,"Boutique Manuel Antonio","Boutique","Manuel Antonio","Costa Rica","Daniel","Sanchez","daniel.sanchez@mail.com","60005476","Familiar","Visita Familiar","Doble","416","Booking","NoShow",NULL,NULL,NULL,NULL,NULL
582,"RES000582","2026-05-31 10:00:00","2026-07-13","2026-07-14",1,2,0,181.93,"Resort Pacífico Jacó","Resort","Jacó","Costa Rica","Diego","Castro","diego.castro@mail.com","60006438","Turista","Vacaciones","Suite","226","Booking","Cancelada",NULL,NULL,NULL,NULL,NULL
104,"RES000104","2025-08-10 10:00:00","2025-08-25","2025-08-28",2,1,0,600.03,"Boutique Manuel Antonio","Boutique","Manuel Antonio","Costa Rica","Daniel","Sanchez","daniel.sanchez@mail.com","60004736","Familiar","Visita Familiar","Suite","426","Walk In","NoShow",NULL,NULL,NULL,NULL,NULL
163,"RES000163","2025-10-01 10:00:00","2025-12-14","2025-12-16",2,0,0,158.20,"Ecohotel Arenal","Ecohotel","La Fortuna","Costa Rica","Ana","Gomez","ana.gomez@mail.com","60008917","Turista","Vacaciones","Sencilla","301","Expedia","Cancelada",NULL,NULL,NULL,NULL,NULL
102,"RES000102","2025-07-25 10:00:00","2025-08-07","2025-08-08",1,2,0,181.93,"Resort Pacífico Jacó","Resort","Jacó","Costa Rica","Diego","Castro","diego.castro@mail.com","60004218","Turista","Vacaciones","Suite","226","Agencia Mayorista","Cancelada",NULL,NULL,NULL,NULL,NULL
2,"RES000002","2025-01-16 10:00:00","2025-01-19","2025-01-22",1,0,0,220.35,"Resort Pacífico Jacó","Resort","Jacó","Costa Rica","Diego","Castro","diego.castro@mail.com","60000518","Turista","Vacaciones","Sencilla","201","Expedia","Cancelada",NULL,NULL,NULL,NULL,NULL
343,"RES000343","2025-01-14 10:00:00","2025-03-29","2025-03-31",2,0,0,158.20,"Ecohotel Arenal","Ecohotel","La Fortuna","Costa Rica","Ana","Gomez","ana.gomez@mail.com","60000037","Turista","Vacaciones","Sencilla","306","Convenio Empresa","Cancelada",NULL,NULL,NULL,NULL,NULL
624,"RES000624","2024-11-13 10:00:00","2025-02-06","2025-02-07",2,2,1,248.60,"Boutique Manuel Antonio","Boutique","Manuel Antonio","Costa Rica","Daniel","Sanchez","daniel.sanchez@mail.com","60006216","Familiar","Visita Familiar","Familiar","436","Booking","NoShow",NULL,NULL,NULL,NULL,NULL
843,"RES000843","2026-03-10 10:00:00","2026-04-13","2026-04-17",2,0,0,465.56,"Ecohotel Arenal","Ecohotel","La Fortuna","Costa Rica","Ana","Gomez","ana.gomez@mail.com","60007437","Turista","Vacaciones","Doble","311","Web Directa","Cancelada",NULL,NULL,NULL,NULL,NULL
823,"RES000823","2026-02-18 10:00:00","2026-03-04","2026-03-06",2,0,0,158.20,"Ecohotel Arenal","Ecohotel","La Fortuna","Costa Rica","Ana","Gomez","ana.gomez@mail.com","60002257","Turista","Vacaciones","Sencilla","306","Agencia Mayorista","Cancelada",NULL,NULL,NULL,NULL,NULL
841,"RES000841","2026-02-22 10:00:00","2026-03-26","2026-03-28",1,0,0,205.66,"Hotel Central San José","Urbano","San José","Costa Rica","Sofia","Ramirez","sofia.ramirez@mail.com","60006919","Familiar","Visita Familiar","Doble","111","Booking","Cancelada",NULL,NULL,NULL,NULL,NULL
781,"RES000781","2025-09-25 10:00:00","2025-11-26","2025-11-28",1,0,0,429.40,"Hotel Central San José","Urbano","San José","Costa Rica","Sofia","Ramirez","sofia.ramirez@mail.com","60002479","Familiar","Visita Familiar","Familiar","136","Agencia Mayorista","Cancelada",NULL,NULL,NULL,NULL,NULL
444,"RES000444","2025-07-31 10:00:00","2025-10-24","2025-10-25",2,2,1,200.01,"Boutique Manuel Antonio","Boutique","Manuel Antonio","Costa Rica","Daniel","Sanchez","daniel.sanchez@mail.com","60003996","Familiar","Visita Familiar","Suite","431","Web Directa","NoShow",NULL,NULL,NULL,NULL,NULL
741,"RES000741","2025-08-16 10:00:00","2025-09-07","2025-09-11",1,0,0,691.56,"Hotel Central San José","Urbano","San José","Costa Rica","Sofia","Ramirez","sofia.ramirez@mail.com","60003219","Familiar","Visita Familiar","Suite","126","Walk In","Cancelada",NULL,NULL,NULL,NULL,NULL
83,"RES000083","2025-04-14 10:00:00","2025-07-07","2025-07-13",2,0,0,698.34,"Ecohotel Arenal","Ecohotel","La Fortuna","Costa Rica","Ana","Gomez","ana.gomez@mail.com","60000397","Turista","Vacaciones","Doble","321","Walk In","Cancelada",NULL,NULL,NULL,NULL,NULL
304,"RES000304","2024-12-13 10:00:00","2025-01-17","2025-01-22",2,1,0,1243.00,"Boutique Manuel Antonio","Boutique","Manuel Antonio","Costa Rica","Daniel","Sanchez","daniel.sanchez@mail.com","60001036","Familiar","Visita Familiar","Familiar","436","Web Directa","NoShow",NULL,NULL,NULL,NULL,NULL
361,"RES000361","2025-04-18 10:00:00","2025-04-20","2025-04-22",1,0,0,205.66,"Hotel Central San José","Urbano","San José","Costa Rica","Sofia","Ramirez","sofia.ramirez@mail.com","60004699","Familiar","Visita Familiar","Doble","111","Agencia Mayorista","Cancelada",NULL,NULL,NULL,NULL,NULL
182,"RES000182","2026-01-11 10:00:00","2026-01-14","2026-01-17",1,0,0,220.35,"Resort Pacífico Jacó","Resort","Jacó","Costa Rica","Diego","Castro","diego.castro@mail.com","60002738","Turista","Vacaciones","Sencilla","206","Convenio Empresa","Cancelada",NULL,NULL,NULL,NULL,NULL
261,"RES000261","2026-03-24 10:00:00","2026-06-14","2026-06-18",1,0,0,622.40,"Hotel Central San José","Urbano","San José","Costa Rica","Sofia","Ramirez","sofia.ramirez@mail.com","60000999","Familiar","Visita Familiar","Suite","126","Expedia","Cancelada",NULL,NULL,NULL,NULL,NULL
123,"RES000123","2025-08-22 10:00:00","2025-09-25","2025-09-29",2,0,0,763.88,"Ecohotel Arenal","Ecohotel","La Fortuna","Costa Rica","Ana","Gomez","ana.gomez@mail.com","60009657","Turista","Vacaciones","Suite","331","Agencia Mayorista","Cancelada",NULL,NULL,NULL,NULL,NULL
484,"RES000484","2025-12-08 10:00:00","2026-01-12","2026-01-17",2,1,0,423.75,"Boutique Manuel Antonio","Boutique","Manuel Antonio","Costa Rica","Daniel","Sanchez","daniel.sanchez@mail.com","60003256","Familiar","Visita Familiar","Sencilla","401","Booking","NoShow",NULL,NULL,NULL,NULL,NULL
404,"RES000404","2025-06-21 10:00:00","2025-08-05","2025-08-08",2,1,0,369.51,"Boutique Manuel Antonio","Boutique","Manuel Antonio","Costa Rica","Daniel","Sanchez","daniel.sanchez@mail.com","60004736","Familiar","Visita Familiar","Doble","421","Call Center","NoShow",NULL,NULL,NULL,NULL,NULL
723,"RES000723","2025-08-12 10:00:00","2025-08-16","2025-08-20",2,0,0,465.56,"Ecohotel Arenal","Ecohotel","La Fortuna","Costa Rica","Ana","Gomez","ana.gomez@mail.com","60009657","Turista","Vacaciones","Doble","321","Expedia","Cancelada",NULL,NULL,NULL,NULL,NULL
642,"RES000642","2025-02-15 10:00:00","2025-02-28","2025-03-01",1,2,0,73.45,"Resort Pacífico Jacó","Resort","Jacó","Costa Rica","Diego","Castro","diego.castro@mail.com","60000878","Turista","Vacaciones","Sencilla","201","Call Center","Cancelada",NULL,NULL,NULL,NULL,NULL
303,"RES000303","2024-12-05 10:00:00","2025-01-08","2025-01-12",2,0,0,949.20,"Ecohotel Arenal","Ecohotel","La Fortuna","Costa Rica","Ana","Gomez","ana.gomez@mail.com","60000777","Turista","Vacaciones","Familiar","336","Expedia","Cancelada",NULL,NULL,NULL,NULL,NULL
543,"RES000543","2026-04-29 10:00:00","2026-05-03","2026-05-07",2,0,0,465.56,"Ecohotel Arenal","Ecohotel","La Fortuna","Costa Rica","Ana","Gomez","ana.gomez@mail.com","60007437","Turista","Vacaciones","Doble","316","Agencia Mayorista","Cancelada",NULL,NULL,NULL,NULL,NULL
782,"RES000782","2025-10-03 10:00:00","2025-12-05","2025-12-08",1,0,0,678.00,"Resort Pacífico Jacó","Resort","Jacó","Costa Rica","Diego","Castro","diego.castro@mail.com","60002738","Turista","Vacaciones","Familiar","236","Call Center","Cancelada",NULL,NULL,NULL,NULL,NULL
21,"RES000021","2025-01-28 10:00:00","2025-02-19","2025-02-23",1,0,0,271.20,"Hotel Central San José","Urbano","San José","Costa Rica","Sofia","Ramirez","sofia.ramirez@mail.com","60005439","Familiar","Visita Familiar","Sencilla","106","Convenio Empresa","Cancelada",NULL,NULL,NULL,NULL,NULL
401,"RES000401","2025-05-28 10:00:00","2025-07-09","2025-07-15",1,0,0,616.98,"Hotel Central San José","Urbano","San José","Costa Rica","Sofia","Ramirez","sofia.ramirez@mail.com","60003959","Familiar","Visita Familiar","Doble","121","Expedia","Cancelada",NULL,NULL,NULL,NULL,NULL
281,"RES000281","2026-07-12 10:00:00","2026-07-24","2026-07-30",1,0,0,1037.34,"Hotel Central San José","Urbano","San José","Costa Rica","Sofia","Ramirez","sofia.ramirez@mail.com","60006179","Familiar","Visita Familiar","Suite","131","Booking","Cancelada",NULL,NULL,NULL,NULL,NULL
462,"RES000462","2025-11-02 10:00:00","2025-11-15","2025-11-16",1,2,0,226.00,"Resort Pacífico Jacó","Resort","Jacó","Costa Rica","Diego","Castro","diego.castro@mail.com","60008658","Turista","Vacaciones","Familiar","236","Convenio Empresa","Cancelada",NULL,NULL,NULL,NULL,NULL
301,"RES000301","2026-08-01 10:00:00","2026-09-02","2026-09-04",1,0,0,429.40,"Hotel Central San José","Urbano","San José","Costa Rica","Sofia","Ramirez","sofia.ramirez@mail.com","60000259","Familiar","Visita Familiar","Familiar","136","Convenio Empresa","Cancelada",NULL,NULL,NULL,NULL,NULL
461,"RES000461","2025-10-25 10:00:00","2025-11-06","2025-11-12",1,0,0,1288.20,"Hotel Central San José","Urbano","San José","Costa Rica","Sofia","Ramirez","sofia.ramirez@mail.com","60008399","Familiar","Visita Familiar","Familiar","136","Walk In","Cancelada",NULL,NULL,NULL,NULL,NULL
181,"RES000181","2026-01-03 10:00:00","2026-01-05","2026-01-07",1,0,0,135.60,"Hotel Central San José","Urbano","San José","Costa Rica","Sofia","Ramirez","sofia.ramirez@mail.com","60002479","Familiar","Visita Familiar","Sencilla","106","Walk In","Cancelada",NULL,NULL,NULL,NULL,NULL
661,"RES000661","2025-02-27 10:00:00","2025-03-31","2025-04-02",1,0,0,135.60,"Hotel Central San José","Urbano","San José","Costa Rica","Sofia","Ramirez","sofia.ramirez@mail.com","60004699","Familiar","Visita Familiar","Sencilla","106","Web Directa","Cancelada",NULL,NULL,NULL,NULL,NULL
822,"RES000822","2026-02-10 10:00:00","2026-02-23","2026-02-24",1,2,0,73.45,"Resort Pacífico Jacó","Resort","Jacó","Costa Rica","Diego","Castro","diego.castro@mail.com","60001998","Turista","Vacaciones","Sencilla","206","Web Directa","Cancelada",NULL,NULL,NULL,NULL,NULL
581,"RES000581","2026-05-23 10:00:00","2026-07-04","2026-07-10",1,0,0,1037.34,"Hotel Central San José","Urbano","San José","Costa Rica","Sofia","Ramirez","sofia.ramirez@mail.com","60006179","Familiar","Visita Familiar","Suite","126","Convenio Empresa","Cancelada",NULL,NULL,NULL,NULL,NULL
863,"RES000863","2026-03-30 10:00:00","2026-05-23","2026-05-29",2,0,0,698.34,"Ecohotel Arenal","Ecohotel","La Fortuna","Costa Rica","Ana","Gomez","ana.gomez@mail.com","60001517","Turista","Vacaciones","Doble","316","Expedia","Cancelada",NULL,NULL,NULL,NULL,NULL
221,"RES000221","2026-02-12 10:00:00","2026-03-26","2026-04-01",1,0,0,616.98,"Hotel Central San José","Urbano","San José","Costa Rica","Sofia","Ramirez","sofia.ramirez@mail.com","60001739","Familiar","Visita Familiar","Doble","116","Agencia Mayorista","Cancelada",NULL,NULL,NULL,NULL,NULL
643,"RES000643","2025-02-23 10:00:00","2025-03-09","2025-03-11",2,0,0,158.20,"Ecohotel Arenal","Ecohotel","La Fortuna","Costa Rica","Ana","Gomez","ana.gomez@mail.com","60000037","Turista","Vacaciones","Sencilla","301","Walk In","Cancelada",NULL,NULL,NULL,NULL,NULL
421,"RES000421","2025-06-17 10:00:00","2025-08-18","2025-08-20",1,0,0,345.78,"Hotel Central San José","Urbano","San José","Costa Rica","Sofia","Ramirez","sofia.ramirez@mail.com","60009139","Familiar","Visita Familiar","Suite","126","Booking","Cancelada",NULL,NULL,NULL,NULL,NULL
701,"RES000701","2025-04-08 10:00:00","2025-06-19","2025-06-25",1,0,0,616.98,"Hotel Central San José","Urbano","San José","Costa Rica","Sofia","Ramirez","sofia.ramirez@mail.com","60003959","Familiar","Visita Familiar","Doble","116","Booking","Cancelada",NULL,NULL,NULL,NULL,NULL
164,"RES000164","2025-10-09 10:00:00","2025-12-23","2025-12-26",2,1,0,254.25,"Boutique Manuel Antonio","Boutique","Manuel Antonio","Costa Rica","Daniel","Sanchez","daniel.sanchez@mail.com","60009176","Familiar","Visita Familiar","Sencilla","401","Web Directa","NoShow",NULL,NULL,NULL,NULL,NULL
704,"RES000704","2025-05-02 10:00:00","2025-07-16","2025-07-19",2,1,0,369.51,"Boutique Manuel Antonio","Boutique","Manuel Antonio","Costa Rica","Daniel","Sanchez","daniel.sanchez@mail.com","60004736","Familiar","Visita Familiar","Doble","416","Agencia Mayorista","NoShow",NULL,NULL,NULL,NULL,NULL
603,"RES000603","2026-06-28 10:00:00","2026-08-31","2026-09-04",2,0,0,687.49,"Ecohotel Arenal","Ecohotel","La Fortuna","Costa Rica","Ana","Gomez","ana.gomez@mail.com","60000777","Turista","Vacaciones","Suite","331","Booking","Cancelada",NULL,NULL,NULL,NULL,NULL
443,"RES000443","2025-07-23 10:00:00","2025-10-15","2025-10-21",2,0,0,1145.82,"Ecohotel Arenal","Ecohotel","La Fortuna","Costa Rica","Ana","Gomez","ana.gomez@mail.com","60003737","Turista","Vacaciones","Suite","331","Expedia","Cancelada",NULL,NULL,NULL,NULL,NULL
804,"RES000804","2025-11-08 10:00:00","2026-02-01","2026-02-02",2,2,1,84.75,"Boutique Manuel Antonio","Boutique","Manuel Antonio","Costa Rica","Daniel","Sanchez","daniel.sanchez@mail.com","60008436","Familiar","Visita Familiar","Sencilla","401","Walk In","NoShow",NULL,NULL,NULL,NULL,NULL
803,"RES000803","2025-10-31 10:00:00","2026-01-23","2026-01-29",2,0,0,474.60,"Ecohotel Arenal","Ecohotel","La Fortuna","Costa Rica","Ana","Gomez","ana.gomez@mail.com","60008177","Turista","Vacaciones","Sencilla","301","Call Center","Cancelada",NULL,NULL,NULL,NULL,NULL
184,"RES000184","2026-01-27 10:00:00","2026-02-01","2026-02-06",2,1,0,423.75,"Boutique Manuel Antonio","Boutique","Manuel Antonio","Costa Rica","Daniel","Sanchez","daniel.sanchez@mail.com","60003256","Familiar","Visita Familiar","Sencilla","406","Expedia","NoShow",NULL,NULL,NULL,NULL,NULL
24,"RES000024","2025-02-21 10:00:00","2025-03-18","2025-03-19",2,2,1,84.75,"Boutique Manuel Antonio","Boutique","Manuel Antonio","Costa Rica","Daniel","Sanchez","daniel.sanchez@mail.com","60006216","Familiar","Visita Familiar","Sencilla","406","Web Directa","NoShow",NULL,NULL,NULL,NULL,NULL
403,"RES000403","2025-06-13 10:00:00","2025-07-27","2025-07-29",2,0,0,232.78,"Ecohotel Arenal","Ecohotel","La Fortuna","Costa Rica","Ana","Gomez","ana.gomez@mail.com","60004477","Turista","Vacaciones","Doble","321","Agencia Mayorista","Cancelada",NULL,NULL,NULL,NULL,NULL
244,"RES000244","2026-03-28 10:00:00","2026-06-01","2026-06-06",2,1,0,615.85,"Boutique Manuel Antonio","Boutique","Manuel Antonio","Costa Rica","Daniel","Sanchez","daniel.sanchez@mail.com","60007696","Familiar","Visita Familiar","Doble","421","Walk In","NoShow",NULL,NULL,NULL,NULL,NULL
722,"RES000722","2025-08-04 10:00:00","2025-08-07","2025-08-10",1,0,0,328.83,"Resort Pacífico Jacó","Resort","Jacó","Costa Rica","Diego","Castro","diego.castro@mail.com","60009398","Turista","Vacaciones","Doble","221","Booking","Cancelada",NULL,NULL,NULL,NULL,NULL
202,"RES000202","2026-01-31 10:00:00","2026-02-23","2026-02-28",1,0,0,548.05,"Resort Pacífico Jacó","Resort","Jacó","Costa Rica","Diego","Castro","diego.castro@mail.com","60007918","Turista","Vacaciones","Doble","211","Walk In","Cancelada",NULL,NULL,NULL,NULL,NULL
744,"RES000744","2025-09-09 10:00:00","2025-10-04","2025-10-05",2,2,1,200.01,"Boutique Manuel Antonio","Boutique","Manuel Antonio","Costa Rica","Daniel","Sanchez","daniel.sanchez@mail.com","60003996","Familiar","Visita Familiar","Suite","426","Expedia","NoShow",NULL,NULL,NULL,NULL,NULL
483,"RES000483","2025-11-30 10:00:00","2026-01-03","2026-01-07",2,0,0,316.40,"Ecohotel Arenal","Ecohotel","La Fortuna","Costa Rica","Ana","Gomez","ana.gomez@mail.com","60002997","Turista","Vacaciones","Sencilla","301","Convenio Empresa","Cancelada",NULL,NULL,NULL,NULL,NULL
881,"RES000881","2026-04-03 10:00:00","2026-06-14","2026-06-20",1,0,0,616.98,"Hotel Central San José","Urbano","San José","Costa Rica","Sofia","Ramirez","sofia.ramirez@mail.com","60006179","Familiar","Visita Familiar","Doble","121","Walk In","Cancelada",NULL,NULL,NULL,NULL,NULL
683,"RES000683","2025-04-04 10:00:00","2025-05-28","2025-06-03",2,0,0,698.34,"Ecohotel Arenal","Ecohotel","La Fortuna","Costa Rica","Ana","Gomez","ana.gomez@mail.com","60000397","Turista","Vacaciones","Doble","311","Agencia Mayorista","Cancelada",NULL,NULL,NULL,NULL,NULL
542,"RES000542","2026-04-21 10:00:00","2026-04-24","2026-04-27",1,0,0,328.83,"Resort Pacífico Jacó","Resort","Jacó","Costa Rica","Diego","Castro","diego.castro@mail.com","60007178","Turista","Vacaciones","Doble","216","Web Directa","Cancelada",NULL,NULL,NULL,NULL,NULL
622,"RES000622","2024-10-28 10:00:00","2025-01-19","2025-01-24",1,0,0,1130.00,"Resort Pacífico Jacó","Resort","Jacó","Costa Rica","Diego","Castro","diego.castro@mail.com","60005698","Turista","Vacaciones","Familiar","236","Walk In","Cancelada",NULL,NULL,NULL,NULL,NULL
821,"RES000821","2026-02-02 10:00:00","2026-02-14","2026-02-20",1,0,0,406.80,"Hotel Central San José","Urbano","San José","Costa Rica","Sofia","Ramirez","sofia.ramirez@mail.com","60001739","Familiar","Visita Familiar","Sencilla","106","Expedia","Cancelada",NULL,NULL,NULL,NULL,NULL
262,"RES000262","2026-04-01 10:00:00","2026-06-23","2026-06-28",1,0,0,909.65,"Resort Pacífico Jacó","Resort","Jacó","Costa Rica","Diego","Castro","diego.castro@mail.com","60001258","Turista","Vacaciones","Suite","226","Web Directa","Cancelada",NULL,NULL,NULL,NULL,NULL
362,"RES000362","2025-04-26 10:00:00","2025-04-29","2025-05-02",1,0,0,328.83,"Resort Pacífico Jacó","Resort","Jacó","Costa Rica","Diego","Castro","diego.castro@mail.com","60004958","Turista","Vacaciones","Doble","211","Call Center","Cancelada",NULL,NULL,NULL,NULL,NULL
204,"RES000204","2026-02-16 10:00:00","2026-03-13","2026-03-14",2,2,1,123.17,"Boutique Manuel Antonio","Boutique","Manuel Antonio","Costa Rica","Daniel","Sanchez","daniel.sanchez@mail.com","60008436","Familiar","Visita Familiar","Doble","411","Booking","NoShow",NULL,NULL,NULL,NULL,NULL
162,"RES000162","2025-09-23 10:00:00","2025-12-05","2025-12-06",1,2,0,66.11,"Resort Pacífico Jacó","Resort","Jacó","Costa Rica","Diego","Castro","diego.castro@mail.com","60008658","Turista","Vacaciones","Sencilla","201","Booking","Cancelada",NULL,NULL,NULL,NULL,NULL
122,"RES000122","2025-08-14 10:00:00","2025-09-16","2025-09-19",1,0,0,545.79,"Resort Pacífico Jacó","Resort","Jacó","Costa Rica","Diego","Castro","diego.castro@mail.com","60009398","Turista","Vacaciones","Suite","231","Web Directa","Cancelada",NULL,NULL,NULL,NULL,NULL
62,"RES000062","2025-03-17 10:00:00","2025-05-19","2025-05-22",1,0,0,328.83,"Resort Pacífico Jacó","Resort","Jacó","Costa Rica","Diego","Castro","diego.castro@mail.com","60004958","Turista","Vacaciones","Doble","216","Walk In","Cancelada",NULL,NULL,NULL,NULL,NULL
762,"RES000762","2025-09-13 10:00:00","2025-10-26","2025-10-27",1,2,0,181.93,"Resort Pacífico Jacó","Resort","Jacó","Costa Rica","Diego","Castro","diego.castro@mail.com","60008658","Turista","Vacaciones","Suite","231","Walk In","Cancelada",NULL,NULL,NULL,NULL,NULL
623,"RES000623","2024-11-05 10:00:00","2025-01-28","2025-02-03",2,0,0,1423.80,"Ecohotel Arenal","Ecohotel","La Fortuna","Costa Rica","Ana","Gomez","ana.gomez@mail.com","60005957","Turista","Vacaciones","Familiar","336","Convenio Empresa","Cancelada",NULL,NULL,NULL,NULL,NULL
363,"RES000363","2025-05-04 10:00:00","2025-05-08","2025-05-12",2,0,0,465.56,"Ecohotel Arenal","Ecohotel","La Fortuna","Costa Rica","Ana","Gomez","ana.gomez@mail.com","60005217","Turista","Vacaciones","Doble","311","Walk In","Cancelada",NULL,NULL,NULL,NULL,NULL
341,"RES000341","2024-12-29 10:00:00","2025-03-11","2025-03-17",1,0,0,406.80,"Hotel Central San José","Urbano","San José","Costa Rica","Sofia","Ramirez","sofia.ramirez@mail.com","60000619","Familiar","Visita Familiar","Sencilla","106","Call Center","Cancelada",NULL,NULL,NULL,NULL,NULL
604,"RES000604","2026-07-06 10:00:00","2026-09-09","2026-09-14",2,1,0,1000.05,"Boutique Manuel Antonio","Boutique","Manuel Antonio","Costa Rica","Daniel","Sanchez","daniel.sanchez@mail.com","60001036","Familiar","Visita Familiar","Suite","431","Expedia","NoShow",NULL,NULL,NULL,NULL,NULL
842,"RES000842","2026-03-02 10:00:00","2026-04-04","2026-04-07",1,0,0,328.83,"Resort Pacífico Jacó","Resort","Jacó","Costa Rica","Diego","Castro","diego.castro@mail.com","60007178","Turista","Vacaciones","Doble","211","Expedia","Cancelada",NULL,NULL,NULL,NULL,NULL
641,"RES000641","2025-02-07 10:00:00","2025-02-19","2025-02-25",1,0,0,406.80,"Hotel Central San José","Urbano","San José","Costa Rica","Sofia","Ramirez","sofia.ramirez@mail.com","60000619","Familiar","Visita Familiar","Sencilla","101","Agencia Mayorista","Cancelada",NULL,NULL,NULL,NULL,NULL
702,"RES000702","2025-04-16 10:00:00","2025-06-28","2025-06-29",1,2,0,98.65,"Resort Pacífico Jacó","Resort","Jacó","Costa Rica","Diego","Castro","diego.castro@mail.com","60004218","Turista","Vacaciones","Doble","216","Expedia","Cancelada",NULL,NULL,NULL,NULL,NULL
302,"RES000302","2026-08-09 10:00:00","2026-09-11","2026-09-14",1,0,0,678.00,"Resort Pacífico Jacó","Resort","Jacó","Costa Rica","Diego","Castro","diego.castro@mail.com","60000518","Turista","Vacaciones","Familiar","236","Booking","Cancelada",NULL,NULL,NULL,NULL,NULL
844,"RES000844","2026-03-18 10:00:00","2026-04-22","2026-04-27",2,1,0,615.85,"Boutique Manuel Antonio","Boutique","Manuel Antonio","Costa Rica","Daniel","Sanchez","daniel.sanchez@mail.com","60007696","Familiar","Visita Familiar","Doble","411","Agencia Mayorista","NoShow",NULL,NULL,NULL,NULL,NULL
721,"RES000721","2025-07-27 10:00:00","2025-07-29","2025-07-31",1,0,0,205.66,"Hotel Central San José","Urbano","San José","Costa Rica","Sofia","Ramirez","sofia.ramirez@mail.com","60009139","Familiar","Visita Familiar","Doble","121","Convenio Empresa","Cancelada",NULL,NULL,NULL,NULL,NULL
742,"RES000742","2025-08-24 10:00:00","2025-09-16","2025-09-21",1,0,0,909.65,"Resort Pacífico Jacó","Resort","Jacó","Costa Rica","Diego","Castro","diego.castro@mail.com","60003478","Turista","Vacaciones","Suite","226","Convenio Empresa","Cancelada",NULL,NULL,NULL,NULL,NULL
724,"RES000724","2025-08-20 10:00:00","2025-08-25","2025-08-30",2,1,0,615.85,"Boutique Manuel Antonio","Boutique","Manuel Antonio","Costa Rica","Daniel","Sanchez","daniel.sanchez@mail.com","60009916","Familiar","Visita Familiar","Doble","421","Web Directa","NoShow",NULL,NULL,NULL,NULL,NULL
764,"RES000764","2025-09-29 10:00:00","2025-11-13","2025-11-16",2,1,0,600.03,"Boutique Manuel Antonio","Boutique","Manuel Antonio","Costa Rica","Daniel","Sanchez","daniel.sanchez@mail.com","60009176","Familiar","Visita Familiar","Suite","431","Booking","NoShow",NULL,NULL,NULL,NULL,NULL
464,"RES000464","2025-11-18 10:00:00","2025-12-03","2025-12-06",2,1,0,745.80,"Boutique Manuel Antonio","Boutique","Manuel Antonio","Costa Rica","Daniel","Sanchez","daniel.sanchez@mail.com","60009176","Familiar","Visita Familiar","Familiar","436","Expedia","NoShow",NULL,NULL,NULL,NULL,NULL
703,"RES000703","2025-04-24 10:00:00","2025-07-07","2025-07-09",2,0,0,232.78,"Ecohotel Arenal","Ecohotel","La Fortuna","Costa Rica","Ana","Gomez","ana.gomez@mail.com","60004477","Turista","Vacaciones","Doble","316","Web Directa","Cancelada",NULL,NULL,NULL,NULL,NULL
761,"RES000761","2025-09-05 10:00:00","2025-10-17","2025-10-23",1,0,0,1037.34,"Hotel Central San José","Urbano","San José","Costa Rica","Sofia","Ramirez","sofia.ramirez@mail.com","60008399","Familiar","Visita Familiar","Suite","131","Call Center","Cancelada",NULL,NULL,NULL,NULL,NULL
224,"RES000224","2026-03-08 10:00:00","2026-04-22","2026-04-25",2,1,0,369.51,"Boutique Manuel Antonio","Boutique","Manuel Antonio","Costa Rica","Daniel","Sanchez","daniel.sanchez@mail.com","60002516","Familiar","Visita Familiar","Doble","416","Convenio Empresa","NoShow",NULL,NULL,NULL,NULL,NULL
203,"RES000203","2026-02-08 10:00:00","2026-03-04","2026-03-10",2,0,0,698.34,"Ecohotel Arenal","Ecohotel","La Fortuna","Costa Rica","Ana","Gomez","ana.gomez@mail.com","60008177","Turista","Vacaciones","Doble","311","Convenio Empresa","Cancelada",NULL,NULL,NULL,NULL,NULL
441,"RES000441","2025-07-07 10:00:00","2025-09-27","2025-10-01",1,0,0,622.40,"Hotel Central San José","Urbano","San José","Costa Rica","Sofia","Ramirez","sofia.ramirez@mail.com","60003219","Familiar","Visita Familiar","Suite","131","Convenio Empresa","Cancelada",NULL,NULL,NULL,NULL,NULL
81,"RES000081","2025-03-29 10:00:00","2025-06-19","2025-06-23",1,0,0,370.19,"Hotel Central San José","Urbano","San José","Costa Rica","Sofia","Ramirez","sofia.ramirez@mail.com","60009879","Familiar","Visita Familiar","Doble","121","Agencia Mayorista","Cancelada",NULL,NULL,NULL,NULL,NULL
521,"RES000521","2025-12-24 10:00:00","2026-03-06","2026-03-12",1,0,0,616.98,"Hotel Central San José","Urbano","San José","Costa Rica","Sofia","Ramirez","sofia.ramirez@mail.com","60001739","Familiar","Visita Familiar","Doble","111","Web Directa","Cancelada",NULL,NULL,NULL,NULL,NULL
502,"RES000502","2025-12-12 10:00:00","2026-02-03","2026-02-08",1,0,0,367.25,"Resort Pacífico Jacó","Resort","Jacó","Costa Rica","Diego","Castro","diego.castro@mail.com","60007918","Turista","Vacaciones","Sencilla","206","Call Center","Cancelada",NULL,NULL,NULL,NULL,NULL
42,"RES000042","2025-02-25 10:00:00","2025-04-09","2025-04-10",1,2,0,109.61,"Resort Pacífico Jacó","Resort","Jacó","Costa Rica","Diego","Castro","diego.castro@mail.com","60000878","Turista","Vacaciones","Doble","211","Convenio Empresa","Cancelada",NULL,NULL,NULL,NULL,NULL
481,"RES000481","2025-11-14 10:00:00","2025-12-16","2025-12-18",1,0,0,135.60,"Hotel Central San José","Urbano","San José","Costa Rica","Sofia","Ramirez","sofia.ramirez@mail.com","60002479","Familiar","Visita Familiar","Sencilla","101","Call Center","Cancelada",NULL,NULL,NULL,NULL,NULL
621,"RES000621","2024-10-20 10:00:00","2025-01-10","2025-01-14",1,0,0,772.92,"Hotel Central San José","Urbano","San José","Costa Rica","Sofia","Ramirez","sofia.ramirez@mail.com","60005439","Familiar","Visita Familiar","Familiar","136","Call Center","Cancelada",NULL,NULL,NULL,NULL,NULL
862,"RES000862","2026-03-22 10:00:00","2026-05-14","2026-05-19",1,0,0,548.05,"Resort Pacífico Jacó","Resort","Jacó","Costa Rica","Diego","Castro","diego.castro@mail.com","60001258","Turista","Vacaciones","Doble","216","Booking","Cancelada",NULL,NULL,NULL,NULL,NULL
84,"RES000084","2025-04-22 10:00:00","2025-07-16","2025-07-17",2,2,1,123.17,"Boutique Manuel Antonio","Boutique","Manuel Antonio","Costa Rica","Daniel","Sanchez","daniel.sanchez@mail.com","60000656","Familiar","Visita Familiar","Doble","421","Convenio Empresa","NoShow",NULL,NULL,NULL,NULL,NULL
501,"RES000501","2025-12-04 10:00:00","2026-01-25","2026-01-29",1,0,0,271.20,"Hotel Central San José","Urbano","San José","Costa Rica","Sofia","Ramirez","sofia.ramirez@mail.com","60007659","Familiar","Visita Familiar","Sencilla","106","Agencia Mayorista","Cancelada",NULL,NULL,NULL,NULL,NULL
463,"RES000463","2025-11-10 10:00:00","2025-11-24","2025-11-26",2,0,0,474.60,"Ecohotel Arenal","Ecohotel","La Fortuna","Costa Rica","Ana","Gomez","ana.gomez@mail.com","60008917","Turista","Vacaciones","Familiar","336","Booking","Cancelada",NULL,NULL,NULL,NULL,NULL
41,"RES000041","2025-02-17 10:00:00","2025-03-31","2025-04-06",1,0,0,616.98,"Hotel Central San José","Urbano","San José","Costa Rica","Sofia","Ramirez","sofia.ramirez@mail.com","60000619","Familiar","Visita Familiar","Doble","111","Walk In","Cancelada",NULL,NULL,NULL,NULL,NULL
141,"RES000141","2025-08-26 10:00:00","2025-10-17","2025-10-21",1,0,0,858.80,"Hotel Central San José","Urbano","San José","Costa Rica","Sofia","Ramirez","sofia.ramirez@mail.com","60003219","Familiar","Visita Familiar","Familiar","136","Booking","Cancelada",NULL,NULL,NULL,NULL,NULL
564,"RES000564","2026-05-27 10:00:00","2026-06-21","2026-06-22",2,2,1,123.17,"Boutique Manuel Antonio","Boutique","Manuel Antonio","Costa Rica","Daniel","Sanchez","daniel.sanchez@mail.com","60001776","Familiar","Visita Familiar","Doble","421","Agencia Mayorista","NoShow",NULL,NULL,NULL,NULL,NULL
402,"RES000402","2025-06-05 10:00:00","2025-07-18","2025-07-19",1,2,0,109.61,"Resort Pacífico Jacó","Resort","Jacó","Costa Rica","Diego","Castro","diego.castro@mail.com","60004218","Turista","Vacaciones","Doble","221","Web Directa","Cancelada",NULL,NULL,NULL,NULL,NULL
242,"RES000242","2026-03-12 10:00:00","2026-05-14","2026-05-17",1,0,0,328.83,"Resort Pacífico Jacó","Resort","Jacó","Costa Rica","Diego","Castro","diego.castro@mail.com","60007178","Turista","Vacaciones","Doble","221","Agencia Mayorista","Cancelada",NULL,NULL,NULL,NULL,NULL
342,"RES000342","2025-01-06 10:00:00","2025-03-20","2025-03-21",1,2,0,66.11,"Resort Pacífico Jacó","Resort","Jacó","Costa Rica","Diego","Castro","diego.castro@mail.com","60000878","Turista","Vacaciones","Sencilla","206","Walk In","Cancelada",NULL,NULL,NULL,NULL,NULL
663,"RES000663","2025-03-15 10:00:00","2025-04-18","2025-04-22",2,0,0,316.40,"Ecohotel Arenal","Ecohotel","La Fortuna","Costa Rica","Ana","Gomez","ana.gomez@mail.com","60005217","Turista","Vacaciones","Sencilla","306","Call Center","Cancelada",NULL,NULL,NULL,NULL,NULL
103,"RES000103","2025-08-02 10:00:00","2025-08-16","2025-08-18",2,0,0,381.94,"Ecohotel Arenal","Ecohotel","La Fortuna","Costa Rica","Ana","Gomez","ana.gomez@mail.com","60004477","Turista","Vacaciones","Suite","326","Call Center","Cancelada",NULL,NULL,NULL,NULL,NULL
323,"RES000323","2024-12-25 10:00:00","2025-02-17","2025-02-23",2,0,0,474.60,"Ecohotel Arenal","Ecohotel","La Fortuna","Costa Rica","Ana","Gomez","ana.gomez@mail.com","60005957","Turista","Vacaciones","Sencilla","301","Booking","Cancelada",NULL,NULL,NULL,NULL,NULL
322,"RES000322","2024-12-17 10:00:00","2025-02-08","2025-02-13",1,0,0,367.25,"Resort Pacífico Jacó","Resort","Jacó","Costa Rica","Diego","Castro","diego.castro@mail.com","60005698","Turista","Vacaciones","Sencilla","201","Convenio Empresa","Cancelada",NULL,NULL,NULL,NULL,NULL
4,"RES000004","2025-02-01 10:00:00","2025-02-06","2025-02-11",2,1,0,423.75,"Boutique Manuel Antonio","Boutique","Manuel Antonio","Costa Rica","Daniel","Sanchez","daniel.sanchez@mail.com","60001036","Familiar","Visita Familiar","Sencilla","401","Agencia Mayorista","NoShow",NULL,NULL,NULL,NULL,NULL
222,"RES000222","2026-02-20 10:00:00","2026-04-04","2026-04-05",1,2,0,109.61,"Resort Pacífico Jacó","Resort","Jacó","Costa Rica","Diego","Castro","diego.castro@mail.com","60001998","Turista","Vacaciones","Doble","216","Call Center","Cancelada",NULL,NULL,NULL,NULL,NULL
23,"RES000023","2025-02-13 10:00:00","2025-03-09","2025-03-15",2,0,0,474.60,"Ecohotel Arenal","Ecohotel","La Fortuna","Costa Rica","Ana","Gomez","ana.gomez@mail.com","60005957","Turista","Vacaciones","Sencilla","306","Expedia","Cancelada",NULL,NULL,NULL,NULL,NULL
583,"RES000583","2026-06-08 10:00:00","2026-07-22","2026-07-24",2,0,0,381.94,"Ecohotel Arenal","Ecohotel","La Fortuna","Costa Rica","Ana","Gomez","ana.gomez@mail.com","60006697","Turista","Vacaciones","Suite","326","Expedia","Cancelada",NULL,NULL,NULL,NULL,NULL
44,"RES000044","2025-03-13 10:00:00","2025-04-27","2025-04-30",2,1,0,369.51,"Boutique Manuel Antonio","Boutique","Manuel Antonio","Costa Rica","Daniel","Sanchez","daniel.sanchez@mail.com","60000296","Familiar","Visita Familiar","Doble","411","Expedia","NoShow",NULL,NULL,NULL,NULL,NULL
544,"RES000544","2026-05-07 10:00:00","2026-05-12","2026-05-17",2,1,0,615.85,"Boutique Manuel Antonio","Boutique","Manuel Antonio","Costa Rica","Daniel","Sanchez","daniel.sanchez@mail.com","60007696","Familiar","Visita Familiar","Doble","416","Call Center","NoShow",NULL,NULL,NULL,NULL,NULL
1,"RES000001","2025-01-08 10:00:00","2025-01-10","2025-01-12",1,0,0,135.60,"Hotel Central San José","Urbano","San José","Costa Rica","Sofia","Ramirez","sofia.ramirez@mail.com","60000259","Familiar","Visita Familiar","Sencilla","101","Booking","Cancelada",NULL,NULL,NULL,NULL,NULL
682,"RES000682","2025-03-27 10:00:00","2025-05-19","2025-05-24",1,0,0,548.05,"Resort Pacífico Jacó","Resort","Jacó","Costa Rica","Diego","Castro","diego.castro@mail.com","60000138","Turista","Vacaciones","Doble","211","Web Directa","Cancelada",NULL,NULL,NULL,NULL,NULL
562,"RES000562","2026-05-11 10:00:00","2026-06-03","2026-06-08",1,0,0,548.05,"Resort Pacífico Jacó","Resort","Jacó","Costa Rica","Diego","Castro","diego.castro@mail.com","60001258","Turista","Vacaciones","Doble","221","Expedia","Cancelada",NULL,NULL,NULL,NULL,NULL
364,"RES000364","2025-05-12 10:00:00","2025-05-17","2025-05-22",2,1,0,615.85,"Boutique Manuel Antonio","Boutique","Manuel Antonio","Costa Rica","Daniel","Sanchez","daniel.sanchez@mail.com","60005476","Familiar","Visita Familiar","Doble","411","Convenio Empresa","NoShow",NULL,NULL,NULL,NULL,NULL
22,"RES000022","2025-02-05 10:00:00","2025-02-28","2025-03-05",1,0,0,367.25,"Resort Pacífico Jacó","Resort","Jacó","Costa Rica","Diego","Castro","diego.castro@mail.com","60005698","Turista","Vacaciones","Sencilla","206","Booking","Cancelada",NULL,NULL,NULL,NULL,NULL
743,"RES000743","2025-09-01 10:00:00","2025-09-25","2025-10-01",2,0,0,1145.82,"Ecohotel Arenal","Ecohotel","La Fortuna","Costa Rica","Ana","Gomez","ana.gomez@mail.com","60003737","Turista","Vacaciones","Suite","326","Booking","Cancelada",NULL,NULL,NULL,NULL,NULL
422,"RES000422","2025-06-25 10:00:00","2025-08-27","2025-08-30",1,0,0,545.79,"Resort Pacífico Jacó","Resort","Jacó","Costa Rica","Diego","Castro","diego.castro@mail.com","60009398","Turista","Vacaciones","Suite","226","Expedia","Cancelada",NULL,NULL,NULL,NULL,NULL
124,"RES000124","2025-08-30 10:00:00","2025-10-04","2025-10-09",2,1,0,1000.05,"Boutique Manuel Antonio","Boutique","Manuel Antonio","Costa Rica","Daniel","Sanchez","daniel.sanchez@mail.com","60009916","Familiar","Visita Familiar","Suite","431","Call Center","NoShow",NULL,NULL,NULL,NULL,NULL
561,"RES000561","2026-05-03 10:00:00","2026-05-25","2026-05-29",1,0,0,411.32,"Hotel Central San José","Urbano","San José","Costa Rica","Sofia","Ramirez","sofia.ramirez@mail.com","60000999","Familiar","Visita Familiar","Doble","121","Booking","Cancelada",NULL,NULL,NULL,NULL,NULL
43,"RES000043","2025-03-05 10:00:00","2025-04-18","2025-04-20",2,0,0,232.78,"Ecohotel Arenal","Ecohotel","La Fortuna","Costa Rica","Ana","Gomez","ana.gomez@mail.com","60000037","Turista","Vacaciones","Doble","311","Booking","Cancelada",NULL,NULL,NULL,NULL,NULL
482,"RES000482","2025-11-22 10:00:00","2025-12-25","2025-12-28",1,0,0,220.35,"Resort Pacífico Jacó","Resort","Jacó","Costa Rica","Diego","Castro","diego.castro@mail.com","60002738","Turista","Vacaciones","Sencilla","201","Walk In","Cancelada",NULL,NULL,NULL,NULL,NULL
864,"RES000864","2026-04-07 10:00:00","2026-06-01","2026-06-02",2,2,1,110.85,"Boutique Manuel Antonio","Boutique","Manuel Antonio","Costa Rica","Daniel","Sanchez","daniel.sanchez@mail.com","60001776","Familiar","Visita Familiar","Doble","416","Web Directa","NoShow",NULL,NULL,NULL,NULL,NULL
522,"RES000522","2026-01-01 10:00:00","2026-03-15","2026-03-16",1,2,0,98.65,"Resort Pacífico Jacó","Resort","Jacó","Costa Rica","Diego","Castro","diego.castro@mail.com","60001998","Turista","Vacaciones","Doble","211","Agencia Mayorista","Cancelada",NULL,NULL,NULL,NULL,NULL
423,"RES000423","2025-07-03 10:00:00","2025-09-05","2025-09-09",2,0,0,687.49,"Ecohotel Arenal","Ecohotel","La Fortuna","Costa Rica","Ana","Gomez","ana.gomez@mail.com","60009657","Turista","Vacaciones","Suite","326","Web Directa","Cancelada",NULL,NULL,NULL,NULL,NULL
3,"RES000003","2025-01-24 10:00:00","2025-01-28","2025-02-01",2,0,0,316.40,"Ecohotel Arenal","Ecohotel","La Fortuna","Costa Rica","Ana","Gomez","ana.gomez@mail.com","60000777","Turista","Vacaciones","Sencilla","301","Web Directa","Cancelada",NULL,NULL,NULL,NULL,NULL
201,"RES000201","2026-01-23 10:00:00","2026-02-14","2026-02-18",1,0,0,411.32,"Hotel Central San José","Urbano","San José","Costa Rica","Sofia","Ramirez","sofia.ramirez@mail.com","60007659","Familiar","Visita Familiar","Doble","111","Call Center","Cancelada",NULL,NULL,NULL,NULL,NULL
61,"RES000061","2025-03-09 10:00:00","2025-05-10","2025-05-12",1,0,0,205.66,"Hotel Central San José","Urbano","San José","Costa Rica","Sofia","Ramirez","sofia.ramirez@mail.com","60004699","Familiar","Visita Familiar","Doble","116","Call Center","Cancelada",NULL,NULL,NULL,NULL,NULL
884,"RES000884","2026-04-27 10:00:00","2026-07-11","2026-07-14",2,1,0,369.51,"Boutique Manuel Antonio","Boutique","Manuel Antonio","Costa Rica","Daniel","Sanchez","daniel.sanchez@mail.com","60006956","Familiar","Visita Familiar","Doble","421","Expedia","NoShow",NULL,NULL,NULL,NULL,NULL
344,"RES000344","2025-01-22 10:00:00","2025-04-07","2025-04-10",2,1,0,254.25,"Boutique Manuel Antonio","Boutique","Manuel Antonio","Costa Rica","Daniel","Sanchez","daniel.sanchez@mail.com","60000296","Familiar","Visita Familiar","Sencilla","406","Booking","NoShow",NULL,NULL,NULL,NULL,NULL
824,"RES000824","2026-02-26 10:00:00","2026-03-13","2026-03-16",2,1,0,254.25,"Boutique Manuel Antonio","Boutique","Manuel Antonio","Costa Rica","Daniel","Sanchez","daniel.sanchez@mail.com","60002516","Familiar","Visita Familiar","Sencilla","406","Call Center","NoShow",NULL,NULL,NULL,NULL,NULL
121,"RES000121","2025-08-06 10:00:00","2025-09-07","2025-09-09",1,0,0,345.78,"Hotel Central San José","Urbano","San José","Costa Rica","Sofia","Ramirez","sofia.ramirez@mail.com","60009139","Familiar","Visita Familiar","Suite","131","Expedia","Cancelada",NULL,NULL,NULL,NULL,NULL
161,"RES000161","2025-09-15 10:00:00","2025-11-26","2025-12-02",1,0,0,406.80,"Hotel Central San José","Urbano","San José","Costa Rica","Sofia","Ramirez","sofia.ramirez@mail.com","60008399","Familiar","Visita Familiar","Sencilla","101","Convenio Empresa","Cancelada",NULL,NULL,NULL,NULL,NULL
584,"RES000584","2026-06-16 10:00:00","2026-07-31","2026-08-03",2,1,0,600.03,"Boutique Manuel Antonio","Boutique","Manuel Antonio","Costa Rica","Daniel","Sanchez","daniel.sanchez@mail.com","60006956","Familiar","Visita Familiar","Suite","426","Web Directa","NoShow",NULL,NULL,NULL,NULL,NULL
602,"RES000602","2026-06-20 10:00:00","2026-08-22","2026-08-25",1,0,0,545.79,"Resort Pacífico Jacó","Resort","Jacó","Costa Rica","Diego","Castro","diego.castro@mail.com","60000518","Turista","Vacaciones","Suite","231","Convenio Empresa","Cancelada",NULL,NULL,NULL,NULL,NULL
503,"RES000503","2025-12-20 10:00:00","2026-02-12","2026-02-18",2,0,0,474.60,"Ecohotel Arenal","Ecohotel","La Fortuna","Costa Rica","Ana","Gomez","ana.gomez@mail.com","60008177","Turista","Vacaciones","Sencilla","306","Walk In","Cancelada",NULL,NULL,NULL,NULL,NULL
784,"RES000784","2025-10-19 10:00:00","2025-12-23","2025-12-28",2,1,0,1243.00,"Boutique Manuel Antonio","Boutique","Manuel Antonio","Costa Rica","Daniel","Sanchez","daniel.sanchez@mail.com","60003256","Familiar","Visita Familiar","Familiar","436","Convenio Empresa","NoShow",NULL,NULL,NULL,NULL,NULL
783,"RES000783","2025-10-11 10:00:00","2025-12-14","2025-12-18",2,0,0,854.28,"Ecohotel Arenal","Ecohotel","La Fortuna","Costa Rica","Ana","Gomez","ana.gomez@mail.com","60002997","Turista","Vacaciones","Familiar","336","Walk In","Cancelada",NULL,NULL,NULL,NULL,NULL
63,"RES000063","2025-03-25 10:00:00","2025-05-28","2025-06-01",2,0,0,419.00,"Ecohotel Arenal","Ecohotel","La Fortuna","Costa Rica","Ana","Gomez","ana.gomez@mail.com","60005217","Turista","Vacaciones","Doble","316","Convenio Empresa","Cancelada",NULL,NULL,NULL,NULL,NULL
183,"RES000183","2026-01-19 10:00:00","2026-01-23","2026-01-27",2,0,0,316.40,"Ecohotel Arenal","Ecohotel","La Fortuna","Costa Rica","Ana","Gomez","ana.gomez@mail.com","60002997","Turista","Vacaciones","Sencilla","306","Booking","Cancelada",NULL,NULL,NULL,NULL,NULL
223,"RES000223","2026-02-28 10:00:00","2026-04-13","2026-04-15",2,0,0,232.78,"Ecohotel Arenal","Ecohotel","La Fortuna","Costa Rica","Ana","Gomez","ana.gomez@mail.com","60002257","Turista","Vacaciones","Doble","316","Walk In","Cancelada",NULL,NULL,NULL,NULL,NULL
283,"RES000283","2026-07-28 10:00:00","2026-08-11","2026-08-13",2,0,0,381.94,"Ecohotel Arenal","Ecohotel","La Fortuna","Costa Rica","Ana","Gomez","ana.gomez@mail.com","60006697","Turista","Vacaciones","Suite","331","Web Directa","Cancelada",NULL,NULL,NULL,NULL,NULL
383,"RES000383","2025-05-24 10:00:00","2025-06-17","2025-06-23",2,0,0,698.34,"Ecohotel Arenal","Ecohotel","La Fortuna","Costa Rica","Ana","Gomez","ana.gomez@mail.com","60000397","Turista","Vacaciones","Doble","316","Call Center","Cancelada",NULL,NULL,NULL,NULL,NULL
263,"RES000263","2026-04-09 10:00:00","2026-07-02","2026-07-08",2,0,0,1145.82,"Ecohotel Arenal","Ecohotel","La Fortuna","Costa Rica","Ana","Gomez","ana.gomez@mail.com","60001517","Turista","Vacaciones","Suite","326","Agencia Mayorista","Cancelada",NULL,NULL,NULL,NULL,NULL
144,"RES000144","2025-09-19 10:00:00","2025-11-13","2025-11-14",2,2,1,223.74,"Boutique Manuel Antonio","Boutique","Manuel Antonio","Costa Rica","Daniel","Sanchez","daniel.sanchez@mail.com","60003996","Familiar","Visita Familiar","Familiar","436","Agencia Mayorista","NoShow",NULL,NULL,NULL,NULL,NULL
